"id","question_id","domain","family","provider","donor","repeat_id","condition","baseline_id","donor_id","phase","mechanism_selected","order"
"two_math:CHAMP:P_Sequence_19:deepseek:r2:neutral_initial","CHAMP:P_Sequence_19","math","Sequence","deepseek","",2,"neutral_initial","","",1,FALSE,1
"two_math:CHAMP:P_Combinatorics_38:minimax:r2:neutral_initial","CHAMP:P_Combinatorics_38","math","Combinatorics","minimax","",2,"neutral_initial","","",1,FALSE,2
"two_math:CHAMP:P_Sequence_11:minimax:r2:neutral_initial","CHAMP:P_Sequence_11","math","Sequence","minimax","",2,"neutral_initial","","",1,FALSE,3
"two_math:CHAMP:P_Number-Theory_17:minimax:r2:neutral_initial","CHAMP:P_Number-Theory_17","math","Number-Theory","minimax","",2,"neutral_initial","","",1,FALSE,4
"two_math:CHAMP:P_Sequence_40:deepseek:r1:neutral_initial","CHAMP:P_Sequence_40","math","Sequence","deepseek","",1,"neutral_initial","","",1,FALSE,5
"two_math:CHAMP:P_Polynomial_1:minimax:r1:neutral_initial","CHAMP:P_Polynomial_1","math","Polynomial","minimax","",1,"neutral_initial","","",1,FALSE,6
"two_math:CHAMP:P_Sequence_11:deepseek:r2:neutral_initial","CHAMP:P_Sequence_11","math","Sequence","deepseek","",2,"neutral_initial","","",1,FALSE,7
"two_math:CHAMP:P_Polynomial_47:deepseek:r2:neutral_initial","CHAMP:P_Polynomial_47","math","Polynomial","deepseek","",2,"neutral_initial","","",1,TRUE,8
"two_math:CHAMP:P_Inequality_4:minimax:r2:neutral_initial","CHAMP:P_Inequality_4","math","Inequality","minimax","",2,"neutral_initial","","",1,FALSE,9
"two_math:CHAMP:P_Polynomial_11:deepseek:r1:neutral_initial","CHAMP:P_Polynomial_11","math","Polynomial","deepseek","",1,"neutral_initial","","",1,FALSE,10
"two_math:CHAMP:P_Combinatorics_20:minimax:r2:neutral_initial","CHAMP:P_Combinatorics_20","math","Combinatorics","minimax","",2,"neutral_initial","","",1,FALSE,11
"two_math:CHAMP:P_Combinatorics_21:deepseek:r1:neutral_initial","CHAMP:P_Combinatorics_21","math","Combinatorics","deepseek","",1,"neutral_initial","","",1,FALSE,12
"two_math:CHAMP:P_Inequality_24:deepseek:r2:neutral_initial","CHAMP:P_Inequality_24","math","Inequality","deepseek","",2,"neutral_initial","","",1,TRUE,13
"two_math:CHAMP:P_Polynomial_47:minimax:r1:neutral_initial","CHAMP:P_Polynomial_47","math","Polynomial","minimax","",1,"neutral_initial","","",1,TRUE,14
"two_math:CHAMP:P_Number-Theory_17:minimax:r1:neutral_initial","CHAMP:P_Number-Theory_17","math","Number-Theory","minimax","",1,"neutral_initial","","",1,FALSE,15
"two_math:CHAMP:P_Polynomial_50:deepseek:r2:neutral_initial","CHAMP:P_Polynomial_50","math","Polynomial","deepseek","",2,"neutral_initial","","",1,FALSE,16
"two_math:CHAMP:P_Number-Theory_27:minimax:r1:neutral_initial","CHAMP:P_Number-Theory_27","math","Number-Theory","minimax","",1,"neutral_initial","","",1,TRUE,17
"two_math:CHAMP:P_Inequality_15:deepseek:r2:neutral_initial","CHAMP:P_Inequality_15","math","Inequality","deepseek","",2,"neutral_initial","","",1,TRUE,18
"two_math:CHAMP:P_Polynomial_1:deepseek:r1:neutral_initial","CHAMP:P_Polynomial_1","math","Polynomial","deepseek","",1,"neutral_initial","","",1,FALSE,19
"two_math:CHAMP:P_Sequence_21:deepseek:r2:neutral_initial","CHAMP:P_Sequence_21","math","Sequence","deepseek","",2,"neutral_initial","","",1,FALSE,20
"two_math:CHAMP:P_Polynomial_23:minimax:r2:neutral_initial","CHAMP:P_Polynomial_23","math","Polynomial","minimax","",2,"neutral_initial","","",1,TRUE,21
"two_math:CHAMP:P_Combinatorics_5:minimax:r1:neutral_initial","CHAMP:P_Combinatorics_5","math","Combinatorics","minimax","",1,"neutral_initial","","",1,TRUE,22
"two_math:CHAMP:P_Combinatorics_20:deepseek:r1:neutral_initial","CHAMP:P_Combinatorics_20","math","Combinatorics","deepseek","",1,"neutral_initial","","",1,FALSE,23
"two_math:CHAMP:P_Inequality_13:deepseek:r1:neutral_initial","CHAMP:P_Inequality_13","math","Inequality","deepseek","",1,"neutral_initial","","",1,TRUE,24
"two_math:CHAMP:P_Sequence_11:deepseek:r1:neutral_initial","CHAMP:P_Sequence_11","math","Sequence","deepseek","",1,"neutral_initial","","",1,FALSE,25
"two_math:CHAMP:P_Inequality_8:minimax:r1:neutral_initial","CHAMP:P_Inequality_8","math","Inequality","minimax","",1,"neutral_initial","","",1,FALSE,26
"two_math:CHAMP:P_Inequality_13:minimax:r2:neutral_initial","CHAMP:P_Inequality_13","math","Inequality","minimax","",2,"neutral_initial","","",1,TRUE,27
"two_math:CHAMP:P_Sequence_40:minimax:r1:neutral_initial","CHAMP:P_Sequence_40","math","Sequence","minimax","",1,"neutral_initial","","",1,FALSE,28
"two_math:CHAMP:P_Sequence_42:minimax:r1:neutral_initial","CHAMP:P_Sequence_42","math","Sequence","minimax","",1,"neutral_initial","","",1,TRUE,29
"two_math:CHAMP:P_Combinatorics_31:minimax:r1:neutral_initial","CHAMP:P_Combinatorics_31","math","Combinatorics","minimax","",1,"neutral_initial","","",1,FALSE,30
"two_math:CHAMP:P_Number-Theory_13:deepseek:r1:neutral_initial","CHAMP:P_Number-Theory_13","math","Number-Theory","deepseek","",1,"neutral_initial","","",1,FALSE,31
"two_math:CHAMP:P_Number-Theory_32:deepseek:r1:neutral_initial","CHAMP:P_Number-Theory_32","math","Number-Theory","deepseek","",1,"neutral_initial","","",1,FALSE,32
"two_math:CHAMP:P_Combinatorics_40:minimax:r1:neutral_initial","CHAMP:P_Combinatorics_40","math","Combinatorics","minimax","",1,"neutral_initial","","",1,FALSE,33
"two_math:CHAMP:P_Polynomial_32:deepseek:r1:neutral_initial","CHAMP:P_Polynomial_32","math","Polynomial","deepseek","",1,"neutral_initial","","",1,FALSE,34
"two_math:CHAMP:P_Polynomial_24:deepseek:r2:neutral_initial","CHAMP:P_Polynomial_24","math","Polynomial","deepseek","",2,"neutral_initial","","",1,FALSE,35
"two_math:CHAMP:P_Polynomial_47:deepseek:r1:neutral_initial","CHAMP:P_Polynomial_47","math","Polynomial","deepseek","",1,"neutral_initial","","",1,TRUE,36
"two_math:CHAMP:P_Combinatorics_30:deepseek:r1:neutral_initial","CHAMP:P_Combinatorics_30","math","Combinatorics","deepseek","",1,"neutral_initial","","",1,TRUE,37
"two_math:CHAMP:P_Inequality_8:deepseek:r1:neutral_initial","CHAMP:P_Inequality_8","math","Inequality","deepseek","",1,"neutral_initial","","",1,FALSE,38
"two_math:CHAMP:P_Inequality_24:minimax:r1:neutral_initial","CHAMP:P_Inequality_24","math","Inequality","minimax","",1,"neutral_initial","","",1,TRUE,39
"two_math:CHAMP:P_Combinatorics_30:minimax:r2:neutral_initial","CHAMP:P_Combinatorics_30","math","Combinatorics","minimax","",2,"neutral_initial","","",1,TRUE,40
"two_math:CHAMP:P_Inequality_15:minimax:r2:neutral_initial","CHAMP:P_Inequality_15","math","Inequality","minimax","",2,"neutral_initial","","",1,TRUE,41
"two_math:CHAMP:P_Combinatorics_40:minimax:r2:neutral_initial","CHAMP:P_Combinatorics_40","math","Combinatorics","minimax","",2,"neutral_initial","","",1,FALSE,42
"two_math:CHAMP:P_Combinatorics_18:minimax:r2:neutral_initial","CHAMP:P_Combinatorics_18","math","Combinatorics","minimax","",2,"neutral_initial","","",1,TRUE,43
"two_math:CHAMP:P_Combinatorics_31:deepseek:r1:neutral_initial","CHAMP:P_Combinatorics_31","math","Combinatorics","deepseek","",1,"neutral_initial","","",1,FALSE,44
"two_math:CHAMP:P_Inequality_4:minimax:r1:neutral_initial","CHAMP:P_Inequality_4","math","Inequality","minimax","",1,"neutral_initial","","",1,FALSE,45
"two_math:CHAMP:P_Combinatorics_21:minimax:r1:neutral_initial","CHAMP:P_Combinatorics_21","math","Combinatorics","minimax","",1,"neutral_initial","","",1,FALSE,46
"two_math:CHAMP:P_Inequality_24:deepseek:r1:neutral_initial","CHAMP:P_Inequality_24","math","Inequality","deepseek","",1,"neutral_initial","","",1,TRUE,47
"two_math:CHAMP:P_Inequality_4:deepseek:r2:neutral_initial","CHAMP:P_Inequality_4","math","Inequality","deepseek","",2,"neutral_initial","","",1,FALSE,48
"two_math:CHAMP:P_Inequality_15:deepseek:r1:neutral_initial","CHAMP:P_Inequality_15","math","Inequality","deepseek","",1,"neutral_initial","","",1,TRUE,49
"two_math:CHAMP:P_Polynomial_11:minimax:r1:neutral_initial","CHAMP:P_Polynomial_11","math","Polynomial","minimax","",1,"neutral_initial","","",1,FALSE,50
"two_math:CHAMP:P_Number-Theory_27:deepseek:r1:neutral_initial","CHAMP:P_Number-Theory_27","math","Number-Theory","deepseek","",1,"neutral_initial","","",1,TRUE,51
"two_math:CHAMP:P_Polynomial_40:deepseek:r2:neutral_initial","CHAMP:P_Polynomial_40","math","Polynomial","deepseek","",2,"neutral_initial","","",1,TRUE,52
"two_math:CHAMP:P_Number-Theory_67:deepseek:r1:neutral_initial","CHAMP:P_Number-Theory_67","math","Number-Theory","deepseek","",1,"neutral_initial","","",1,TRUE,53
"two_math:CHAMP:P_Combinatorics_5:deepseek:r1:neutral_initial","CHAMP:P_Combinatorics_5","math","Combinatorics","deepseek","",1,"neutral_initial","","",1,TRUE,54
"two_math:CHAMP:P_Combinatorics_18:deepseek:r2:neutral_initial","CHAMP:P_Combinatorics_18","math","Combinatorics","deepseek","",2,"neutral_initial","","",1,TRUE,55
"two_math:CHAMP:P_Sequence_19:minimax:r2:neutral_initial","CHAMP:P_Sequence_19","math","Sequence","minimax","",2,"neutral_initial","","",1,FALSE,56
"two_math:CHAMP:P_Number-Theory_27:minimax:r2:neutral_initial","CHAMP:P_Number-Theory_27","math","Number-Theory","minimax","",2,"neutral_initial","","",1,TRUE,57
"two_math:CHAMP:P_Number-Theory_32:minimax:r1:neutral_initial","CHAMP:P_Number-Theory_32","math","Number-Theory","minimax","",1,"neutral_initial","","",1,FALSE,58
"two_math:CHAMP:P_Number-Theory_32:minimax:r2:neutral_initial","CHAMP:P_Number-Theory_32","math","Number-Theory","minimax","",2,"neutral_initial","","",1,FALSE,59
"two_math:CHAMP:P_Inequality_26:deepseek:r1:neutral_initial","CHAMP:P_Inequality_26","math","Inequality","deepseek","",1,"neutral_initial","","",1,FALSE,60
"two_math:CHAMP:P_Polynomial_1:deepseek:r2:neutral_initial","CHAMP:P_Polynomial_1","math","Polynomial","deepseek","",2,"neutral_initial","","",1,FALSE,61
"two_math:CHAMP:P_Combinatorics_5:deepseek:r2:neutral_initial","CHAMP:P_Combinatorics_5","math","Combinatorics","deepseek","",2,"neutral_initial","","",1,TRUE,62
"two_math:CHAMP:P_Inequality_13:minimax:r1:neutral_initial","CHAMP:P_Inequality_13","math","Inequality","minimax","",1,"neutral_initial","","",1,TRUE,63
"two_math:CHAMP:P_Polynomial_17:minimax:r2:neutral_initial","CHAMP:P_Polynomial_17","math","Polynomial","minimax","",2,"neutral_initial","","",1,FALSE,64
"two_math:CHAMP:P_Sequence_19:minimax:r1:neutral_initial","CHAMP:P_Sequence_19","math","Sequence","minimax","",1,"neutral_initial","","",1,FALSE,65
"two_math:CHAMP:P_Inequality_26:minimax:r2:neutral_initial","CHAMP:P_Inequality_26","math","Inequality","minimax","",2,"neutral_initial","","",1,FALSE,66
"two_math:CHAMP:P_Sequence_20:deepseek:r1:neutral_initial","CHAMP:P_Sequence_20","math","Sequence","deepseek","",1,"neutral_initial","","",1,TRUE,67
"two_math:CHAMP:P_Number-Theory_12:minimax:r1:neutral_initial","CHAMP:P_Number-Theory_12","math","Number-Theory","minimax","",1,"neutral_initial","","",1,FALSE,68
"two_math:CHAMP:P_Combinatorics_18:deepseek:r1:neutral_initial","CHAMP:P_Combinatorics_18","math","Combinatorics","deepseek","",1,"neutral_initial","","",1,TRUE,69
"two_math:CHAMP:P_Number-Theory_13:minimax:r2:neutral_initial","CHAMP:P_Number-Theory_13","math","Number-Theory","minimax","",2,"neutral_initial","","",1,FALSE,70
"two_math:CHAMP:P_Polynomial_32:deepseek:r2:neutral_initial","CHAMP:P_Polynomial_32","math","Polynomial","deepseek","",2,"neutral_initial","","",1,FALSE,71
"two_math:CHAMP:P_Number-Theory_12:deepseek:r2:neutral_initial","CHAMP:P_Number-Theory_12","math","Number-Theory","deepseek","",2,"neutral_initial","","",1,FALSE,72
"two_math:CHAMP:P_Inequality_15:minimax:r1:neutral_initial","CHAMP:P_Inequality_15","math","Inequality","minimax","",1,"neutral_initial","","",1,TRUE,73
"two_math:CHAMP:P_Inequality_49:deepseek:r1:neutral_initial","CHAMP:P_Inequality_49","math","Inequality","deepseek","",1,"neutral_initial","","",1,FALSE,74
"two_math:CHAMP:P_Number-Theory_24:minimax:r1:neutral_initial","CHAMP:P_Number-Theory_24","math","Number-Theory","minimax","",1,"neutral_initial","","",1,TRUE,75
"two_math:CHAMP:P_Number-Theory_13:deepseek:r2:neutral_initial","CHAMP:P_Number-Theory_13","math","Number-Theory","deepseek","",2,"neutral_initial","","",1,FALSE,76
"two_math:CHAMP:P_Number-Theory_67:minimax:r1:neutral_initial","CHAMP:P_Number-Theory_67","math","Number-Theory","minimax","",1,"neutral_initial","","",1,TRUE,77
"two_math:CHAMP:P_Number-Theory_17:deepseek:r1:neutral_initial","CHAMP:P_Number-Theory_17","math","Number-Theory","deepseek","",1,"neutral_initial","","",1,FALSE,78
"two_math:CHAMP:P_Sequence_42:minimax:r2:neutral_initial","CHAMP:P_Sequence_42","math","Sequence","minimax","",2,"neutral_initial","","",1,TRUE,79
"two_math:CHAMP:P_Polynomial_50:deepseek:r1:neutral_initial","CHAMP:P_Polynomial_50","math","Polynomial","deepseek","",1,"neutral_initial","","",1,FALSE,80
"two_math:CHAMP:P_Number-Theory_42:deepseek:r1:neutral_initial","CHAMP:P_Number-Theory_42","math","Number-Theory","deepseek","",1,"neutral_initial","","",1,FALSE,81
"two_math:CHAMP:P_Number-Theory_71:deepseek:r1:neutral_initial","CHAMP:P_Number-Theory_71","math","Number-Theory","deepseek","",1,"neutral_initial","","",1,FALSE,82
"two_math:CHAMP:P_Inequality_8:minimax:r2:neutral_initial","CHAMP:P_Inequality_8","math","Inequality","minimax","",2,"neutral_initial","","",1,FALSE,83
"two_math:CHAMP:P_Sequence_42:deepseek:r1:neutral_initial","CHAMP:P_Sequence_42","math","Sequence","deepseek","",1,"neutral_initial","","",1,TRUE,84
"two_math:CHAMP:P_Sequence_40:minimax:r2:neutral_initial","CHAMP:P_Sequence_40","math","Sequence","minimax","",2,"neutral_initial","","",1,FALSE,85
"two_math:CHAMP:P_Polynomial_23:deepseek:r1:neutral_initial","CHAMP:P_Polynomial_23","math","Polynomial","deepseek","",1,"neutral_initial","","",1,TRUE,86
"two_math:CHAMP:P_Number-Theory_13:minimax:r1:neutral_initial","CHAMP:P_Number-Theory_13","math","Number-Theory","minimax","",1,"neutral_initial","","",1,FALSE,87
"two_math:CHAMP:P_Sequence_20:deepseek:r2:neutral_initial","CHAMP:P_Sequence_20","math","Sequence","deepseek","",2,"neutral_initial","","",1,TRUE,88
"two_math:CHAMP:P_Combinatorics_30:deepseek:r2:neutral_initial","CHAMP:P_Combinatorics_30","math","Combinatorics","deepseek","",2,"neutral_initial","","",1,TRUE,89
"two_math:CHAMP:P_Number-Theory_71:minimax:r2:neutral_initial","CHAMP:P_Number-Theory_71","math","Number-Theory","minimax","",2,"neutral_initial","","",1,FALSE,90
"two_math:CHAMP:P_Number-Theory_71:deepseek:r2:neutral_initial","CHAMP:P_Number-Theory_71","math","Number-Theory","deepseek","",2,"neutral_initial","","",1,FALSE,91
"two_math:CHAMP:P_Polynomial_1:minimax:r2:neutral_initial","CHAMP:P_Polynomial_1","math","Polynomial","minimax","",2,"neutral_initial","","",1,FALSE,92
"two_math:CHAMP:P_Number-Theory_71:minimax:r1:neutral_initial","CHAMP:P_Number-Theory_71","math","Number-Theory","minimax","",1,"neutral_initial","","",1,FALSE,93
"two_math:CHAMP:P_Combinatorics_31:deepseek:r2:neutral_initial","CHAMP:P_Combinatorics_31","math","Combinatorics","deepseek","",2,"neutral_initial","","",1,FALSE,94
"two_math:CHAMP:P_Number-Theory_12:minimax:r2:neutral_initial","CHAMP:P_Number-Theory_12","math","Number-Theory","minimax","",2,"neutral_initial","","",1,FALSE,95
"two_math:CHAMP:P_Polynomial_11:minimax:r2:neutral_initial","CHAMP:P_Polynomial_11","math","Polynomial","minimax","",2,"neutral_initial","","",1,FALSE,96
"two_math:CHAMP:P_Combinatorics_30:minimax:r1:neutral_initial","CHAMP:P_Combinatorics_30","math","Combinatorics","minimax","",1,"neutral_initial","","",1,TRUE,97
"two_math:CHAMP:P_Inequality_13:deepseek:r2:neutral_initial","CHAMP:P_Inequality_13","math","Inequality","deepseek","",2,"neutral_initial","","",1,TRUE,98
"two_math:CHAMP:P_Inequality_8:deepseek:r2:neutral_initial","CHAMP:P_Inequality_8","math","Inequality","deepseek","",2,"neutral_initial","","",1,FALSE,99
"two_math:CHAMP:P_Polynomial_17:deepseek:r2:neutral_initial","CHAMP:P_Polynomial_17","math","Polynomial","deepseek","",2,"neutral_initial","","",1,FALSE,100
"two_math:CHAMP:P_Number-Theory_24:deepseek:r2:neutral_initial","CHAMP:P_Number-Theory_24","math","Number-Theory","deepseek","",2,"neutral_initial","","",1,TRUE,101
"two_math:CHAMP:P_Number-Theory_24:minimax:r2:neutral_initial","CHAMP:P_Number-Theory_24","math","Number-Theory","minimax","",2,"neutral_initial","","",1,TRUE,102
"two_math:CHAMP:P_Combinatorics_7:deepseek:r1:neutral_initial","CHAMP:P_Combinatorics_7","math","Combinatorics","deepseek","",1,"neutral_initial","","",1,FALSE,103
"two_math:CHAMP:P_Sequence_11:minimax:r1:neutral_initial","CHAMP:P_Sequence_11","math","Sequence","minimax","",1,"neutral_initial","","",1,FALSE,104
"two_math:CHAMP:P_Number-Theory_24:deepseek:r1:neutral_initial","CHAMP:P_Number-Theory_24","math","Number-Theory","deepseek","",1,"neutral_initial","","",1,TRUE,105
"two_math:CHAMP:P_Polynomial_32:minimax:r2:neutral_initial","CHAMP:P_Polynomial_32","math","Polynomial","minimax","",2,"neutral_initial","","",1,FALSE,106
"two_math:CHAMP:P_Combinatorics_40:deepseek:r1:neutral_initial","CHAMP:P_Combinatorics_40","math","Combinatorics","deepseek","",1,"neutral_initial","","",1,FALSE,107
"two_math:CHAMP:P_Polynomial_24:deepseek:r1:neutral_initial","CHAMP:P_Polynomial_24","math","Polynomial","deepseek","",1,"neutral_initial","","",1,FALSE,108
"two_math:CHAMP:P_Inequality_49:minimax:r2:neutral_initial","CHAMP:P_Inequality_49","math","Inequality","minimax","",2,"neutral_initial","","",1,FALSE,109
"two_math:CHAMP:P_Polynomial_40:minimax:r1:neutral_initial","CHAMP:P_Polynomial_40","math","Polynomial","minimax","",1,"neutral_initial","","",1,TRUE,110
"two_math:CHAMP:P_Combinatorics_38:deepseek:r1:neutral_initial","CHAMP:P_Combinatorics_38","math","Combinatorics","deepseek","",1,"neutral_initial","","",1,FALSE,111
"two_math:CHAMP:P_Sequence_28:minimax:r2:neutral_initial","CHAMP:P_Sequence_28","math","Sequence","minimax","",2,"neutral_initial","","",1,TRUE,112
"two_math:CHAMP:P_Combinatorics_40:deepseek:r2:neutral_initial","CHAMP:P_Combinatorics_40","math","Combinatorics","deepseek","",2,"neutral_initial","","",1,FALSE,113
"two_math:CHAMP:P_Polynomial_23:deepseek:r2:neutral_initial","CHAMP:P_Polynomial_23","math","Polynomial","deepseek","",2,"neutral_initial","","",1,TRUE,114
"two_math:CHAMP:P_Polynomial_40:minimax:r2:neutral_initial","CHAMP:P_Polynomial_40","math","Polynomial","minimax","",2,"neutral_initial","","",1,TRUE,115
"two_math:CHAMP:P_Polynomial_50:minimax:r1:neutral_initial","CHAMP:P_Polynomial_50","math","Polynomial","minimax","",1,"neutral_initial","","",1,FALSE,116
"two_math:CHAMP:P_Combinatorics_7:minimax:r1:neutral_initial","CHAMP:P_Combinatorics_7","math","Combinatorics","minimax","",1,"neutral_initial","","",1,FALSE,117
"two_math:CHAMP:P_Number-Theory_17:deepseek:r2:neutral_initial","CHAMP:P_Number-Theory_17","math","Number-Theory","deepseek","",2,"neutral_initial","","",1,FALSE,118
"two_math:CHAMP:P_Polynomial_47:minimax:r2:neutral_initial","CHAMP:P_Polynomial_47","math","Polynomial","minimax","",2,"neutral_initial","","",1,TRUE,119
"two_math:CHAMP:P_Sequence_28:minimax:r1:neutral_initial","CHAMP:P_Sequence_28","math","Sequence","minimax","",1,"neutral_initial","","",1,TRUE,120
"two_math:CHAMP:P_Combinatorics_31:minimax:r2:neutral_initial","CHAMP:P_Combinatorics_31","math","Combinatorics","minimax","",2,"neutral_initial","","",1,FALSE,121
"two_math:CHAMP:P_Combinatorics_18:minimax:r1:neutral_initial","CHAMP:P_Combinatorics_18","math","Combinatorics","minimax","",1,"neutral_initial","","",1,TRUE,122
"two_math:CHAMP:P_Sequence_40:deepseek:r2:neutral_initial","CHAMP:P_Sequence_40","math","Sequence","deepseek","",2,"neutral_initial","","",1,FALSE,123
"two_math:CHAMP:P_Number-Theory_32:deepseek:r2:neutral_initial","CHAMP:P_Number-Theory_32","math","Number-Theory","deepseek","",2,"neutral_initial","","",1,FALSE,124
"two_math:CHAMP:P_Polynomial_24:minimax:r1:neutral_initial","CHAMP:P_Polynomial_24","math","Polynomial","minimax","",1,"neutral_initial","","",1,FALSE,125
"two_math:CHAMP:P_Inequality_49:deepseek:r2:neutral_initial","CHAMP:P_Inequality_49","math","Inequality","deepseek","",2,"neutral_initial","","",1,FALSE,126
"two_math:CHAMP:P_Number-Theory_67:minimax:r2:neutral_initial","CHAMP:P_Number-Theory_67","math","Number-Theory","minimax","",2,"neutral_initial","","",1,TRUE,127
"two_math:CHAMP:P_Sequence_28:deepseek:r1:neutral_initial","CHAMP:P_Sequence_28","math","Sequence","deepseek","",1,"neutral_initial","","",1,TRUE,128
"two_math:CHAMP:P_Inequality_49:minimax:r1:neutral_initial","CHAMP:P_Inequality_49","math","Inequality","minimax","",1,"neutral_initial","","",1,FALSE,129
"two_math:CHAMP:P_Number-Theory_27:deepseek:r2:neutral_initial","CHAMP:P_Number-Theory_27","math","Number-Theory","deepseek","",2,"neutral_initial","","",1,TRUE,130
"two_math:CHAMP:P_Sequence_20:minimax:r2:neutral_initial","CHAMP:P_Sequence_20","math","Sequence","minimax","",2,"neutral_initial","","",1,TRUE,131
"two_math:CHAMP:P_Number-Theory_42:minimax:r2:neutral_initial","CHAMP:P_Number-Theory_42","math","Number-Theory","minimax","",2,"neutral_initial","","",1,FALSE,132
"two_math:CHAMP:P_Polynomial_17:minimax:r1:neutral_initial","CHAMP:P_Polynomial_17","math","Polynomial","minimax","",1,"neutral_initial","","",1,FALSE,133
"two_math:CHAMP:P_Combinatorics_38:deepseek:r2:neutral_initial","CHAMP:P_Combinatorics_38","math","Combinatorics","deepseek","",2,"neutral_initial","","",1,FALSE,134
"two_math:CHAMP:P_Number-Theory_12:deepseek:r1:neutral_initial","CHAMP:P_Number-Theory_12","math","Number-Theory","deepseek","",1,"neutral_initial","","",1,FALSE,135
"two_math:CHAMP:P_Polynomial_24:minimax:r2:neutral_initial","CHAMP:P_Polynomial_24","math","Polynomial","minimax","",2,"neutral_initial","","",1,FALSE,136
"two_math:CHAMP:P_Inequality_26:minimax:r1:neutral_initial","CHAMP:P_Inequality_26","math","Inequality","minimax","",1,"neutral_initial","","",1,FALSE,137
"two_math:CHAMP:P_Number-Theory_42:deepseek:r2:neutral_initial","CHAMP:P_Number-Theory_42","math","Number-Theory","deepseek","",2,"neutral_initial","","",1,FALSE,138
"two_math:CHAMP:P_Polynomial_40:deepseek:r1:neutral_initial","CHAMP:P_Polynomial_40","math","Polynomial","deepseek","",1,"neutral_initial","","",1,TRUE,139
"two_math:CHAMP:P_Number-Theory_42:minimax:r1:neutral_initial","CHAMP:P_Number-Theory_42","math","Number-Theory","minimax","",1,"neutral_initial","","",1,FALSE,140
"two_math:CHAMP:P_Polynomial_32:minimax:r1:neutral_initial","CHAMP:P_Polynomial_32","math","Polynomial","minimax","",1,"neutral_initial","","",1,FALSE,141
"two_math:CHAMP:P_Polynomial_50:minimax:r2:neutral_initial","CHAMP:P_Polynomial_50","math","Polynomial","minimax","",2,"neutral_initial","","",1,FALSE,142
"two_math:CHAMP:P_Sequence_21:minimax:r2:neutral_initial","CHAMP:P_Sequence_21","math","Sequence","minimax","",2,"neutral_initial","","",1,FALSE,143
"two_math:CHAMP:P_Sequence_42:deepseek:r2:neutral_initial","CHAMP:P_Sequence_42","math","Sequence","deepseek","",2,"neutral_initial","","",1,TRUE,144
"two_math:CHAMP:P_Sequence_20:minimax:r1:neutral_initial","CHAMP:P_Sequence_20","math","Sequence","minimax","",1,"neutral_initial","","",1,TRUE,145
"two_math:CHAMP:P_Polynomial_23:minimax:r1:neutral_initial","CHAMP:P_Polynomial_23","math","Polynomial","minimax","",1,"neutral_initial","","",1,TRUE,146
"two_math:CHAMP:P_Combinatorics_7:minimax:r2:neutral_initial","CHAMP:P_Combinatorics_7","math","Combinatorics","minimax","",2,"neutral_initial","","",1,FALSE,147
"two_math:CHAMP:P_Sequence_21:minimax:r1:neutral_initial","CHAMP:P_Sequence_21","math","Sequence","minimax","",1,"neutral_initial","","",1,FALSE,148
"two_math:CHAMP:P_Sequence_21:deepseek:r1:neutral_initial","CHAMP:P_Sequence_21","math","Sequence","deepseek","",1,"neutral_initial","","",1,FALSE,149
"two_math:CHAMP:P_Inequality_4:deepseek:r1:neutral_initial","CHAMP:P_Inequality_4","math","Inequality","deepseek","",1,"neutral_initial","","",1,FALSE,150
"two_math:CHAMP:P_Sequence_19:deepseek:r1:neutral_initial","CHAMP:P_Sequence_19","math","Sequence","deepseek","",1,"neutral_initial","","",1,FALSE,151
"two_math:CHAMP:P_Combinatorics_21:minimax:r2:neutral_initial","CHAMP:P_Combinatorics_21","math","Combinatorics","minimax","",2,"neutral_initial","","",1,FALSE,152
"two_math:CHAMP:P_Sequence_28:deepseek:r2:neutral_initial","CHAMP:P_Sequence_28","math","Sequence","deepseek","",2,"neutral_initial","","",1,TRUE,153
"two_math:CHAMP:P_Number-Theory_67:deepseek:r2:neutral_initial","CHAMP:P_Number-Theory_67","math","Number-Theory","deepseek","",2,"neutral_initial","","",1,TRUE,154
"two_math:CHAMP:P_Combinatorics_20:deepseek:r2:neutral_initial","CHAMP:P_Combinatorics_20","math","Combinatorics","deepseek","",2,"neutral_initial","","",1,FALSE,155
"two_math:CHAMP:P_Polynomial_11:deepseek:r2:neutral_initial","CHAMP:P_Polynomial_11","math","Polynomial","deepseek","",2,"neutral_initial","","",1,FALSE,156
"two_math:CHAMP:P_Combinatorics_21:deepseek:r2:neutral_initial","CHAMP:P_Combinatorics_21","math","Combinatorics","deepseek","",2,"neutral_initial","","",1,FALSE,157
"two_math:CHAMP:P_Inequality_24:minimax:r2:neutral_initial","CHAMP:P_Inequality_24","math","Inequality","minimax","",2,"neutral_initial","","",1,TRUE,158
"two_math:CHAMP:P_Combinatorics_20:minimax:r1:neutral_initial","CHAMP:P_Combinatorics_20","math","Combinatorics","minimax","",1,"neutral_initial","","",1,FALSE,159
"two_math:CHAMP:P_Combinatorics_7:deepseek:r2:neutral_initial","CHAMP:P_Combinatorics_7","math","Combinatorics","deepseek","",2,"neutral_initial","","",1,FALSE,160
"two_math:CHAMP:P_Polynomial_17:deepseek:r1:neutral_initial","CHAMP:P_Polynomial_17","math","Polynomial","deepseek","",1,"neutral_initial","","",1,FALSE,161
"two_math:CHAMP:P_Combinatorics_38:minimax:r1:neutral_initial","CHAMP:P_Combinatorics_38","math","Combinatorics","minimax","",1,"neutral_initial","","",1,FALSE,162
"two_math:CHAMP:P_Inequality_26:deepseek:r2:neutral_initial","CHAMP:P_Inequality_26","math","Inequality","deepseek","",2,"neutral_initial","","",1,FALSE,163
"two_math:CHAMP:P_Combinatorics_5:minimax:r2:neutral_initial","CHAMP:P_Combinatorics_5","math","Combinatorics","minimax","",2,"neutral_initial","","",1,TRUE,164
"two_math:CHAMP:P_Sequence_28:deepseek:r2:self_check","CHAMP:P_Sequence_28","math","Sequence","deepseek","",2,"self_check","two_math:CHAMP:P_Sequence_28:deepseek:r2:neutral_initial","",2,TRUE,165
"two_math:CHAMP:P_Inequality_24:deepseek:r1:self_check","CHAMP:P_Inequality_24","math","Inequality","deepseek","",1,"self_check","two_math:CHAMP:P_Inequality_24:deepseek:r1:neutral_initial","",2,TRUE,166
"two_math:CHAMP:P_Sequence_20:minimax:r1:self_check","CHAMP:P_Sequence_20","math","Sequence","minimax","",1,"self_check","two_math:CHAMP:P_Sequence_20:minimax:r1:neutral_initial","",2,TRUE,167
"two_math:CHAMP:P_Number-Theory_17:deepseek:r2:A0_AI","CHAMP:P_Number-Theory_17","math","Number-Theory","deepseek","minimax",2,"A0_AI","two_math:CHAMP:P_Number-Theory_17:deepseek:r2:neutral_initial","two_math:CHAMP:P_Number-Theory_17:minimax:r2:neutral_initial",2,FALSE,168
"two_math:CHAMP:P_Sequence_21:deepseek:r1:A0_AI","CHAMP:P_Sequence_21","math","Sequence","deepseek","minimax",1,"A0_AI","two_math:CHAMP:P_Sequence_21:deepseek:r1:neutral_initial","two_math:CHAMP:P_Sequence_21:minimax:r1:neutral_initial",2,FALSE,169
"two_math:CHAMP:P_Polynomial_17:deepseek:r1:A0_AI","CHAMP:P_Polynomial_17","math","Polynomial","deepseek","minimax",1,"A0_AI","two_math:CHAMP:P_Polynomial_17:deepseek:r1:neutral_initial","two_math:CHAMP:P_Polynomial_17:minimax:r1:neutral_initial",2,FALSE,170
"two_math:CHAMP:P_Inequality_15:deepseek:r1:A0_AI","CHAMP:P_Inequality_15","math","Inequality","deepseek","minimax",1,"A0_AI","two_math:CHAMP:P_Inequality_15:deepseek:r1:neutral_initial","two_math:CHAMP:P_Inequality_15:minimax:r1:neutral_initial",2,TRUE,171
"two_math:CHAMP:P_Number-Theory_32:minimax:r1:self_check","CHAMP:P_Number-Theory_32","math","Number-Theory","minimax","",1,"self_check","two_math:CHAMP:P_Number-Theory_32:minimax:r1:neutral_initial","",2,FALSE,172
"two_math:CHAMP:P_Polynomial_40:deepseek:r2:self_check","CHAMP:P_Polynomial_40","math","Polynomial","deepseek","",2,"self_check","two_math:CHAMP:P_Polynomial_40:deepseek:r2:neutral_initial","",2,TRUE,173
"two_math:CHAMP:P_Number-Theory_71:minimax:r1:A0_AI","CHAMP:P_Number-Theory_71","math","Number-Theory","minimax","deepseek",1,"A0_AI","two_math:CHAMP:P_Number-Theory_71:minimax:r1:neutral_initial","two_math:CHAMP:P_Number-Theory_71:deepseek:r1:neutral_initial",2,FALSE,174
"two_math:CHAMP:P_Sequence_19:minimax:r2:A0_AI","CHAMP:P_Sequence_19","math","Sequence","minimax","deepseek",2,"A0_AI","two_math:CHAMP:P_Sequence_19:minimax:r2:neutral_initial","two_math:CHAMP:P_Sequence_19:deepseek:r2:neutral_initial",2,FALSE,175
"two_math:CHAMP:P_Polynomial_47:minimax:r1:A0_AI","CHAMP:P_Polynomial_47","math","Polynomial","minimax","deepseek",1,"A0_AI","two_math:CHAMP:P_Polynomial_47:minimax:r1:neutral_initial","two_math:CHAMP:P_Polynomial_47:deepseek:r1:neutral_initial",2,TRUE,176
"two_math:CHAMP:P_Number-Theory_67:minimax:r2:self_check","CHAMP:P_Number-Theory_67","math","Number-Theory","minimax","",2,"self_check","two_math:CHAMP:P_Number-Theory_67:minimax:r2:neutral_initial","",2,TRUE,177
"two_math:CHAMP:P_Inequality_8:minimax:r2:self_check","CHAMP:P_Inequality_8","math","Inequality","minimax","",2,"self_check","two_math:CHAMP:P_Inequality_8:minimax:r2:neutral_initial","",2,FALSE,178
"two_math:CHAMP:P_Inequality_24:minimax:r2:A0_AI","CHAMP:P_Inequality_24","math","Inequality","minimax","deepseek",2,"A0_AI","two_math:CHAMP:P_Inequality_24:minimax:r2:neutral_initial","two_math:CHAMP:P_Inequality_24:deepseek:r2:neutral_initial",2,TRUE,179
"two_math:CHAMP:P_Number-Theory_24:minimax:r1:A0_AI","CHAMP:P_Number-Theory_24","math","Number-Theory","minimax","deepseek",1,"A0_AI","two_math:CHAMP:P_Number-Theory_24:minimax:r1:neutral_initial","two_math:CHAMP:P_Number-Theory_24:deepseek:r1:neutral_initial",2,TRUE,180
"two_math:CHAMP:P_Number-Theory_67:deepseek:r1:self_check","CHAMP:P_Number-Theory_67","math","Number-Theory","deepseek","",1,"self_check","two_math:CHAMP:P_Number-Theory_67:deepseek:r1:neutral_initial","",2,TRUE,181
"two_math:CHAMP:P_Sequence_11:minimax:r1:self_check","CHAMP:P_Sequence_11","math","Sequence","minimax","",1,"self_check","two_math:CHAMP:P_Sequence_11:minimax:r1:neutral_initial","",2,FALSE,182
"two_math:CHAMP:P_Combinatorics_31:minimax:r2:A0_AI","CHAMP:P_Combinatorics_31","math","Combinatorics","minimax","deepseek",2,"A0_AI","two_math:CHAMP:P_Combinatorics_31:minimax:r2:neutral_initial","two_math:CHAMP:P_Combinatorics_31:deepseek:r2:neutral_initial",2,FALSE,183
"two_math:CHAMP:P_Sequence_40:deepseek:r2:self_check","CHAMP:P_Sequence_40","math","Sequence","deepseek","",2,"self_check","two_math:CHAMP:P_Sequence_40:deepseek:r2:neutral_initial","",2,FALSE,184
"two_math:CHAMP:P_Sequence_28:deepseek:r1:self_check","CHAMP:P_Sequence_28","math","Sequence","deepseek","",1,"self_check","two_math:CHAMP:P_Sequence_28:deepseek:r1:neutral_initial","",2,TRUE,185
"two_math:CHAMP:P_Sequence_28:minimax:r2:A0_AI","CHAMP:P_Sequence_28","math","Sequence","minimax","deepseek",2,"A0_AI","two_math:CHAMP:P_Sequence_28:minimax:r2:neutral_initial","two_math:CHAMP:P_Sequence_28:deepseek:r2:neutral_initial",2,TRUE,186
"two_math:CHAMP:P_Combinatorics_20:minimax:r1:self_check","CHAMP:P_Combinatorics_20","math","Combinatorics","minimax","",1,"self_check","two_math:CHAMP:P_Combinatorics_20:minimax:r1:neutral_initial","",2,FALSE,187
"two_math:CHAMP:P_Polynomial_23:minimax:r2:A0_AI","CHAMP:P_Polynomial_23","math","Polynomial","minimax","deepseek",2,"A0_AI","two_math:CHAMP:P_Polynomial_23:minimax:r2:neutral_initial","two_math:CHAMP:P_Polynomial_23:deepseek:r2:neutral_initial",2,TRUE,188
"two_math:CHAMP:P_Inequality_8:deepseek:r2:self_check","CHAMP:P_Inequality_8","math","Inequality","deepseek","",2,"self_check","two_math:CHAMP:P_Inequality_8:deepseek:r2:neutral_initial","",2,FALSE,189
"two_math:CHAMP:P_Combinatorics_40:deepseek:r1:A0_AI","CHAMP:P_Combinatorics_40","math","Combinatorics","deepseek","minimax",1,"A0_AI","two_math:CHAMP:P_Combinatorics_40:deepseek:r1:neutral_initial","two_math:CHAMP:P_Combinatorics_40:minimax:r1:neutral_initial",2,FALSE,190
"two_math:CHAMP:P_Number-Theory_27:deepseek:r1:self_check","CHAMP:P_Number-Theory_27","math","Number-Theory","deepseek","",1,"self_check","two_math:CHAMP:P_Number-Theory_27:deepseek:r1:neutral_initial","",2,TRUE,191
"two_math:CHAMP:P_Combinatorics_21:deepseek:r2:self_check","CHAMP:P_Combinatorics_21","math","Combinatorics","deepseek","",2,"self_check","two_math:CHAMP:P_Combinatorics_21:deepseek:r2:neutral_initial","",2,FALSE,192
"two_math:CHAMP:P_Combinatorics_21:deepseek:r1:self_check","CHAMP:P_Combinatorics_21","math","Combinatorics","deepseek","",1,"self_check","two_math:CHAMP:P_Combinatorics_21:deepseek:r1:neutral_initial","",2,FALSE,193
"two_math:CHAMP:P_Number-Theory_12:deepseek:r2:self_check","CHAMP:P_Number-Theory_12","math","Number-Theory","deepseek","",2,"self_check","two_math:CHAMP:P_Number-Theory_12:deepseek:r2:neutral_initial","",2,FALSE,194
"two_math:CHAMP:P_Polynomial_47:deepseek:r1:self_check","CHAMP:P_Polynomial_47","math","Polynomial","deepseek","",1,"self_check","two_math:CHAMP:P_Polynomial_47:deepseek:r1:neutral_initial","",2,TRUE,195
"two_math:CHAMP:P_Inequality_13:deepseek:r2:self_check","CHAMP:P_Inequality_13","math","Inequality","deepseek","",2,"self_check","two_math:CHAMP:P_Inequality_13:deepseek:r2:neutral_initial","",2,TRUE,196
"two_math:CHAMP:P_Combinatorics_5:minimax:r1:self_check","CHAMP:P_Combinatorics_5","math","Combinatorics","minimax","",1,"self_check","two_math:CHAMP:P_Combinatorics_5:minimax:r1:neutral_initial","",2,TRUE,197
"two_math:CHAMP:P_Number-Theory_32:deepseek:r2:self_check","CHAMP:P_Number-Theory_32","math","Number-Theory","deepseek","",2,"self_check","two_math:CHAMP:P_Number-Theory_32:deepseek:r2:neutral_initial","",2,FALSE,198
"two_math:CHAMP:P_Number-Theory_32:deepseek:r1:A0_AI","CHAMP:P_Number-Theory_32","math","Number-Theory","deepseek","minimax",1,"A0_AI","two_math:CHAMP:P_Number-Theory_32:deepseek:r1:neutral_initial","two_math:CHAMP:P_Number-Theory_32:minimax:r1:neutral_initial",2,FALSE,199
"two_math:CHAMP:P_Inequality_49:minimax:r1:A0_AI","CHAMP:P_Inequality_49","math","Inequality","minimax","deepseek",1,"A0_AI","two_math:CHAMP:P_Inequality_49:minimax:r1:neutral_initial","two_math:CHAMP:P_Inequality_49:deepseek:r1:neutral_initial",2,FALSE,200
"two_math:CHAMP:P_Combinatorics_40:minimax:r2:A0_AI","CHAMP:P_Combinatorics_40","math","Combinatorics","minimax","deepseek",2,"A0_AI","two_math:CHAMP:P_Combinatorics_40:minimax:r2:neutral_initial","two_math:CHAMP:P_Combinatorics_40:deepseek:r2:neutral_initial",2,FALSE,201
"two_math:CHAMP:P_Combinatorics_7:deepseek:r1:self_check","CHAMP:P_Combinatorics_7","math","Combinatorics","deepseek","",1,"self_check","two_math:CHAMP:P_Combinatorics_7:deepseek:r1:neutral_initial","",2,FALSE,202
"two_math:CHAMP:P_Number-Theory_71:minimax:r2:A0_AI","CHAMP:P_Number-Theory_71","math","Number-Theory","minimax","deepseek",2,"A0_AI","two_math:CHAMP:P_Number-Theory_71:minimax:r2:neutral_initial","two_math:CHAMP:P_Number-Theory_71:deepseek:r2:neutral_initial",2,FALSE,203
"two_math:CHAMP:P_Polynomial_24:minimax:r2:self_check","CHAMP:P_Polynomial_24","math","Polynomial","minimax","",2,"self_check","two_math:CHAMP:P_Polynomial_24:minimax:r2:neutral_initial","",2,FALSE,204
"two_math:CHAMP:P_Sequence_19:deepseek:r2:self_check","CHAMP:P_Sequence_19","math","Sequence","deepseek","",2,"self_check","two_math:CHAMP:P_Sequence_19:deepseek:r2:neutral_initial","",2,FALSE,205
"two_math:CHAMP:P_Inequality_4:deepseek:r1:self_check","CHAMP:P_Inequality_4","math","Inequality","deepseek","",1,"self_check","two_math:CHAMP:P_Inequality_4:deepseek:r1:neutral_initial","",2,FALSE,206
"two_math:CHAMP:P_Sequence_19:minimax:r1:self_check","CHAMP:P_Sequence_19","math","Sequence","minimax","",1,"self_check","two_math:CHAMP:P_Sequence_19:minimax:r1:neutral_initial","",2,FALSE,207
"two_math:CHAMP:P_Inequality_8:deepseek:r2:A0_AI","CHAMP:P_Inequality_8","math","Inequality","deepseek","minimax",2,"A0_AI","two_math:CHAMP:P_Inequality_8:deepseek:r2:neutral_initial","two_math:CHAMP:P_Inequality_8:minimax:r2:neutral_initial",2,FALSE,208
"two_math:CHAMP:P_Combinatorics_38:deepseek:r1:A0_AI","CHAMP:P_Combinatorics_38","math","Combinatorics","deepseek","minimax",1,"A0_AI","two_math:CHAMP:P_Combinatorics_38:deepseek:r1:neutral_initial","two_math:CHAMP:P_Combinatorics_38:minimax:r1:neutral_initial",2,FALSE,209
"two_math:CHAMP:P_Sequence_11:deepseek:r1:self_check","CHAMP:P_Sequence_11","math","Sequence","deepseek","",1,"self_check","two_math:CHAMP:P_Sequence_11:deepseek:r1:neutral_initial","",2,FALSE,210
"two_math:CHAMP:P_Polynomial_32:minimax:r1:A0_AI","CHAMP:P_Polynomial_32","math","Polynomial","minimax","deepseek",1,"A0_AI","two_math:CHAMP:P_Polynomial_32:minimax:r1:neutral_initial","two_math:CHAMP:P_Polynomial_32:deepseek:r1:neutral_initial",2,FALSE,211
"two_math:CHAMP:P_Polynomial_40:deepseek:r2:A0_AI","CHAMP:P_Polynomial_40","math","Polynomial","deepseek","minimax",2,"A0_AI","two_math:CHAMP:P_Polynomial_40:deepseek:r2:neutral_initial","two_math:CHAMP:P_Polynomial_40:minimax:r2:neutral_initial",2,TRUE,212
"two_math:CHAMP:P_Sequence_19:minimax:r1:A0_AI","CHAMP:P_Sequence_19","math","Sequence","minimax","deepseek",1,"A0_AI","two_math:CHAMP:P_Sequence_19:minimax:r1:neutral_initial","two_math:CHAMP:P_Sequence_19:deepseek:r1:neutral_initial",2,FALSE,213
"two_math:CHAMP:P_Combinatorics_5:deepseek:r1:self_check","CHAMP:P_Combinatorics_5","math","Combinatorics","deepseek","",1,"self_check","two_math:CHAMP:P_Combinatorics_5:deepseek:r1:neutral_initial","",2,TRUE,214
"two_math:CHAMP:P_Combinatorics_31:deepseek:r2:self_check","CHAMP:P_Combinatorics_31","math","Combinatorics","deepseek","",2,"self_check","two_math:CHAMP:P_Combinatorics_31:deepseek:r2:neutral_initial","",2,FALSE,215
"two_math:CHAMP:P_Sequence_21:minimax:r1:self_check","CHAMP:P_Sequence_21","math","Sequence","minimax","",1,"self_check","two_math:CHAMP:P_Sequence_21:minimax:r1:neutral_initial","",2,FALSE,216
"two_math:CHAMP:P_Number-Theory_24:minimax:r2:A0_AI","CHAMP:P_Number-Theory_24","math","Number-Theory","minimax","deepseek",2,"A0_AI","two_math:CHAMP:P_Number-Theory_24:minimax:r2:neutral_initial","two_math:CHAMP:P_Number-Theory_24:deepseek:r2:neutral_initial",2,TRUE,217
"two_math:CHAMP:P_Sequence_11:deepseek:r2:A0_AI","CHAMP:P_Sequence_11","math","Sequence","deepseek","minimax",2,"A0_AI","two_math:CHAMP:P_Sequence_11:deepseek:r2:neutral_initial","two_math:CHAMP:P_Sequence_11:minimax:r2:neutral_initial",2,FALSE,218
"two_math:CHAMP:P_Combinatorics_7:deepseek:r1:A0_AI","CHAMP:P_Combinatorics_7","math","Combinatorics","deepseek","minimax",1,"A0_AI","two_math:CHAMP:P_Combinatorics_7:deepseek:r1:neutral_initial","two_math:CHAMP:P_Combinatorics_7:minimax:r1:neutral_initial",2,FALSE,219
"two_math:CHAMP:P_Number-Theory_32:deepseek:r2:A0_AI","CHAMP:P_Number-Theory_32","math","Number-Theory","deepseek","minimax",2,"A0_AI","two_math:CHAMP:P_Number-Theory_32:deepseek:r2:neutral_initial","two_math:CHAMP:P_Number-Theory_32:minimax:r2:neutral_initial",2,FALSE,220
"two_math:CHAMP:P_Combinatorics_18:minimax:r1:A0_AI","CHAMP:P_Combinatorics_18","math","Combinatorics","minimax","deepseek",1,"A0_AI","two_math:CHAMP:P_Combinatorics_18:minimax:r1:neutral_initial","two_math:CHAMP:P_Combinatorics_18:deepseek:r1:neutral_initial",2,TRUE,221
"two_math:CHAMP:P_Combinatorics_21:deepseek:r1:A0_AI","CHAMP:P_Combinatorics_21","math","Combinatorics","deepseek","minimax",1,"A0_AI","two_math:CHAMP:P_Combinatorics_21:deepseek:r1:neutral_initial","two_math:CHAMP:P_Combinatorics_21:minimax:r1:neutral_initial",2,FALSE,222
"two_math:CHAMP:P_Combinatorics_30:deepseek:r1:self_check","CHAMP:P_Combinatorics_30","math","Combinatorics","deepseek","",1,"self_check","two_math:CHAMP:P_Combinatorics_30:deepseek:r1:neutral_initial","",2,TRUE,223
"two_math:CHAMP:P_Inequality_8:minimax:r1:A0_AI","CHAMP:P_Inequality_8","math","Inequality","minimax","deepseek",1,"A0_AI","two_math:CHAMP:P_Inequality_8:minimax:r1:neutral_initial","two_math:CHAMP:P_Inequality_8:deepseek:r1:neutral_initial",2,FALSE,224
"two_math:CHAMP:P_Polynomial_1:minimax:r2:self_check","CHAMP:P_Polynomial_1","math","Polynomial","minimax","",2,"self_check","two_math:CHAMP:P_Polynomial_1:minimax:r2:neutral_initial","",2,FALSE,225
"two_math:CHAMP:P_Polynomial_11:minimax:r1:A0_AI","CHAMP:P_Polynomial_11","math","Polynomial","minimax","deepseek",1,"A0_AI","two_math:CHAMP:P_Polynomial_11:minimax:r1:neutral_initial","two_math:CHAMP:P_Polynomial_11:deepseek:r1:neutral_initial",2,FALSE,226
"two_math:CHAMP:P_Number-Theory_17:minimax:r1:self_check","CHAMP:P_Number-Theory_17","math","Number-Theory","minimax","",1,"self_check","two_math:CHAMP:P_Number-Theory_17:minimax:r1:neutral_initial","",2,FALSE,227
"two_math:CHAMP:P_Polynomial_50:minimax:r1:A0_AI","CHAMP:P_Polynomial_50","math","Polynomial","minimax","deepseek",1,"A0_AI","two_math:CHAMP:P_Polynomial_50:minimax:r1:neutral_initial","two_math:CHAMP:P_Polynomial_50:deepseek:r1:neutral_initial",2,FALSE,228
"two_math:CHAMP:P_Polynomial_17:minimax:r1:self_check","CHAMP:P_Polynomial_17","math","Polynomial","minimax","",1,"self_check","two_math:CHAMP:P_Polynomial_17:minimax:r1:neutral_initial","",2,FALSE,229
"two_math:CHAMP:P_Polynomial_50:deepseek:r2:A0_AI","CHAMP:P_Polynomial_50","math","Polynomial","deepseek","minimax",2,"A0_AI","two_math:CHAMP:P_Polynomial_50:deepseek:r2:neutral_initial","two_math:CHAMP:P_Polynomial_50:minimax:r2:neutral_initial",2,FALSE,230
"two_math:CHAMP:P_Sequence_21:minimax:r2:A0_AI","CHAMP:P_Sequence_21","math","Sequence","minimax","deepseek",2,"A0_AI","two_math:CHAMP:P_Sequence_21:minimax:r2:neutral_initial","two_math:CHAMP:P_Sequence_21:deepseek:r2:neutral_initial",2,FALSE,231
"two_math:CHAMP:P_Number-Theory_71:deepseek:r2:self_check","CHAMP:P_Number-Theory_71","math","Number-Theory","deepseek","",2,"self_check","two_math:CHAMP:P_Number-Theory_71:deepseek:r2:neutral_initial","",2,FALSE,232
"two_math:CHAMP:P_Polynomial_11:minimax:r2:self_check","CHAMP:P_Polynomial_11","math","Polynomial","minimax","",2,"self_check","two_math:CHAMP:P_Polynomial_11:minimax:r2:neutral_initial","",2,FALSE,233
"two_math:CHAMP:P_Inequality_13:minimax:r1:self_check","CHAMP:P_Inequality_13","math","Inequality","minimax","",1,"self_check","two_math:CHAMP:P_Inequality_13:minimax:r1:neutral_initial","",2,TRUE,234
"two_math:CHAMP:P_Combinatorics_40:deepseek:r1:self_check","CHAMP:P_Combinatorics_40","math","Combinatorics","deepseek","",1,"self_check","two_math:CHAMP:P_Combinatorics_40:deepseek:r1:neutral_initial","",2,FALSE,235
"two_math:CHAMP:P_Combinatorics_18:deepseek:r2:self_check","CHAMP:P_Combinatorics_18","math","Combinatorics","deepseek","",2,"self_check","two_math:CHAMP:P_Combinatorics_18:deepseek:r2:neutral_initial","",2,TRUE,236
"two_math:CHAMP:P_Polynomial_17:minimax:r2:A0_AI","CHAMP:P_Polynomial_17","math","Polynomial","minimax","deepseek",2,"A0_AI","two_math:CHAMP:P_Polynomial_17:minimax:r2:neutral_initial","two_math:CHAMP:P_Polynomial_17:deepseek:r2:neutral_initial",2,FALSE,237
"two_math:CHAMP:P_Sequence_40:minimax:r1:self_check","CHAMP:P_Sequence_40","math","Sequence","minimax","",1,"self_check","two_math:CHAMP:P_Sequence_40:minimax:r1:neutral_initial","",2,FALSE,238
"two_math:CHAMP:P_Polynomial_24:deepseek:r2:self_check","CHAMP:P_Polynomial_24","math","Polynomial","deepseek","",2,"self_check","two_math:CHAMP:P_Polynomial_24:deepseek:r2:neutral_initial","",2,FALSE,239
"two_math:CHAMP:P_Combinatorics_20:minimax:r2:A0_AI","CHAMP:P_Combinatorics_20","math","Combinatorics","minimax","deepseek",2,"A0_AI","two_math:CHAMP:P_Combinatorics_20:minimax:r2:neutral_initial","two_math:CHAMP:P_Combinatorics_20:deepseek:r2:neutral_initial",2,FALSE,240
"two_math:CHAMP:P_Sequence_42:deepseek:r1:A0_AI","CHAMP:P_Sequence_42","math","Sequence","deepseek","minimax",1,"A0_AI","two_math:CHAMP:P_Sequence_42:deepseek:r1:neutral_initial","two_math:CHAMP:P_Sequence_42:minimax:r1:neutral_initial",2,TRUE,241
"two_math:CHAMP:P_Number-Theory_67:deepseek:r1:A0_AI","CHAMP:P_Number-Theory_67","math","Number-Theory","deepseek","minimax",1,"A0_AI","two_math:CHAMP:P_Number-Theory_67:deepseek:r1:neutral_initial","two_math:CHAMP:P_Number-Theory_67:minimax:r1:neutral_initial",2,TRUE,242
"two_math:CHAMP:P_Polynomial_23:deepseek:r1:A0_AI","CHAMP:P_Polynomial_23","math","Polynomial","deepseek","minimax",1,"A0_AI","two_math:CHAMP:P_Polynomial_23:deepseek:r1:neutral_initial","two_math:CHAMP:P_Polynomial_23:minimax:r1:neutral_initial",2,TRUE,243
"two_math:CHAMP:P_Combinatorics_31:deepseek:r1:self_check","CHAMP:P_Combinatorics_31","math","Combinatorics","deepseek","",1,"self_check","two_math:CHAMP:P_Combinatorics_31:deepseek:r1:neutral_initial","",2,FALSE,244
"two_math:CHAMP:P_Number-Theory_13:minimax:r2:self_check","CHAMP:P_Number-Theory_13","math","Number-Theory","minimax","",2,"self_check","two_math:CHAMP:P_Number-Theory_13:minimax:r2:neutral_initial","",2,FALSE,245
"two_math:CHAMP:P_Number-Theory_27:deepseek:r2:A0_AI","CHAMP:P_Number-Theory_27","math","Number-Theory","deepseek","minimax",2,"A0_AI","two_math:CHAMP:P_Number-Theory_27:deepseek:r2:neutral_initial","two_math:CHAMP:P_Number-Theory_27:minimax:r2:neutral_initial",2,TRUE,246
"two_math:CHAMP:P_Number-Theory_42:deepseek:r1:self_check","CHAMP:P_Number-Theory_42","math","Number-Theory","deepseek","",1,"self_check","two_math:CHAMP:P_Number-Theory_42:deepseek:r1:neutral_initial","",2,FALSE,247
"two_math:CHAMP:P_Inequality_13:deepseek:r1:self_check","CHAMP:P_Inequality_13","math","Inequality","deepseek","",1,"self_check","two_math:CHAMP:P_Inequality_13:deepseek:r1:neutral_initial","",2,TRUE,248
"two_math:CHAMP:P_Sequence_42:deepseek:r1:self_check","CHAMP:P_Sequence_42","math","Sequence","deepseek","",1,"self_check","two_math:CHAMP:P_Sequence_42:deepseek:r1:neutral_initial","",2,TRUE,249
"two_math:CHAMP:P_Polynomial_40:minimax:r2:self_check","CHAMP:P_Polynomial_40","math","Polynomial","minimax","",2,"self_check","two_math:CHAMP:P_Polynomial_40:minimax:r2:neutral_initial","",2,TRUE,250
"two_math:CHAMP:P_Sequence_20:minimax:r2:A0_AI","CHAMP:P_Sequence_20","math","Sequence","minimax","deepseek",2,"A0_AI","two_math:CHAMP:P_Sequence_20:minimax:r2:neutral_initial","two_math:CHAMP:P_Sequence_20:deepseek:r2:neutral_initial",2,TRUE,251
"two_math:CHAMP:P_Inequality_49:minimax:r1:self_check","CHAMP:P_Inequality_49","math","Inequality","minimax","",1,"self_check","two_math:CHAMP:P_Inequality_49:minimax:r1:neutral_initial","",2,FALSE,252
"two_math:CHAMP:P_Inequality_15:minimax:r1:self_check","CHAMP:P_Inequality_15","math","Inequality","minimax","",1,"self_check","two_math:CHAMP:P_Inequality_15:minimax:r1:neutral_initial","",2,TRUE,253
"two_math:CHAMP:P_Combinatorics_40:minimax:r1:A0_AI","CHAMP:P_Combinatorics_40","math","Combinatorics","minimax","deepseek",1,"A0_AI","two_math:CHAMP:P_Combinatorics_40:minimax:r1:neutral_initial","two_math:CHAMP:P_Combinatorics_40:deepseek:r1:neutral_initial",2,FALSE,254
"two_math:CHAMP:P_Inequality_13:minimax:r2:self_check","CHAMP:P_Inequality_13","math","Inequality","minimax","",2,"self_check","two_math:CHAMP:P_Inequality_13:minimax:r2:neutral_initial","",2,TRUE,255
"two_math:CHAMP:P_Sequence_19:minimax:r2:self_check","CHAMP:P_Sequence_19","math","Sequence","minimax","",2,"self_check","two_math:CHAMP:P_Sequence_19:minimax:r2:neutral_initial","",2,FALSE,256
"two_math:CHAMP:P_Inequality_49:minimax:r2:self_check","CHAMP:P_Inequality_49","math","Inequality","minimax","",2,"self_check","two_math:CHAMP:P_Inequality_49:minimax:r2:neutral_initial","",2,FALSE,257
"two_math:CHAMP:P_Number-Theory_42:minimax:r1:A0_AI","CHAMP:P_Number-Theory_42","math","Number-Theory","minimax","deepseek",1,"A0_AI","two_math:CHAMP:P_Number-Theory_42:minimax:r1:neutral_initial","two_math:CHAMP:P_Number-Theory_42:deepseek:r1:neutral_initial",2,FALSE,258
"two_math:CHAMP:P_Combinatorics_20:deepseek:r2:self_check","CHAMP:P_Combinatorics_20","math","Combinatorics","deepseek","",2,"self_check","two_math:CHAMP:P_Combinatorics_20:deepseek:r2:neutral_initial","",2,FALSE,259
"two_math:CHAMP:P_Polynomial_11:deepseek:r1:A0_AI","CHAMP:P_Polynomial_11","math","Polynomial","deepseek","minimax",1,"A0_AI","two_math:CHAMP:P_Polynomial_11:deepseek:r1:neutral_initial","two_math:CHAMP:P_Polynomial_11:minimax:r1:neutral_initial",2,FALSE,260
"two_math:CHAMP:P_Sequence_40:minimax:r2:A0_AI","CHAMP:P_Sequence_40","math","Sequence","minimax","deepseek",2,"A0_AI","two_math:CHAMP:P_Sequence_40:minimax:r2:neutral_initial","two_math:CHAMP:P_Sequence_40:deepseek:r2:neutral_initial",2,FALSE,261
"two_math:CHAMP:P_Polynomial_24:minimax:r2:A0_AI","CHAMP:P_Polynomial_24","math","Polynomial","minimax","deepseek",2,"A0_AI","two_math:CHAMP:P_Polynomial_24:minimax:r2:neutral_initial","two_math:CHAMP:P_Polynomial_24:deepseek:r2:neutral_initial",2,FALSE,262
"two_math:CHAMP:P_Number-Theory_12:deepseek:r1:A0_AI","CHAMP:P_Number-Theory_12","math","Number-Theory","deepseek","minimax",1,"A0_AI","two_math:CHAMP:P_Number-Theory_12:deepseek:r1:neutral_initial","two_math:CHAMP:P_Number-Theory_12:minimax:r1:neutral_initial",2,FALSE,263
"two_math:CHAMP:P_Number-Theory_27:minimax:r1:self_check","CHAMP:P_Number-Theory_27","math","Number-Theory","minimax","",1,"self_check","two_math:CHAMP:P_Number-Theory_27:minimax:r1:neutral_initial","",2,TRUE,264
"two_math:CHAMP:P_Inequality_26:minimax:r2:self_check","CHAMP:P_Inequality_26","math","Inequality","minimax","",2,"self_check","two_math:CHAMP:P_Inequality_26:minimax:r2:neutral_initial","",2,FALSE,265
"two_math:CHAMP:P_Combinatorics_30:deepseek:r1:A0_AI","CHAMP:P_Combinatorics_30","math","Combinatorics","deepseek","minimax",1,"A0_AI","two_math:CHAMP:P_Combinatorics_30:deepseek:r1:neutral_initial","two_math:CHAMP:P_Combinatorics_30:minimax:r1:neutral_initial",2,TRUE,266
"two_math:CHAMP:P_Inequality_8:deepseek:r1:self_check","CHAMP:P_Inequality_8","math","Inequality","deepseek","",1,"self_check","two_math:CHAMP:P_Inequality_8:deepseek:r1:neutral_initial","",2,FALSE,267
"two_math:CHAMP:P_Combinatorics_38:deepseek:r1:self_check","CHAMP:P_Combinatorics_38","math","Combinatorics","deepseek","",1,"self_check","two_math:CHAMP:P_Combinatorics_38:deepseek:r1:neutral_initial","",2,FALSE,268
"two_math:CHAMP:P_Sequence_28:deepseek:r2:A0_AI","CHAMP:P_Sequence_28","math","Sequence","deepseek","minimax",2,"A0_AI","two_math:CHAMP:P_Sequence_28:deepseek:r2:neutral_initial","two_math:CHAMP:P_Sequence_28:minimax:r2:neutral_initial",2,TRUE,269
"two_math:CHAMP:P_Number-Theory_17:deepseek:r2:self_check","CHAMP:P_Number-Theory_17","math","Number-Theory","deepseek","",2,"self_check","two_math:CHAMP:P_Number-Theory_17:deepseek:r2:neutral_initial","",2,FALSE,270
"two_math:CHAMP:P_Polynomial_23:minimax:r1:self_check","CHAMP:P_Polynomial_23","math","Polynomial","minimax","",1,"self_check","two_math:CHAMP:P_Polynomial_23:minimax:r1:neutral_initial","",2,TRUE,271
"two_math:CHAMP:P_Number-Theory_13:deepseek:r2:self_check","CHAMP:P_Number-Theory_13","math","Number-Theory","deepseek","",2,"self_check","two_math:CHAMP:P_Number-Theory_13:deepseek:r2:neutral_initial","",2,FALSE,272
"two_math:CHAMP:P_Combinatorics_5:deepseek:r2:A0_AI","CHAMP:P_Combinatorics_5","math","Combinatorics","deepseek","minimax",2,"A0_AI","two_math:CHAMP:P_Combinatorics_5:deepseek:r2:neutral_initial","two_math:CHAMP:P_Combinatorics_5:minimax:r2:neutral_initial",2,TRUE,273
"two_math:CHAMP:P_Number-Theory_67:minimax:r2:A0_AI","CHAMP:P_Number-Theory_67","math","Number-Theory","minimax","deepseek",2,"A0_AI","two_math:CHAMP:P_Number-Theory_67:minimax:r2:neutral_initial","two_math:CHAMP:P_Number-Theory_67:deepseek:r2:neutral_initial",2,TRUE,274
"two_math:CHAMP:P_Number-Theory_67:minimax:r1:A0_AI","CHAMP:P_Number-Theory_67","math","Number-Theory","minimax","deepseek",1,"A0_AI","two_math:CHAMP:P_Number-Theory_67:minimax:r1:neutral_initial","two_math:CHAMP:P_Number-Theory_67:deepseek:r1:neutral_initial",2,TRUE,275
"two_math:CHAMP:P_Number-Theory_13:deepseek:r2:A0_AI","CHAMP:P_Number-Theory_13","math","Number-Theory","deepseek","minimax",2,"A0_AI","two_math:CHAMP:P_Number-Theory_13:deepseek:r2:neutral_initial","two_math:CHAMP:P_Number-Theory_13:minimax:r2:neutral_initial",2,FALSE,276
"two_math:CHAMP:P_Sequence_40:deepseek:r1:self_check","CHAMP:P_Sequence_40","math","Sequence","deepseek","",1,"self_check","two_math:CHAMP:P_Sequence_40:deepseek:r1:neutral_initial","",2,FALSE,277
"two_math:CHAMP:P_Number-Theory_42:deepseek:r2:self_check","CHAMP:P_Number-Theory_42","math","Number-Theory","deepseek","",2,"self_check","two_math:CHAMP:P_Number-Theory_42:deepseek:r2:neutral_initial","",2,FALSE,278
"two_math:CHAMP:P_Inequality_26:deepseek:r1:self_check","CHAMP:P_Inequality_26","math","Inequality","deepseek","",1,"self_check","two_math:CHAMP:P_Inequality_26:deepseek:r1:neutral_initial","",2,FALSE,279
"two_math:CHAMP:P_Inequality_24:minimax:r2:self_check","CHAMP:P_Inequality_24","math","Inequality","minimax","",2,"self_check","two_math:CHAMP:P_Inequality_24:minimax:r2:neutral_initial","",2,TRUE,280
"two_math:CHAMP:P_Combinatorics_7:minimax:r1:self_check","CHAMP:P_Combinatorics_7","math","Combinatorics","minimax","",1,"self_check","two_math:CHAMP:P_Combinatorics_7:minimax:r1:neutral_initial","",2,FALSE,281
"two_math:CHAMP:P_Combinatorics_40:deepseek:r2:A0_AI","CHAMP:P_Combinatorics_40","math","Combinatorics","deepseek","minimax",2,"A0_AI","two_math:CHAMP:P_Combinatorics_40:deepseek:r2:neutral_initial","two_math:CHAMP:P_Combinatorics_40:minimax:r2:neutral_initial",2,FALSE,282
"two_math:CHAMP:P_Combinatorics_7:deepseek:r2:self_check","CHAMP:P_Combinatorics_7","math","Combinatorics","deepseek","",2,"self_check","two_math:CHAMP:P_Combinatorics_7:deepseek:r2:neutral_initial","",2,FALSE,283
"two_math:CHAMP:P_Polynomial_23:minimax:r1:A0_AI","CHAMP:P_Polynomial_23","math","Polynomial","minimax","deepseek",1,"A0_AI","two_math:CHAMP:P_Polynomial_23:minimax:r1:neutral_initial","two_math:CHAMP:P_Polynomial_23:deepseek:r1:neutral_initial",2,TRUE,284
"two_math:CHAMP:P_Inequality_49:deepseek:r2:A0_AI","CHAMP:P_Inequality_49","math","Inequality","deepseek","minimax",2,"A0_AI","two_math:CHAMP:P_Inequality_49:deepseek:r2:neutral_initial","two_math:CHAMP:P_Inequality_49:minimax:r2:neutral_initial",2,FALSE,285
"two_math:CHAMP:P_Number-Theory_42:deepseek:r1:A0_AI","CHAMP:P_Number-Theory_42","math","Number-Theory","deepseek","minimax",1,"A0_AI","two_math:CHAMP:P_Number-Theory_42:deepseek:r1:neutral_initial","two_math:CHAMP:P_Number-Theory_42:minimax:r1:neutral_initial",2,FALSE,286
"two_math:CHAMP:P_Sequence_20:deepseek:r2:A0_AI","CHAMP:P_Sequence_20","math","Sequence","deepseek","minimax",2,"A0_AI","two_math:CHAMP:P_Sequence_20:deepseek:r2:neutral_initial","two_math:CHAMP:P_Sequence_20:minimax:r2:neutral_initial",2,TRUE,287
"two_math:CHAMP:P_Combinatorics_21:minimax:r2:self_check","CHAMP:P_Combinatorics_21","math","Combinatorics","minimax","",2,"self_check","two_math:CHAMP:P_Combinatorics_21:minimax:r2:neutral_initial","",2,FALSE,288
"two_math:CHAMP:P_Sequence_28:minimax:r1:A0_AI","CHAMP:P_Sequence_28","math","Sequence","minimax","deepseek",1,"A0_AI","two_math:CHAMP:P_Sequence_28:minimax:r1:neutral_initial","two_math:CHAMP:P_Sequence_28:deepseek:r1:neutral_initial",2,TRUE,289
"two_math:CHAMP:P_Polynomial_1:deepseek:r2:A0_AI","CHAMP:P_Polynomial_1","math","Polynomial","deepseek","minimax",2,"A0_AI","two_math:CHAMP:P_Polynomial_1:deepseek:r2:neutral_initial","two_math:CHAMP:P_Polynomial_1:minimax:r2:neutral_initial",2,FALSE,290
"two_math:CHAMP:P_Polynomial_32:deepseek:r1:A0_AI","CHAMP:P_Polynomial_32","math","Polynomial","deepseek","minimax",1,"A0_AI","two_math:CHAMP:P_Polynomial_32:deepseek:r1:neutral_initial","two_math:CHAMP:P_Polynomial_32:minimax:r1:neutral_initial",2,FALSE,291
"two_math:CHAMP:P_Number-Theory_67:minimax:r1:self_check","CHAMP:P_Number-Theory_67","math","Number-Theory","minimax","",1,"self_check","two_math:CHAMP:P_Number-Theory_67:minimax:r1:neutral_initial","",2,TRUE,292
"two_math:CHAMP:P_Combinatorics_38:minimax:r1:A0_AI","CHAMP:P_Combinatorics_38","math","Combinatorics","minimax","deepseek",1,"A0_AI","two_math:CHAMP:P_Combinatorics_38:minimax:r1:neutral_initial","two_math:CHAMP:P_Combinatorics_38:deepseek:r1:neutral_initial",2,FALSE,293
"two_math:CHAMP:P_Polynomial_1:deepseek:r2:self_check","CHAMP:P_Polynomial_1","math","Polynomial","deepseek","",2,"self_check","two_math:CHAMP:P_Polynomial_1:deepseek:r2:neutral_initial","",2,FALSE,294
"two_math:CHAMP:P_Combinatorics_5:deepseek:r2:self_check","CHAMP:P_Combinatorics_5","math","Combinatorics","deepseek","",2,"self_check","two_math:CHAMP:P_Combinatorics_5:deepseek:r2:neutral_initial","",2,TRUE,295
"two_math:CHAMP:P_Combinatorics_40:minimax:r1:self_check","CHAMP:P_Combinatorics_40","math","Combinatorics","minimax","",1,"self_check","two_math:CHAMP:P_Combinatorics_40:minimax:r1:neutral_initial","",2,FALSE,296
"two_math:CHAMP:P_Polynomial_50:minimax:r2:self_check","CHAMP:P_Polynomial_50","math","Polynomial","minimax","",2,"self_check","two_math:CHAMP:P_Polynomial_50:minimax:r2:neutral_initial","",2,FALSE,297
"two_math:CHAMP:P_Inequality_26:deepseek:r2:self_check","CHAMP:P_Inequality_26","math","Inequality","deepseek","",2,"self_check","two_math:CHAMP:P_Inequality_26:deepseek:r2:neutral_initial","",2,FALSE,298
"two_math:CHAMP:P_Sequence_21:deepseek:r2:self_check","CHAMP:P_Sequence_21","math","Sequence","deepseek","",2,"self_check","two_math:CHAMP:P_Sequence_21:deepseek:r2:neutral_initial","",2,FALSE,299
"two_math:CHAMP:P_Combinatorics_30:deepseek:r2:self_check","CHAMP:P_Combinatorics_30","math","Combinatorics","deepseek","",2,"self_check","two_math:CHAMP:P_Combinatorics_30:deepseek:r2:neutral_initial","",2,TRUE,300
"two_math:CHAMP:P_Number-Theory_71:minimax:r1:self_check","CHAMP:P_Number-Theory_71","math","Number-Theory","minimax","",1,"self_check","two_math:CHAMP:P_Number-Theory_71:minimax:r1:neutral_initial","",2,FALSE,301
"two_math:CHAMP:P_Combinatorics_18:deepseek:r1:self_check","CHAMP:P_Combinatorics_18","math","Combinatorics","deepseek","",1,"self_check","two_math:CHAMP:P_Combinatorics_18:deepseek:r1:neutral_initial","",2,TRUE,302
"two_math:CHAMP:P_Sequence_20:minimax:r2:self_check","CHAMP:P_Sequence_20","math","Sequence","minimax","",2,"self_check","two_math:CHAMP:P_Sequence_20:minimax:r2:neutral_initial","",2,TRUE,303
"two_math:CHAMP:P_Sequence_21:deepseek:r2:A0_AI","CHAMP:P_Sequence_21","math","Sequence","deepseek","minimax",2,"A0_AI","two_math:CHAMP:P_Sequence_21:deepseek:r2:neutral_initial","two_math:CHAMP:P_Sequence_21:minimax:r2:neutral_initial",2,FALSE,304
"two_math:CHAMP:P_Number-Theory_13:deepseek:r1:A0_AI","CHAMP:P_Number-Theory_13","math","Number-Theory","deepseek","minimax",1,"A0_AI","two_math:CHAMP:P_Number-Theory_13:deepseek:r1:neutral_initial","two_math:CHAMP:P_Number-Theory_13:minimax:r1:neutral_initial",2,FALSE,305
"two_math:CHAMP:P_Number-Theory_71:deepseek:r1:A0_AI","CHAMP:P_Number-Theory_71","math","Number-Theory","deepseek","minimax",1,"A0_AI","two_math:CHAMP:P_Number-Theory_71:deepseek:r1:neutral_initial","two_math:CHAMP:P_Number-Theory_71:minimax:r1:neutral_initial",2,FALSE,306
"two_math:CHAMP:P_Number-Theory_12:minimax:r2:self_check","CHAMP:P_Number-Theory_12","math","Number-Theory","minimax","",2,"self_check","two_math:CHAMP:P_Number-Theory_12:minimax:r2:neutral_initial","",2,FALSE,307
"two_math:CHAMP:P_Sequence_11:minimax:r1:A0_AI","CHAMP:P_Sequence_11","math","Sequence","minimax","deepseek",1,"A0_AI","two_math:CHAMP:P_Sequence_11:minimax:r1:neutral_initial","two_math:CHAMP:P_Sequence_11:deepseek:r1:neutral_initial",2,FALSE,308
"two_math:CHAMP:P_Number-Theory_12:minimax:r1:A0_AI","CHAMP:P_Number-Theory_12","math","Number-Theory","minimax","deepseek",1,"A0_AI","two_math:CHAMP:P_Number-Theory_12:minimax:r1:neutral_initial","two_math:CHAMP:P_Number-Theory_12:deepseek:r1:neutral_initial",2,FALSE,309
"two_math:CHAMP:P_Combinatorics_38:deepseek:r2:self_check","CHAMP:P_Combinatorics_38","math","Combinatorics","deepseek","",2,"self_check","two_math:CHAMP:P_Combinatorics_38:deepseek:r2:neutral_initial","",2,FALSE,310
"two_math:CHAMP:P_Sequence_19:deepseek:r1:A0_AI","CHAMP:P_Sequence_19","math","Sequence","deepseek","minimax",1,"A0_AI","two_math:CHAMP:P_Sequence_19:deepseek:r1:neutral_initial","two_math:CHAMP:P_Sequence_19:minimax:r1:neutral_initial",2,FALSE,311
"two_math:CHAMP:P_Polynomial_1:deepseek:r1:self_check","CHAMP:P_Polynomial_1","math","Polynomial","deepseek","",1,"self_check","two_math:CHAMP:P_Polynomial_1:deepseek:r1:neutral_initial","",2,FALSE,312
"two_math:CHAMP:P_Polynomial_32:deepseek:r2:A0_AI","CHAMP:P_Polynomial_32","math","Polynomial","deepseek","minimax",2,"A0_AI","two_math:CHAMP:P_Polynomial_32:deepseek:r2:neutral_initial","two_math:CHAMP:P_Polynomial_32:minimax:r2:neutral_initial",2,FALSE,313
"two_math:CHAMP:P_Sequence_11:deepseek:r1:A0_AI","CHAMP:P_Sequence_11","math","Sequence","deepseek","minimax",1,"A0_AI","two_math:CHAMP:P_Sequence_11:deepseek:r1:neutral_initial","two_math:CHAMP:P_Sequence_11:minimax:r1:neutral_initial",2,FALSE,314
"two_math:CHAMP:P_Polynomial_24:minimax:r1:A0_AI","CHAMP:P_Polynomial_24","math","Polynomial","minimax","deepseek",1,"A0_AI","two_math:CHAMP:P_Polynomial_24:minimax:r1:neutral_initial","two_math:CHAMP:P_Polynomial_24:deepseek:r1:neutral_initial",2,FALSE,315
"two_math:CHAMP:P_Inequality_49:deepseek:r1:self_check","CHAMP:P_Inequality_49","math","Inequality","deepseek","",1,"self_check","two_math:CHAMP:P_Inequality_49:deepseek:r1:neutral_initial","",2,FALSE,316
"two_math:CHAMP:P_Number-Theory_71:minimax:r2:self_check","CHAMP:P_Number-Theory_71","math","Number-Theory","minimax","",2,"self_check","two_math:CHAMP:P_Number-Theory_71:minimax:r2:neutral_initial","",2,FALSE,317
"two_math:CHAMP:P_Sequence_21:deepseek:r1:self_check","CHAMP:P_Sequence_21","math","Sequence","deepseek","",1,"self_check","two_math:CHAMP:P_Sequence_21:deepseek:r1:neutral_initial","",2,FALSE,318
"two_math:CHAMP:P_Number-Theory_24:deepseek:r2:self_check","CHAMP:P_Number-Theory_24","math","Number-Theory","deepseek","",2,"self_check","two_math:CHAMP:P_Number-Theory_24:deepseek:r2:neutral_initial","",2,TRUE,319
"two_math:CHAMP:P_Sequence_40:minimax:r1:A0_AI","CHAMP:P_Sequence_40","math","Sequence","minimax","deepseek",1,"A0_AI","two_math:CHAMP:P_Sequence_40:minimax:r1:neutral_initial","two_math:CHAMP:P_Sequence_40:deepseek:r1:neutral_initial",2,FALSE,320
"two_math:CHAMP:P_Combinatorics_30:minimax:r2:A0_AI","CHAMP:P_Combinatorics_30","math","Combinatorics","minimax","deepseek",2,"A0_AI","two_math:CHAMP:P_Combinatorics_30:minimax:r2:neutral_initial","two_math:CHAMP:P_Combinatorics_30:deepseek:r2:neutral_initial",2,TRUE,321
"two_math:CHAMP:P_Number-Theory_17:minimax:r2:A0_AI","CHAMP:P_Number-Theory_17","math","Number-Theory","minimax","deepseek",2,"A0_AI","two_math:CHAMP:P_Number-Theory_17:minimax:r2:neutral_initial","two_math:CHAMP:P_Number-Theory_17:deepseek:r2:neutral_initial",2,FALSE,322
"two_math:CHAMP:P_Number-Theory_12:minimax:r1:self_check","CHAMP:P_Number-Theory_12","math","Number-Theory","minimax","",1,"self_check","two_math:CHAMP:P_Number-Theory_12:minimax:r1:neutral_initial","",2,FALSE,323
"two_math:CHAMP:P_Polynomial_32:minimax:r2:A0_AI","CHAMP:P_Polynomial_32","math","Polynomial","minimax","deepseek",2,"A0_AI","two_math:CHAMP:P_Polynomial_32:minimax:r2:neutral_initial","two_math:CHAMP:P_Polynomial_32:deepseek:r2:neutral_initial",2,FALSE,324
"two_math:CHAMP:P_Polynomial_50:minimax:r2:A0_AI","CHAMP:P_Polynomial_50","math","Polynomial","minimax","deepseek",2,"A0_AI","two_math:CHAMP:P_Polynomial_50:minimax:r2:neutral_initial","two_math:CHAMP:P_Polynomial_50:deepseek:r2:neutral_initial",2,FALSE,325
"two_math:CHAMP:P_Inequality_49:deepseek:r2:self_check","CHAMP:P_Inequality_49","math","Inequality","deepseek","",2,"self_check","two_math:CHAMP:P_Inequality_49:deepseek:r2:neutral_initial","",2,FALSE,326
"two_math:CHAMP:P_Number-Theory_42:minimax:r1:self_check","CHAMP:P_Number-Theory_42","math","Number-Theory","minimax","",1,"self_check","two_math:CHAMP:P_Number-Theory_42:minimax:r1:neutral_initial","",2,FALSE,327
"two_math:CHAMP:P_Inequality_4:minimax:r2:A0_AI","CHAMP:P_Inequality_4","math","Inequality","minimax","deepseek",2,"A0_AI","two_math:CHAMP:P_Inequality_4:minimax:r2:neutral_initial","two_math:CHAMP:P_Inequality_4:deepseek:r2:neutral_initial",2,FALSE,328
"two_math:CHAMP:P_Inequality_26:minimax:r1:self_check","CHAMP:P_Inequality_26","math","Inequality","minimax","",1,"self_check","two_math:CHAMP:P_Inequality_26:minimax:r1:neutral_initial","",2,FALSE,329
"two_math:CHAMP:P_Polynomial_47:minimax:r2:A0_AI","CHAMP:P_Polynomial_47","math","Polynomial","minimax","deepseek",2,"A0_AI","two_math:CHAMP:P_Polynomial_47:minimax:r2:neutral_initial","two_math:CHAMP:P_Polynomial_47:deepseek:r2:neutral_initial",2,TRUE,330
"two_math:CHAMP:P_Sequence_42:minimax:r1:A0_AI","CHAMP:P_Sequence_42","math","Sequence","minimax","deepseek",1,"A0_AI","two_math:CHAMP:P_Sequence_42:minimax:r1:neutral_initial","two_math:CHAMP:P_Sequence_42:deepseek:r1:neutral_initial",2,TRUE,331
"two_math:CHAMP:P_Combinatorics_38:deepseek:r2:A0_AI","CHAMP:P_Combinatorics_38","math","Combinatorics","deepseek","minimax",2,"A0_AI","two_math:CHAMP:P_Combinatorics_38:deepseek:r2:neutral_initial","two_math:CHAMP:P_Combinatorics_38:minimax:r2:neutral_initial",2,FALSE,332
"two_math:CHAMP:P_Inequality_13:minimax:r2:A0_AI","CHAMP:P_Inequality_13","math","Inequality","minimax","deepseek",2,"A0_AI","two_math:CHAMP:P_Inequality_13:minimax:r2:neutral_initial","two_math:CHAMP:P_Inequality_13:deepseek:r2:neutral_initial",2,TRUE,333
"two_math:CHAMP:P_Polynomial_47:minimax:r1:self_check","CHAMP:P_Polynomial_47","math","Polynomial","minimax","",1,"self_check","two_math:CHAMP:P_Polynomial_47:minimax:r1:neutral_initial","",2,TRUE,334
"two_math:CHAMP:P_Sequence_19:deepseek:r2:A0_AI","CHAMP:P_Sequence_19","math","Sequence","deepseek","minimax",2,"A0_AI","two_math:CHAMP:P_Sequence_19:deepseek:r2:neutral_initial","two_math:CHAMP:P_Sequence_19:minimax:r2:neutral_initial",2,FALSE,335
"two_math:CHAMP:P_Sequence_21:minimax:r1:A0_AI","CHAMP:P_Sequence_21","math","Sequence","minimax","deepseek",1,"A0_AI","two_math:CHAMP:P_Sequence_21:minimax:r1:neutral_initial","two_math:CHAMP:P_Sequence_21:deepseek:r1:neutral_initial",2,FALSE,336
"two_math:CHAMP:P_Number-Theory_42:deepseek:r2:A0_AI","CHAMP:P_Number-Theory_42","math","Number-Theory","deepseek","minimax",2,"A0_AI","two_math:CHAMP:P_Number-Theory_42:deepseek:r2:neutral_initial","two_math:CHAMP:P_Number-Theory_42:minimax:r2:neutral_initial",2,FALSE,337
"two_math:CHAMP:P_Sequence_40:minimax:r2:self_check","CHAMP:P_Sequence_40","math","Sequence","minimax","",2,"self_check","two_math:CHAMP:P_Sequence_40:minimax:r2:neutral_initial","",2,FALSE,338
"two_math:CHAMP:P_Polynomial_17:deepseek:r2:self_check","CHAMP:P_Polynomial_17","math","Polynomial","deepseek","",2,"self_check","two_math:CHAMP:P_Polynomial_17:deepseek:r2:neutral_initial","",2,FALSE,339
"two_math:CHAMP:P_Combinatorics_21:deepseek:r2:A0_AI","CHAMP:P_Combinatorics_21","math","Combinatorics","deepseek","minimax",2,"A0_AI","two_math:CHAMP:P_Combinatorics_21:deepseek:r2:neutral_initial","two_math:CHAMP:P_Combinatorics_21:minimax:r2:neutral_initial",2,FALSE,340
"two_math:CHAMP:P_Polynomial_47:minimax:r2:self_check","CHAMP:P_Polynomial_47","math","Polynomial","minimax","",2,"self_check","two_math:CHAMP:P_Polynomial_47:minimax:r2:neutral_initial","",2,TRUE,341
"two_math:CHAMP:P_Polynomial_23:minimax:r2:self_check","CHAMP:P_Polynomial_23","math","Polynomial","minimax","",2,"self_check","two_math:CHAMP:P_Polynomial_23:minimax:r2:neutral_initial","",2,TRUE,342
"two_math:CHAMP:P_Inequality_13:minimax:r1:A0_AI","CHAMP:P_Inequality_13","math","Inequality","minimax","deepseek",1,"A0_AI","two_math:CHAMP:P_Inequality_13:minimax:r1:neutral_initial","two_math:CHAMP:P_Inequality_13:deepseek:r1:neutral_initial",2,TRUE,343
"two_math:CHAMP:P_Combinatorics_7:deepseek:r2:A0_AI","CHAMP:P_Combinatorics_7","math","Combinatorics","deepseek","minimax",2,"A0_AI","two_math:CHAMP:P_Combinatorics_7:deepseek:r2:neutral_initial","two_math:CHAMP:P_Combinatorics_7:minimax:r2:neutral_initial",2,FALSE,344
"two_math:CHAMP:P_Polynomial_47:deepseek:r2:self_check","CHAMP:P_Polynomial_47","math","Polynomial","deepseek","",2,"self_check","two_math:CHAMP:P_Polynomial_47:deepseek:r2:neutral_initial","",2,TRUE,345
"two_math:CHAMP:P_Polynomial_17:deepseek:r1:self_check","CHAMP:P_Polynomial_17","math","Polynomial","deepseek","",1,"self_check","two_math:CHAMP:P_Polynomial_17:deepseek:r1:neutral_initial","",2,FALSE,346
"two_math:CHAMP:P_Combinatorics_7:minimax:r1:A0_AI","CHAMP:P_Combinatorics_7","math","Combinatorics","minimax","deepseek",1,"A0_AI","two_math:CHAMP:P_Combinatorics_7:minimax:r1:neutral_initial","two_math:CHAMP:P_Combinatorics_7:deepseek:r1:neutral_initial",2,FALSE,347
"two_math:CHAMP:P_Combinatorics_40:minimax:r2:self_check","CHAMP:P_Combinatorics_40","math","Combinatorics","minimax","",2,"self_check","two_math:CHAMP:P_Combinatorics_40:minimax:r2:neutral_initial","",2,FALSE,348
"two_math:CHAMP:P_Sequence_40:deepseek:r2:A0_AI","CHAMP:P_Sequence_40","math","Sequence","deepseek","minimax",2,"A0_AI","two_math:CHAMP:P_Sequence_40:deepseek:r2:neutral_initial","two_math:CHAMP:P_Sequence_40:minimax:r2:neutral_initial",2,FALSE,349
"two_math:CHAMP:P_Inequality_4:deepseek:r1:A0_AI","CHAMP:P_Inequality_4","math","Inequality","deepseek","minimax",1,"A0_AI","two_math:CHAMP:P_Inequality_4:deepseek:r1:neutral_initial","two_math:CHAMP:P_Inequality_4:minimax:r1:neutral_initial",2,FALSE,350
"two_math:CHAMP:P_Number-Theory_17:minimax:r2:self_check","CHAMP:P_Number-Theory_17","math","Number-Theory","minimax","",2,"self_check","two_math:CHAMP:P_Number-Theory_17:minimax:r2:neutral_initial","",2,FALSE,351
"two_math:CHAMP:P_Inequality_8:minimax:r2:A0_AI","CHAMP:P_Inequality_8","math","Inequality","minimax","deepseek",2,"A0_AI","two_math:CHAMP:P_Inequality_8:minimax:r2:neutral_initial","two_math:CHAMP:P_Inequality_8:deepseek:r2:neutral_initial",2,FALSE,352
"two_math:CHAMP:P_Polynomial_50:deepseek:r1:self_check","CHAMP:P_Polynomial_50","math","Polynomial","deepseek","",1,"self_check","two_math:CHAMP:P_Polynomial_50:deepseek:r1:neutral_initial","",2,FALSE,353
"two_math:CHAMP:P_Inequality_8:deepseek:r1:A0_AI","CHAMP:P_Inequality_8","math","Inequality","deepseek","minimax",1,"A0_AI","two_math:CHAMP:P_Inequality_8:deepseek:r1:neutral_initial","two_math:CHAMP:P_Inequality_8:minimax:r1:neutral_initial",2,FALSE,354
"two_math:CHAMP:P_Combinatorics_31:deepseek:r2:A0_AI","CHAMP:P_Combinatorics_31","math","Combinatorics","deepseek","minimax",2,"A0_AI","two_math:CHAMP:P_Combinatorics_31:deepseek:r2:neutral_initial","two_math:CHAMP:P_Combinatorics_31:minimax:r2:neutral_initial",2,FALSE,355
"two_math:CHAMP:P_Combinatorics_38:minimax:r1:self_check","CHAMP:P_Combinatorics_38","math","Combinatorics","minimax","",1,"self_check","two_math:CHAMP:P_Combinatorics_38:minimax:r1:neutral_initial","",2,FALSE,356
"two_math:CHAMP:P_Polynomial_1:minimax:r1:self_check","CHAMP:P_Polynomial_1","math","Polynomial","minimax","",1,"self_check","two_math:CHAMP:P_Polynomial_1:minimax:r1:neutral_initial","",2,FALSE,357
"two_math:CHAMP:P_Combinatorics_5:minimax:r2:self_check","CHAMP:P_Combinatorics_5","math","Combinatorics","minimax","",2,"self_check","two_math:CHAMP:P_Combinatorics_5:minimax:r2:neutral_initial","",2,TRUE,358
"two_math:CHAMP:P_Number-Theory_12:deepseek:r1:self_check","CHAMP:P_Number-Theory_12","math","Number-Theory","deepseek","",1,"self_check","two_math:CHAMP:P_Number-Theory_12:deepseek:r1:neutral_initial","",2,FALSE,359
"two_math:CHAMP:P_Combinatorics_30:minimax:r1:self_check","CHAMP:P_Combinatorics_30","math","Combinatorics","minimax","",1,"self_check","two_math:CHAMP:P_Combinatorics_30:minimax:r1:neutral_initial","",2,TRUE,360
"two_math:CHAMP:P_Number-Theory_71:deepseek:r1:self_check","CHAMP:P_Number-Theory_71","math","Number-Theory","deepseek","",1,"self_check","two_math:CHAMP:P_Number-Theory_71:deepseek:r1:neutral_initial","",2,FALSE,361
"two_math:CHAMP:P_Inequality_15:minimax:r2:self_check","CHAMP:P_Inequality_15","math","Inequality","minimax","",2,"self_check","two_math:CHAMP:P_Inequality_15:minimax:r2:neutral_initial","",2,TRUE,362
"two_math:CHAMP:P_Number-Theory_71:deepseek:r2:A0_AI","CHAMP:P_Number-Theory_71","math","Number-Theory","deepseek","minimax",2,"A0_AI","two_math:CHAMP:P_Number-Theory_71:deepseek:r2:neutral_initial","two_math:CHAMP:P_Number-Theory_71:minimax:r2:neutral_initial",2,FALSE,363
"two_math:CHAMP:P_Combinatorics_20:deepseek:r1:A0_AI","CHAMP:P_Combinatorics_20","math","Combinatorics","deepseek","minimax",1,"A0_AI","two_math:CHAMP:P_Combinatorics_20:deepseek:r1:neutral_initial","two_math:CHAMP:P_Combinatorics_20:minimax:r1:neutral_initial",2,FALSE,364
"two_math:CHAMP:P_Inequality_4:minimax:r2:self_check","CHAMP:P_Inequality_4","math","Inequality","minimax","",2,"self_check","two_math:CHAMP:P_Inequality_4:minimax:r2:neutral_initial","",2,FALSE,365
"two_math:CHAMP:P_Inequality_24:deepseek:r1:A0_AI","CHAMP:P_Inequality_24","math","Inequality","deepseek","minimax",1,"A0_AI","two_math:CHAMP:P_Inequality_24:deepseek:r1:neutral_initial","two_math:CHAMP:P_Inequality_24:minimax:r1:neutral_initial",2,TRUE,366
"two_math:CHAMP:P_Polynomial_24:deepseek:r1:self_check","CHAMP:P_Polynomial_24","math","Polynomial","deepseek","",1,"self_check","two_math:CHAMP:P_Polynomial_24:deepseek:r1:neutral_initial","",2,FALSE,367
"two_math:CHAMP:P_Sequence_28:deepseek:r1:A0_AI","CHAMP:P_Sequence_28","math","Sequence","deepseek","minimax",1,"A0_AI","two_math:CHAMP:P_Sequence_28:deepseek:r1:neutral_initial","two_math:CHAMP:P_Sequence_28:minimax:r1:neutral_initial",2,TRUE,368
"two_math:CHAMP:P_Polynomial_40:minimax:r1:self_check","CHAMP:P_Polynomial_40","math","Polynomial","minimax","",1,"self_check","two_math:CHAMP:P_Polynomial_40:minimax:r1:neutral_initial","",2,TRUE,369
"two_math:CHAMP:P_Number-Theory_17:minimax:r1:A0_AI","CHAMP:P_Number-Theory_17","math","Number-Theory","minimax","deepseek",1,"A0_AI","two_math:CHAMP:P_Number-Theory_17:minimax:r1:neutral_initial","two_math:CHAMP:P_Number-Theory_17:deepseek:r1:neutral_initial",2,FALSE,370
"two_math:CHAMP:P_Combinatorics_20:deepseek:r2:A0_AI","CHAMP:P_Combinatorics_20","math","Combinatorics","deepseek","minimax",2,"A0_AI","two_math:CHAMP:P_Combinatorics_20:deepseek:r2:neutral_initial","two_math:CHAMP:P_Combinatorics_20:minimax:r2:neutral_initial",2,FALSE,371
"two_math:CHAMP:P_Inequality_26:deepseek:r2:A0_AI","CHAMP:P_Inequality_26","math","Inequality","deepseek","minimax",2,"A0_AI","two_math:CHAMP:P_Inequality_26:deepseek:r2:neutral_initial","two_math:CHAMP:P_Inequality_26:minimax:r2:neutral_initial",2,FALSE,372
"two_math:CHAMP:P_Inequality_15:deepseek:r2:A0_AI","CHAMP:P_Inequality_15","math","Inequality","deepseek","minimax",2,"A0_AI","two_math:CHAMP:P_Inequality_15:deepseek:r2:neutral_initial","two_math:CHAMP:P_Inequality_15:minimax:r2:neutral_initial",2,TRUE,373
"two_math:CHAMP:P_Polynomial_24:deepseek:r1:A0_AI","CHAMP:P_Polynomial_24","math","Polynomial","deepseek","minimax",1,"A0_AI","two_math:CHAMP:P_Polynomial_24:deepseek:r1:neutral_initial","two_math:CHAMP:P_Polynomial_24:minimax:r1:neutral_initial",2,FALSE,374
"two_math:CHAMP:P_Number-Theory_24:deepseek:r1:self_check","CHAMP:P_Number-Theory_24","math","Number-Theory","deepseek","",1,"self_check","two_math:CHAMP:P_Number-Theory_24:deepseek:r1:neutral_initial","",2,TRUE,375
"two_math:CHAMP:P_Number-Theory_67:deepseek:r2:self_check","CHAMP:P_Number-Theory_67","math","Number-Theory","deepseek","",2,"self_check","two_math:CHAMP:P_Number-Theory_67:deepseek:r2:neutral_initial","",2,TRUE,376
"two_math:CHAMP:P_Combinatorics_20:deepseek:r1:self_check","CHAMP:P_Combinatorics_20","math","Combinatorics","deepseek","",1,"self_check","two_math:CHAMP:P_Combinatorics_20:deepseek:r1:neutral_initial","",2,FALSE,377
"two_math:CHAMP:P_Polynomial_23:deepseek:r2:self_check","CHAMP:P_Polynomial_23","math","Polynomial","deepseek","",2,"self_check","two_math:CHAMP:P_Polynomial_23:deepseek:r2:neutral_initial","",2,TRUE,378
"two_math:CHAMP:P_Inequality_24:minimax:r1:A0_AI","CHAMP:P_Inequality_24","math","Inequality","minimax","deepseek",1,"A0_AI","two_math:CHAMP:P_Inequality_24:minimax:r1:neutral_initial","two_math:CHAMP:P_Inequality_24:deepseek:r1:neutral_initial",2,TRUE,379
"two_math:CHAMP:P_Inequality_4:deepseek:r2:A0_AI","CHAMP:P_Inequality_4","math","Inequality","deepseek","minimax",2,"A0_AI","two_math:CHAMP:P_Inequality_4:deepseek:r2:neutral_initial","two_math:CHAMP:P_Inequality_4:minimax:r2:neutral_initial",2,FALSE,380
"two_math:CHAMP:P_Sequence_42:deepseek:r2:A0_AI","CHAMP:P_Sequence_42","math","Sequence","deepseek","minimax",2,"A0_AI","two_math:CHAMP:P_Sequence_42:deepseek:r2:neutral_initial","two_math:CHAMP:P_Sequence_42:minimax:r2:neutral_initial",2,TRUE,381
"two_math:CHAMP:P_Sequence_20:deepseek:r1:self_check","CHAMP:P_Sequence_20","math","Sequence","deepseek","",1,"self_check","two_math:CHAMP:P_Sequence_20:deepseek:r1:neutral_initial","",2,TRUE,382
"two_math:CHAMP:P_Polynomial_1:minimax:r1:A0_AI","CHAMP:P_Polynomial_1","math","Polynomial","minimax","deepseek",1,"A0_AI","two_math:CHAMP:P_Polynomial_1:minimax:r1:neutral_initial","two_math:CHAMP:P_Polynomial_1:deepseek:r1:neutral_initial",2,FALSE,383
"two_math:CHAMP:P_Number-Theory_13:minimax:r1:self_check","CHAMP:P_Number-Theory_13","math","Number-Theory","minimax","",1,"self_check","two_math:CHAMP:P_Number-Theory_13:minimax:r1:neutral_initial","",2,FALSE,384
"two_math:CHAMP:P_Combinatorics_38:minimax:r2:self_check","CHAMP:P_Combinatorics_38","math","Combinatorics","minimax","",2,"self_check","two_math:CHAMP:P_Combinatorics_38:minimax:r2:neutral_initial","",2,FALSE,385
"two_math:CHAMP:P_Polynomial_47:deepseek:r2:A0_AI","CHAMP:P_Polynomial_47","math","Polynomial","deepseek","minimax",2,"A0_AI","two_math:CHAMP:P_Polynomial_47:deepseek:r2:neutral_initial","two_math:CHAMP:P_Polynomial_47:minimax:r2:neutral_initial",2,TRUE,386
"two_math:CHAMP:P_Sequence_42:deepseek:r2:self_check","CHAMP:P_Sequence_42","math","Sequence","deepseek","",2,"self_check","two_math:CHAMP:P_Sequence_42:deepseek:r2:neutral_initial","",2,TRUE,387
"two_math:CHAMP:P_Combinatorics_18:minimax:r2:A0_AI","CHAMP:P_Combinatorics_18","math","Combinatorics","minimax","deepseek",2,"A0_AI","two_math:CHAMP:P_Combinatorics_18:minimax:r2:neutral_initial","two_math:CHAMP:P_Combinatorics_18:deepseek:r2:neutral_initial",2,TRUE,388
"two_math:CHAMP:P_Sequence_20:deepseek:r1:A0_AI","CHAMP:P_Sequence_20","math","Sequence","deepseek","minimax",1,"A0_AI","two_math:CHAMP:P_Sequence_20:deepseek:r1:neutral_initial","two_math:CHAMP:P_Sequence_20:minimax:r1:neutral_initial",2,TRUE,389
"two_math:CHAMP:P_Polynomial_17:minimax:r2:self_check","CHAMP:P_Polynomial_17","math","Polynomial","minimax","",2,"self_check","two_math:CHAMP:P_Polynomial_17:minimax:r2:neutral_initial","",2,FALSE,390
"two_math:CHAMP:P_Combinatorics_18:minimax:r1:self_check","CHAMP:P_Combinatorics_18","math","Combinatorics","minimax","",1,"self_check","two_math:CHAMP:P_Combinatorics_18:minimax:r1:neutral_initial","",2,TRUE,391
"two_math:CHAMP:P_Sequence_28:minimax:r1:self_check","CHAMP:P_Sequence_28","math","Sequence","minimax","",1,"self_check","two_math:CHAMP:P_Sequence_28:minimax:r1:neutral_initial","",2,TRUE,392
"two_math:CHAMP:P_Polynomial_17:deepseek:r2:A0_AI","CHAMP:P_Polynomial_17","math","Polynomial","deepseek","minimax",2,"A0_AI","two_math:CHAMP:P_Polynomial_17:deepseek:r2:neutral_initial","two_math:CHAMP:P_Polynomial_17:minimax:r2:neutral_initial",2,FALSE,393
"two_math:CHAMP:P_Polynomial_40:deepseek:r1:A0_AI","CHAMP:P_Polynomial_40","math","Polynomial","deepseek","minimax",1,"A0_AI","two_math:CHAMP:P_Polynomial_40:deepseek:r1:neutral_initial","two_math:CHAMP:P_Polynomial_40:minimax:r1:neutral_initial",2,TRUE,394
"two_math:CHAMP:P_Number-Theory_13:deepseek:r1:self_check","CHAMP:P_Number-Theory_13","math","Number-Theory","deepseek","",1,"self_check","two_math:CHAMP:P_Number-Theory_13:deepseek:r1:neutral_initial","",2,FALSE,395
"two_math:CHAMP:P_Polynomial_11:deepseek:r2:A0_AI","CHAMP:P_Polynomial_11","math","Polynomial","deepseek","minimax",2,"A0_AI","two_math:CHAMP:P_Polynomial_11:deepseek:r2:neutral_initial","two_math:CHAMP:P_Polynomial_11:minimax:r2:neutral_initial",2,FALSE,396
"two_math:CHAMP:P_Inequality_24:deepseek:r2:self_check","CHAMP:P_Inequality_24","math","Inequality","deepseek","",2,"self_check","two_math:CHAMP:P_Inequality_24:deepseek:r2:neutral_initial","",2,TRUE,397
"two_math:CHAMP:P_Number-Theory_24:minimax:r2:self_check","CHAMP:P_Number-Theory_24","math","Number-Theory","minimax","",2,"self_check","two_math:CHAMP:P_Number-Theory_24:minimax:r2:neutral_initial","",2,TRUE,398
"two_math:CHAMP:P_Sequence_42:minimax:r2:A0_AI","CHAMP:P_Sequence_42","math","Sequence","minimax","deepseek",2,"A0_AI","two_math:CHAMP:P_Sequence_42:minimax:r2:neutral_initial","two_math:CHAMP:P_Sequence_42:deepseek:r2:neutral_initial",2,TRUE,399
"two_math:CHAMP:P_Combinatorics_7:minimax:r2:A0_AI","CHAMP:P_Combinatorics_7","math","Combinatorics","minimax","deepseek",2,"A0_AI","two_math:CHAMP:P_Combinatorics_7:minimax:r2:neutral_initial","two_math:CHAMP:P_Combinatorics_7:deepseek:r2:neutral_initial",2,FALSE,400
"two_math:CHAMP:P_Combinatorics_30:deepseek:r2:A0_AI","CHAMP:P_Combinatorics_30","math","Combinatorics","deepseek","minimax",2,"A0_AI","two_math:CHAMP:P_Combinatorics_30:deepseek:r2:neutral_initial","two_math:CHAMP:P_Combinatorics_30:minimax:r2:neutral_initial",2,TRUE,401
"two_math:CHAMP:P_Polynomial_50:deepseek:r2:self_check","CHAMP:P_Polynomial_50","math","Polynomial","deepseek","",2,"self_check","two_math:CHAMP:P_Polynomial_50:deepseek:r2:neutral_initial","",2,FALSE,402
"two_math:CHAMP:P_Polynomial_32:deepseek:r1:self_check","CHAMP:P_Polynomial_32","math","Polynomial","deepseek","",1,"self_check","two_math:CHAMP:P_Polynomial_32:deepseek:r1:neutral_initial","",2,FALSE,403
"two_math:CHAMP:P_Polynomial_50:deepseek:r1:A0_AI","CHAMP:P_Polynomial_50","math","Polynomial","deepseek","minimax",1,"A0_AI","two_math:CHAMP:P_Polynomial_50:deepseek:r1:neutral_initial","two_math:CHAMP:P_Polynomial_50:minimax:r1:neutral_initial",2,FALSE,404
"two_math:CHAMP:P_Polynomial_17:minimax:r1:A0_AI","CHAMP:P_Polynomial_17","math","Polynomial","minimax","deepseek",1,"A0_AI","two_math:CHAMP:P_Polynomial_17:minimax:r1:neutral_initial","two_math:CHAMP:P_Polynomial_17:deepseek:r1:neutral_initial",2,FALSE,405
"two_math:CHAMP:P_Number-Theory_24:deepseek:r1:A0_AI","CHAMP:P_Number-Theory_24","math","Number-Theory","deepseek","minimax",1,"A0_AI","two_math:CHAMP:P_Number-Theory_24:deepseek:r1:neutral_initial","two_math:CHAMP:P_Number-Theory_24:minimax:r1:neutral_initial",2,TRUE,406
"two_math:CHAMP:P_Inequality_13:deepseek:r2:A0_AI","CHAMP:P_Inequality_13","math","Inequality","deepseek","minimax",2,"A0_AI","two_math:CHAMP:P_Inequality_13:deepseek:r2:neutral_initial","two_math:CHAMP:P_Inequality_13:minimax:r2:neutral_initial",2,TRUE,407
"two_math:CHAMP:P_Number-Theory_27:minimax:r2:self_check","CHAMP:P_Number-Theory_27","math","Number-Theory","minimax","",2,"self_check","two_math:CHAMP:P_Number-Theory_27:minimax:r2:neutral_initial","",2,TRUE,408
"two_math:CHAMP:P_Inequality_15:minimax:r2:A0_AI","CHAMP:P_Inequality_15","math","Inequality","minimax","deepseek",2,"A0_AI","two_math:CHAMP:P_Inequality_15:minimax:r2:neutral_initial","two_math:CHAMP:P_Inequality_15:deepseek:r2:neutral_initial",2,TRUE,409
"two_math:CHAMP:P_Inequality_49:minimax:r2:A0_AI","CHAMP:P_Inequality_49","math","Inequality","minimax","deepseek",2,"A0_AI","two_math:CHAMP:P_Inequality_49:minimax:r2:neutral_initial","two_math:CHAMP:P_Inequality_49:deepseek:r2:neutral_initial",2,FALSE,410
"two_math:CHAMP:P_Combinatorics_31:deepseek:r1:A0_AI","CHAMP:P_Combinatorics_31","math","Combinatorics","deepseek","minimax",1,"A0_AI","two_math:CHAMP:P_Combinatorics_31:deepseek:r1:neutral_initial","two_math:CHAMP:P_Combinatorics_31:minimax:r1:neutral_initial",2,FALSE,411
"two_math:CHAMP:P_Number-Theory_12:minimax:r2:A0_AI","CHAMP:P_Number-Theory_12","math","Number-Theory","minimax","deepseek",2,"A0_AI","two_math:CHAMP:P_Number-Theory_12:minimax:r2:neutral_initial","two_math:CHAMP:P_Number-Theory_12:deepseek:r2:neutral_initial",2,FALSE,412
"two_math:CHAMP:P_Combinatorics_21:minimax:r2:A0_AI","CHAMP:P_Combinatorics_21","math","Combinatorics","minimax","deepseek",2,"A0_AI","two_math:CHAMP:P_Combinatorics_21:minimax:r2:neutral_initial","two_math:CHAMP:P_Combinatorics_21:deepseek:r2:neutral_initial",2,FALSE,413
"two_math:CHAMP:P_Combinatorics_21:minimax:r1:self_check","CHAMP:P_Combinatorics_21","math","Combinatorics","minimax","",1,"self_check","two_math:CHAMP:P_Combinatorics_21:minimax:r1:neutral_initial","",2,FALSE,414
"two_math:CHAMP:P_Combinatorics_18:deepseek:r2:A0_AI","CHAMP:P_Combinatorics_18","math","Combinatorics","deepseek","minimax",2,"A0_AI","two_math:CHAMP:P_Combinatorics_18:deepseek:r2:neutral_initial","two_math:CHAMP:P_Combinatorics_18:minimax:r2:neutral_initial",2,TRUE,415
"two_math:CHAMP:P_Combinatorics_18:minimax:r2:self_check","CHAMP:P_Combinatorics_18","math","Combinatorics","minimax","",2,"self_check","two_math:CHAMP:P_Combinatorics_18:minimax:r2:neutral_initial","",2,TRUE,416
"two_math:CHAMP:P_Sequence_20:minimax:r1:A0_AI","CHAMP:P_Sequence_20","math","Sequence","minimax","deepseek",1,"A0_AI","two_math:CHAMP:P_Sequence_20:minimax:r1:neutral_initial","two_math:CHAMP:P_Sequence_20:deepseek:r1:neutral_initial",2,TRUE,417
"two_math:CHAMP:P_Inequality_13:deepseek:r1:A0_AI","CHAMP:P_Inequality_13","math","Inequality","deepseek","minimax",1,"A0_AI","two_math:CHAMP:P_Inequality_13:deepseek:r1:neutral_initial","two_math:CHAMP:P_Inequality_13:minimax:r1:neutral_initial",2,TRUE,418
"two_math:CHAMP:P_Number-Theory_42:minimax:r2:A0_AI","CHAMP:P_Number-Theory_42","math","Number-Theory","minimax","deepseek",2,"A0_AI","two_math:CHAMP:P_Number-Theory_42:minimax:r2:neutral_initial","two_math:CHAMP:P_Number-Theory_42:deepseek:r2:neutral_initial",2,FALSE,419
"two_math:CHAMP:P_Combinatorics_38:minimax:r2:A0_AI","CHAMP:P_Combinatorics_38","math","Combinatorics","minimax","deepseek",2,"A0_AI","two_math:CHAMP:P_Combinatorics_38:minimax:r2:neutral_initial","two_math:CHAMP:P_Combinatorics_38:deepseek:r2:neutral_initial",2,FALSE,420
"two_math:CHAMP:P_Sequence_21:minimax:r2:self_check","CHAMP:P_Sequence_21","math","Sequence","minimax","",2,"self_check","two_math:CHAMP:P_Sequence_21:minimax:r2:neutral_initial","",2,FALSE,421
"two_math:CHAMP:P_Combinatorics_30:minimax:r1:A0_AI","CHAMP:P_Combinatorics_30","math","Combinatorics","minimax","deepseek",1,"A0_AI","two_math:CHAMP:P_Combinatorics_30:minimax:r1:neutral_initial","two_math:CHAMP:P_Combinatorics_30:deepseek:r1:neutral_initial",2,TRUE,422
"two_math:CHAMP:P_Sequence_20:deepseek:r2:self_check","CHAMP:P_Sequence_20","math","Sequence","deepseek","",2,"self_check","two_math:CHAMP:P_Sequence_20:deepseek:r2:neutral_initial","",2,TRUE,423
"two_math:CHAMP:P_Sequence_11:deepseek:r2:self_check","CHAMP:P_Sequence_11","math","Sequence","deepseek","",2,"self_check","two_math:CHAMP:P_Sequence_11:deepseek:r2:neutral_initial","",2,FALSE,424
"two_math:CHAMP:P_Inequality_4:minimax:r1:self_check","CHAMP:P_Inequality_4","math","Inequality","minimax","",1,"self_check","two_math:CHAMP:P_Inequality_4:minimax:r1:neutral_initial","",2,FALSE,425
"two_math:CHAMP:P_Inequality_15:minimax:r1:A0_AI","CHAMP:P_Inequality_15","math","Inequality","minimax","deepseek",1,"A0_AI","two_math:CHAMP:P_Inequality_15:minimax:r1:neutral_initial","two_math:CHAMP:P_Inequality_15:deepseek:r1:neutral_initial",2,TRUE,426
"two_math:CHAMP:P_Number-Theory_12:deepseek:r2:A0_AI","CHAMP:P_Number-Theory_12","math","Number-Theory","deepseek","minimax",2,"A0_AI","two_math:CHAMP:P_Number-Theory_12:deepseek:r2:neutral_initial","two_math:CHAMP:P_Number-Theory_12:minimax:r2:neutral_initial",2,FALSE,427
"two_math:CHAMP:P_Polynomial_1:minimax:r2:A0_AI","CHAMP:P_Polynomial_1","math","Polynomial","minimax","deepseek",2,"A0_AI","two_math:CHAMP:P_Polynomial_1:minimax:r2:neutral_initial","two_math:CHAMP:P_Polynomial_1:deepseek:r2:neutral_initial",2,FALSE,428
"two_math:CHAMP:P_Number-Theory_32:minimax:r2:A0_AI","CHAMP:P_Number-Theory_32","math","Number-Theory","minimax","deepseek",2,"A0_AI","two_math:CHAMP:P_Number-Theory_32:minimax:r2:neutral_initial","two_math:CHAMP:P_Number-Theory_32:deepseek:r2:neutral_initial",2,FALSE,429
"two_math:CHAMP:P_Number-Theory_32:minimax:r2:self_check","CHAMP:P_Number-Theory_32","math","Number-Theory","minimax","",2,"self_check","two_math:CHAMP:P_Number-Theory_32:minimax:r2:neutral_initial","",2,FALSE,430
"two_math:CHAMP:P_Combinatorics_31:minimax:r2:self_check","CHAMP:P_Combinatorics_31","math","Combinatorics","minimax","",2,"self_check","two_math:CHAMP:P_Combinatorics_31:minimax:r2:neutral_initial","",2,FALSE,431
"two_math:CHAMP:P_Polynomial_23:deepseek:r2:A0_AI","CHAMP:P_Polynomial_23","math","Polynomial","deepseek","minimax",2,"A0_AI","two_math:CHAMP:P_Polynomial_23:deepseek:r2:neutral_initial","two_math:CHAMP:P_Polynomial_23:minimax:r2:neutral_initial",2,TRUE,432
"two_math:CHAMP:P_Inequality_15:deepseek:r1:self_check","CHAMP:P_Inequality_15","math","Inequality","deepseek","",1,"self_check","two_math:CHAMP:P_Inequality_15:deepseek:r1:neutral_initial","",2,TRUE,433
"two_math:CHAMP:P_Polynomial_32:minimax:r2:self_check","CHAMP:P_Polynomial_32","math","Polynomial","minimax","",2,"self_check","two_math:CHAMP:P_Polynomial_32:minimax:r2:neutral_initial","",2,FALSE,434
"two_math:CHAMP:P_Sequence_28:minimax:r2:self_check","CHAMP:P_Sequence_28","math","Sequence","minimax","",2,"self_check","two_math:CHAMP:P_Sequence_28:minimax:r2:neutral_initial","",2,TRUE,435
"two_math:CHAMP:P_Number-Theory_67:deepseek:r2:A0_AI","CHAMP:P_Number-Theory_67","math","Number-Theory","deepseek","minimax",2,"A0_AI","two_math:CHAMP:P_Number-Theory_67:deepseek:r2:neutral_initial","two_math:CHAMP:P_Number-Theory_67:minimax:r2:neutral_initial",2,TRUE,436
"two_math:CHAMP:P_Number-Theory_24:minimax:r1:self_check","CHAMP:P_Number-Theory_24","math","Number-Theory","minimax","",1,"self_check","two_math:CHAMP:P_Number-Theory_24:minimax:r1:neutral_initial","",2,TRUE,437
"two_math:CHAMP:P_Inequality_26:minimax:r2:A0_AI","CHAMP:P_Inequality_26","math","Inequality","minimax","deepseek",2,"A0_AI","two_math:CHAMP:P_Inequality_26:minimax:r2:neutral_initial","two_math:CHAMP:P_Inequality_26:deepseek:r2:neutral_initial",2,FALSE,438
"two_math:CHAMP:P_Sequence_19:deepseek:r1:self_check","CHAMP:P_Sequence_19","math","Sequence","deepseek","",1,"self_check","two_math:CHAMP:P_Sequence_19:deepseek:r1:neutral_initial","",2,FALSE,439
"two_math:CHAMP:P_Combinatorics_7:minimax:r2:self_check","CHAMP:P_Combinatorics_7","math","Combinatorics","minimax","",2,"self_check","two_math:CHAMP:P_Combinatorics_7:minimax:r2:neutral_initial","",2,FALSE,440
"two_math:CHAMP:P_Combinatorics_30:minimax:r2:self_check","CHAMP:P_Combinatorics_30","math","Combinatorics","minimax","",2,"self_check","two_math:CHAMP:P_Combinatorics_30:minimax:r2:neutral_initial","",2,TRUE,441
"two_math:CHAMP:P_Combinatorics_31:minimax:r1:A0_AI","CHAMP:P_Combinatorics_31","math","Combinatorics","minimax","deepseek",1,"A0_AI","two_math:CHAMP:P_Combinatorics_31:minimax:r1:neutral_initial","two_math:CHAMP:P_Combinatorics_31:deepseek:r1:neutral_initial",2,FALSE,442
"two_math:CHAMP:P_Inequality_49:deepseek:r1:A0_AI","CHAMP:P_Inequality_49","math","Inequality","deepseek","minimax",1,"A0_AI","two_math:CHAMP:P_Inequality_49:deepseek:r1:neutral_initial","two_math:CHAMP:P_Inequality_49:minimax:r1:neutral_initial",2,FALSE,443
"two_math:CHAMP:P_Sequence_11:minimax:r2:A0_AI","CHAMP:P_Sequence_11","math","Sequence","minimax","deepseek",2,"A0_AI","two_math:CHAMP:P_Sequence_11:minimax:r2:neutral_initial","two_math:CHAMP:P_Sequence_11:deepseek:r2:neutral_initial",2,FALSE,444
"two_math:CHAMP:P_Sequence_42:minimax:r1:self_check","CHAMP:P_Sequence_42","math","Sequence","minimax","",1,"self_check","two_math:CHAMP:P_Sequence_42:minimax:r1:neutral_initial","",2,TRUE,445
"two_math:CHAMP:P_Number-Theory_27:minimax:r1:A0_AI","CHAMP:P_Number-Theory_27","math","Number-Theory","minimax","deepseek",1,"A0_AI","two_math:CHAMP:P_Number-Theory_27:minimax:r1:neutral_initial","two_math:CHAMP:P_Number-Theory_27:deepseek:r1:neutral_initial",2,TRUE,446
"two_math:CHAMP:P_Combinatorics_31:minimax:r1:self_check","CHAMP:P_Combinatorics_31","math","Combinatorics","minimax","",1,"self_check","two_math:CHAMP:P_Combinatorics_31:minimax:r1:neutral_initial","",2,FALSE,447
"two_math:CHAMP:P_Polynomial_11:minimax:r2:A0_AI","CHAMP:P_Polynomial_11","math","Polynomial","minimax","deepseek",2,"A0_AI","two_math:CHAMP:P_Polynomial_11:minimax:r2:neutral_initial","two_math:CHAMP:P_Polynomial_11:deepseek:r2:neutral_initial",2,FALSE,448
"two_math:CHAMP:P_Polynomial_32:minimax:r1:self_check","CHAMP:P_Polynomial_32","math","Polynomial","minimax","",1,"self_check","two_math:CHAMP:P_Polynomial_32:minimax:r1:neutral_initial","",2,FALSE,449
"two_math:CHAMP:P_Combinatorics_21:minimax:r1:A0_AI","CHAMP:P_Combinatorics_21","math","Combinatorics","minimax","deepseek",1,"A0_AI","two_math:CHAMP:P_Combinatorics_21:minimax:r1:neutral_initial","two_math:CHAMP:P_Combinatorics_21:deepseek:r1:neutral_initial",2,FALSE,450
"two_math:CHAMP:P_Combinatorics_20:minimax:r1:A0_AI","CHAMP:P_Combinatorics_20","math","Combinatorics","minimax","deepseek",1,"A0_AI","two_math:CHAMP:P_Combinatorics_20:minimax:r1:neutral_initial","two_math:CHAMP:P_Combinatorics_20:deepseek:r1:neutral_initial",2,FALSE,451
"two_math:CHAMP:P_Polynomial_11:deepseek:r1:self_check","CHAMP:P_Polynomial_11","math","Polynomial","deepseek","",1,"self_check","two_math:CHAMP:P_Polynomial_11:deepseek:r1:neutral_initial","",2,FALSE,452
"two_math:CHAMP:P_Combinatorics_40:deepseek:r2:self_check","CHAMP:P_Combinatorics_40","math","Combinatorics","deepseek","",2,"self_check","two_math:CHAMP:P_Combinatorics_40:deepseek:r2:neutral_initial","",2,FALSE,453
"two_math:CHAMP:P_Inequality_8:minimax:r1:self_check","CHAMP:P_Inequality_8","math","Inequality","minimax","",1,"self_check","two_math:CHAMP:P_Inequality_8:minimax:r1:neutral_initial","",2,FALSE,454
"two_math:CHAMP:P_Combinatorics_20:minimax:r2:self_check","CHAMP:P_Combinatorics_20","math","Combinatorics","minimax","",2,"self_check","two_math:CHAMP:P_Combinatorics_20:minimax:r2:neutral_initial","",2,FALSE,455
"two_math:CHAMP:P_Polynomial_24:minimax:r1:self_check","CHAMP:P_Polynomial_24","math","Polynomial","minimax","",1,"self_check","two_math:CHAMP:P_Polynomial_24:minimax:r1:neutral_initial","",2,FALSE,456
"two_math:CHAMP:P_Sequence_40:deepseek:r1:A0_AI","CHAMP:P_Sequence_40","math","Sequence","deepseek","minimax",1,"A0_AI","two_math:CHAMP:P_Sequence_40:deepseek:r1:neutral_initial","two_math:CHAMP:P_Sequence_40:minimax:r1:neutral_initial",2,FALSE,457
"two_math:CHAMP:P_Polynomial_11:minimax:r1:self_check","CHAMP:P_Polynomial_11","math","Polynomial","minimax","",1,"self_check","two_math:CHAMP:P_Polynomial_11:minimax:r1:neutral_initial","",2,FALSE,458
"two_math:CHAMP:P_Number-Theory_24:deepseek:r2:A0_AI","CHAMP:P_Number-Theory_24","math","Number-Theory","deepseek","minimax",2,"A0_AI","two_math:CHAMP:P_Number-Theory_24:deepseek:r2:neutral_initial","two_math:CHAMP:P_Number-Theory_24:minimax:r2:neutral_initial",2,TRUE,459
"two_math:CHAMP:P_Number-Theory_32:minimax:r1:A0_AI","CHAMP:P_Number-Theory_32","math","Number-Theory","minimax","deepseek",1,"A0_AI","two_math:CHAMP:P_Number-Theory_32:minimax:r1:neutral_initial","two_math:CHAMP:P_Number-Theory_32:deepseek:r1:neutral_initial",2,FALSE,460
"two_math:CHAMP:P_Polynomial_40:deepseek:r1:self_check","CHAMP:P_Polynomial_40","math","Polynomial","deepseek","",1,"self_check","two_math:CHAMP:P_Polynomial_40:deepseek:r1:neutral_initial","",2,TRUE,461
"two_math:CHAMP:P_Polynomial_23:deepseek:r1:self_check","CHAMP:P_Polynomial_23","math","Polynomial","deepseek","",1,"self_check","two_math:CHAMP:P_Polynomial_23:deepseek:r1:neutral_initial","",2,TRUE,462
"two_math:CHAMP:P_Combinatorics_5:deepseek:r1:A0_AI","CHAMP:P_Combinatorics_5","math","Combinatorics","deepseek","minimax",1,"A0_AI","two_math:CHAMP:P_Combinatorics_5:deepseek:r1:neutral_initial","two_math:CHAMP:P_Combinatorics_5:minimax:r1:neutral_initial",2,TRUE,463
"two_math:CHAMP:P_Polynomial_1:deepseek:r1:A0_AI","CHAMP:P_Polynomial_1","math","Polynomial","deepseek","minimax",1,"A0_AI","two_math:CHAMP:P_Polynomial_1:deepseek:r1:neutral_initial","two_math:CHAMP:P_Polynomial_1:minimax:r1:neutral_initial",2,FALSE,464
"two_math:CHAMP:P_Number-Theory_17:deepseek:r1:A0_AI","CHAMP:P_Number-Theory_17","math","Number-Theory","deepseek","minimax",1,"A0_AI","two_math:CHAMP:P_Number-Theory_17:deepseek:r1:neutral_initial","two_math:CHAMP:P_Number-Theory_17:minimax:r1:neutral_initial",2,FALSE,465
"two_math:CHAMP:P_Number-Theory_13:minimax:r2:A0_AI","CHAMP:P_Number-Theory_13","math","Number-Theory","minimax","deepseek",2,"A0_AI","two_math:CHAMP:P_Number-Theory_13:minimax:r2:neutral_initial","two_math:CHAMP:P_Number-Theory_13:deepseek:r2:neutral_initial",2,FALSE,466
"two_math:CHAMP:P_Combinatorics_18:deepseek:r1:A0_AI","CHAMP:P_Combinatorics_18","math","Combinatorics","deepseek","minimax",1,"A0_AI","two_math:CHAMP:P_Combinatorics_18:deepseek:r1:neutral_initial","two_math:CHAMP:P_Combinatorics_18:minimax:r1:neutral_initial",2,TRUE,467
"two_math:CHAMP:P_Inequality_24:deepseek:r2:A0_AI","CHAMP:P_Inequality_24","math","Inequality","deepseek","minimax",2,"A0_AI","two_math:CHAMP:P_Inequality_24:deepseek:r2:neutral_initial","two_math:CHAMP:P_Inequality_24:minimax:r2:neutral_initial",2,TRUE,468
"two_math:CHAMP:P_Polynomial_11:deepseek:r2:self_check","CHAMP:P_Polynomial_11","math","Polynomial","deepseek","",2,"self_check","two_math:CHAMP:P_Polynomial_11:deepseek:r2:neutral_initial","",2,FALSE,469
"two_math:CHAMP:P_Number-Theory_13:minimax:r1:A0_AI","CHAMP:P_Number-Theory_13","math","Number-Theory","minimax","deepseek",1,"A0_AI","two_math:CHAMP:P_Number-Theory_13:minimax:r1:neutral_initial","two_math:CHAMP:P_Number-Theory_13:deepseek:r1:neutral_initial",2,FALSE,470
"two_math:CHAMP:P_Combinatorics_5:minimax:r1:A0_AI","CHAMP:P_Combinatorics_5","math","Combinatorics","minimax","deepseek",1,"A0_AI","two_math:CHAMP:P_Combinatorics_5:minimax:r1:neutral_initial","two_math:CHAMP:P_Combinatorics_5:deepseek:r1:neutral_initial",2,TRUE,471
"two_math:CHAMP:P_Number-Theory_32:deepseek:r1:self_check","CHAMP:P_Number-Theory_32","math","Number-Theory","deepseek","",1,"self_check","two_math:CHAMP:P_Number-Theory_32:deepseek:r1:neutral_initial","",2,FALSE,472
"two_math:CHAMP:P_Combinatorics_5:minimax:r2:A0_AI","CHAMP:P_Combinatorics_5","math","Combinatorics","minimax","deepseek",2,"A0_AI","two_math:CHAMP:P_Combinatorics_5:minimax:r2:neutral_initial","two_math:CHAMP:P_Combinatorics_5:deepseek:r2:neutral_initial",2,TRUE,473
"two_math:CHAMP:P_Inequality_26:deepseek:r1:A0_AI","CHAMP:P_Inequality_26","math","Inequality","deepseek","minimax",1,"A0_AI","two_math:CHAMP:P_Inequality_26:deepseek:r1:neutral_initial","two_math:CHAMP:P_Inequality_26:minimax:r1:neutral_initial",2,FALSE,474
"two_math:CHAMP:P_Sequence_11:minimax:r2:self_check","CHAMP:P_Sequence_11","math","Sequence","minimax","",2,"self_check","two_math:CHAMP:P_Sequence_11:minimax:r2:neutral_initial","",2,FALSE,475
"two_math:CHAMP:P_Inequality_15:deepseek:r2:self_check","CHAMP:P_Inequality_15","math","Inequality","deepseek","",2,"self_check","two_math:CHAMP:P_Inequality_15:deepseek:r2:neutral_initial","",2,TRUE,476
"two_math:CHAMP:P_Number-Theory_42:minimax:r2:self_check","CHAMP:P_Number-Theory_42","math","Number-Theory","minimax","",2,"self_check","two_math:CHAMP:P_Number-Theory_42:minimax:r2:neutral_initial","",2,FALSE,477
"two_math:CHAMP:P_Polynomial_40:minimax:r1:A0_AI","CHAMP:P_Polynomial_40","math","Polynomial","minimax","deepseek",1,"A0_AI","two_math:CHAMP:P_Polynomial_40:minimax:r1:neutral_initial","two_math:CHAMP:P_Polynomial_40:deepseek:r1:neutral_initial",2,TRUE,478
"two_math:CHAMP:P_Number-Theory_27:deepseek:r2:self_check","CHAMP:P_Number-Theory_27","math","Number-Theory","deepseek","",2,"self_check","two_math:CHAMP:P_Number-Theory_27:deepseek:r2:neutral_initial","",2,TRUE,479
"two_math:CHAMP:P_Polynomial_47:deepseek:r1:A0_AI","CHAMP:P_Polynomial_47","math","Polynomial","deepseek","minimax",1,"A0_AI","two_math:CHAMP:P_Polynomial_47:deepseek:r1:neutral_initial","two_math:CHAMP:P_Polynomial_47:minimax:r1:neutral_initial",2,TRUE,480
"two_math:CHAMP:P_Number-Theory_17:deepseek:r1:self_check","CHAMP:P_Number-Theory_17","math","Number-Theory","deepseek","",1,"self_check","two_math:CHAMP:P_Number-Theory_17:deepseek:r1:neutral_initial","",2,FALSE,481
"two_math:CHAMP:P_Inequality_4:minimax:r1:A0_AI","CHAMP:P_Inequality_4","math","Inequality","minimax","deepseek",1,"A0_AI","two_math:CHAMP:P_Inequality_4:minimax:r1:neutral_initial","two_math:CHAMP:P_Inequality_4:deepseek:r1:neutral_initial",2,FALSE,482
"two_math:CHAMP:P_Inequality_26:minimax:r1:A0_AI","CHAMP:P_Inequality_26","math","Inequality","minimax","deepseek",1,"A0_AI","two_math:CHAMP:P_Inequality_26:minimax:r1:neutral_initial","two_math:CHAMP:P_Inequality_26:deepseek:r1:neutral_initial",2,FALSE,483
"two_math:CHAMP:P_Inequality_4:deepseek:r2:self_check","CHAMP:P_Inequality_4","math","Inequality","deepseek","",2,"self_check","two_math:CHAMP:P_Inequality_4:deepseek:r2:neutral_initial","",2,FALSE,484
"two_math:CHAMP:P_Polynomial_24:deepseek:r2:A0_AI","CHAMP:P_Polynomial_24","math","Polynomial","deepseek","minimax",2,"A0_AI","two_math:CHAMP:P_Polynomial_24:deepseek:r2:neutral_initial","two_math:CHAMP:P_Polynomial_24:minimax:r2:neutral_initial",2,FALSE,485
"two_math:CHAMP:P_Inequality_24:minimax:r1:self_check","CHAMP:P_Inequality_24","math","Inequality","minimax","",1,"self_check","two_math:CHAMP:P_Inequality_24:minimax:r1:neutral_initial","",2,TRUE,486
"two_math:CHAMP:P_Polynomial_50:minimax:r1:self_check","CHAMP:P_Polynomial_50","math","Polynomial","minimax","",1,"self_check","two_math:CHAMP:P_Polynomial_50:minimax:r1:neutral_initial","",2,FALSE,487
"two_math:CHAMP:P_Sequence_42:minimax:r2:self_check","CHAMP:P_Sequence_42","math","Sequence","minimax","",2,"self_check","two_math:CHAMP:P_Sequence_42:minimax:r2:neutral_initial","",2,TRUE,488
"two_math:CHAMP:P_Number-Theory_27:deepseek:r1:A0_AI","CHAMP:P_Number-Theory_27","math","Number-Theory","deepseek","minimax",1,"A0_AI","two_math:CHAMP:P_Number-Theory_27:deepseek:r1:neutral_initial","two_math:CHAMP:P_Number-Theory_27:minimax:r1:neutral_initial",2,TRUE,489
"two_math:CHAMP:P_Number-Theory_27:minimax:r2:A0_AI","CHAMP:P_Number-Theory_27","math","Number-Theory","minimax","deepseek",2,"A0_AI","two_math:CHAMP:P_Number-Theory_27:minimax:r2:neutral_initial","two_math:CHAMP:P_Number-Theory_27:deepseek:r2:neutral_initial",2,TRUE,490
"two_math:CHAMP:P_Polynomial_40:minimax:r2:A0_AI","CHAMP:P_Polynomial_40","math","Polynomial","minimax","deepseek",2,"A0_AI","two_math:CHAMP:P_Polynomial_40:minimax:r2:neutral_initial","two_math:CHAMP:P_Polynomial_40:deepseek:r2:neutral_initial",2,TRUE,491
"two_math:CHAMP:P_Polynomial_32:deepseek:r2:self_check","CHAMP:P_Polynomial_32","math","Polynomial","deepseek","",2,"self_check","two_math:CHAMP:P_Polynomial_32:deepseek:r2:neutral_initial","",2,FALSE,492
"two_math:CHAMP:P_Inequality_13:minimax:r2:misconception_initial","CHAMP:P_Inequality_13","math","Inequality","minimax","",2,"misconception_initial","","",3,TRUE,493
"two_math:CHAMP:P_Inequality_24:minimax:r2:misconception_initial","CHAMP:P_Inequality_24","math","Inequality","minimax","",2,"misconception_initial","","",3,TRUE,494
"two_math:CHAMP:P_Sequence_42:deepseek:r2:misconception_initial","CHAMP:P_Sequence_42","math","Sequence","deepseek","",2,"misconception_initial","","",3,TRUE,495
"two_math:CHAMP:P_Polynomial_40:deepseek:r1:misconception_initial","CHAMP:P_Polynomial_40","math","Polynomial","deepseek","",1,"misconception_initial","","",3,TRUE,496
"two_math:CHAMP:P_Polynomial_47:deepseek:r1:misconception_initial","CHAMP:P_Polynomial_47","math","Polynomial","deepseek","",1,"misconception_initial","","",3,TRUE,497
"two_math:CHAMP:P_Inequality_15:deepseek:r1:misconception_initial","CHAMP:P_Inequality_15","math","Inequality","deepseek","",1,"misconception_initial","","",3,TRUE,498
"two_math:CHAMP:P_Polynomial_47:minimax:r1:misconception_initial","CHAMP:P_Polynomial_47","math","Polynomial","minimax","",1,"misconception_initial","","",3,TRUE,499
"two_math:CHAMP:P_Polynomial_23:deepseek:r1:misconception_initial","CHAMP:P_Polynomial_23","math","Polynomial","deepseek","",1,"misconception_initial","","",3,TRUE,500
"two_math:CHAMP:P_Sequence_42:minimax:r2:misconception_initial","CHAMP:P_Sequence_42","math","Sequence","minimax","",2,"misconception_initial","","",3,TRUE,501
"two_math:CHAMP:P_Number-Theory_24:minimax:r2:misconception_initial","CHAMP:P_Number-Theory_24","math","Number-Theory","minimax","",2,"misconception_initial","","",3,TRUE,502
"two_math:CHAMP:P_Polynomial_40:minimax:r1:misconception_initial","CHAMP:P_Polynomial_40","math","Polynomial","minimax","",1,"misconception_initial","","",3,TRUE,503
"two_math:CHAMP:P_Sequence_28:deepseek:r1:misconception_initial","CHAMP:P_Sequence_28","math","Sequence","deepseek","",1,"misconception_initial","","",3,TRUE,504
"two_math:CHAMP:P_Number-Theory_24:deepseek:r2:misconception_initial","CHAMP:P_Number-Theory_24","math","Number-Theory","deepseek","",2,"misconception_initial","","",3,TRUE,505
"two_math:CHAMP:P_Inequality_13:deepseek:r1:misconception_initial","CHAMP:P_Inequality_13","math","Inequality","deepseek","",1,"misconception_initial","","",3,TRUE,506
"two_math:CHAMP:P_Number-Theory_27:minimax:r2:misconception_initial","CHAMP:P_Number-Theory_27","math","Number-Theory","minimax","",2,"misconception_initial","","",3,TRUE,507
"two_math:CHAMP:P_Inequality_24:minimax:r1:misconception_initial","CHAMP:P_Inequality_24","math","Inequality","minimax","",1,"misconception_initial","","",3,TRUE,508
"two_math:CHAMP:P_Sequence_28:minimax:r1:misconception_initial","CHAMP:P_Sequence_28","math","Sequence","minimax","",1,"misconception_initial","","",3,TRUE,509
"two_math:CHAMP:P_Number-Theory_27:minimax:r1:misconception_initial","CHAMP:P_Number-Theory_27","math","Number-Theory","minimax","",1,"misconception_initial","","",3,TRUE,510
"two_math:CHAMP:P_Number-Theory_67:minimax:r2:misconception_initial","CHAMP:P_Number-Theory_67","math","Number-Theory","minimax","",2,"misconception_initial","","",3,TRUE,511
"two_math:CHAMP:P_Number-Theory_24:deepseek:r1:misconception_initial","CHAMP:P_Number-Theory_24","math","Number-Theory","deepseek","",1,"misconception_initial","","",3,TRUE,512
"two_math:CHAMP:P_Number-Theory_27:deepseek:r1:misconception_initial","CHAMP:P_Number-Theory_27","math","Number-Theory","deepseek","",1,"misconception_initial","","",3,TRUE,513
"two_math:CHAMP:P_Sequence_28:deepseek:r2:misconception_initial","CHAMP:P_Sequence_28","math","Sequence","deepseek","",2,"misconception_initial","","",3,TRUE,514
"two_math:CHAMP:P_Combinatorics_5:minimax:r2:misconception_initial","CHAMP:P_Combinatorics_5","math","Combinatorics","minimax","",2,"misconception_initial","","",3,TRUE,515
"two_math:CHAMP:P_Inequality_15:minimax:r1:misconception_initial","CHAMP:P_Inequality_15","math","Inequality","minimax","",1,"misconception_initial","","",3,TRUE,516
"two_math:CHAMP:P_Number-Theory_67:minimax:r1:misconception_initial","CHAMP:P_Number-Theory_67","math","Number-Theory","minimax","",1,"misconception_initial","","",3,TRUE,517
"two_math:CHAMP:P_Combinatorics_5:deepseek:r1:misconception_initial","CHAMP:P_Combinatorics_5","math","Combinatorics","deepseek","",1,"misconception_initial","","",3,TRUE,518
"two_math:CHAMP:P_Combinatorics_18:minimax:r2:misconception_initial","CHAMP:P_Combinatorics_18","math","Combinatorics","minimax","",2,"misconception_initial","","",3,TRUE,519
"two_math:CHAMP:P_Number-Theory_67:deepseek:r1:misconception_initial","CHAMP:P_Number-Theory_67","math","Number-Theory","deepseek","",1,"misconception_initial","","",3,TRUE,520
"two_math:CHAMP:P_Inequality_13:deepseek:r2:misconception_initial","CHAMP:P_Inequality_13","math","Inequality","deepseek","",2,"misconception_initial","","",3,TRUE,521
"two_math:CHAMP:P_Sequence_20:deepseek:r2:misconception_initial","CHAMP:P_Sequence_20","math","Sequence","deepseek","",2,"misconception_initial","","",3,TRUE,522
"two_math:CHAMP:P_Number-Theory_67:deepseek:r2:misconception_initial","CHAMP:P_Number-Theory_67","math","Number-Theory","deepseek","",2,"misconception_initial","","",3,TRUE,523
"two_math:CHAMP:P_Polynomial_47:minimax:r2:misconception_initial","CHAMP:P_Polynomial_47","math","Polynomial","minimax","",2,"misconception_initial","","",3,TRUE,524
"two_math:CHAMP:P_Inequality_24:deepseek:r2:misconception_initial","CHAMP:P_Inequality_24","math","Inequality","deepseek","",2,"misconception_initial","","",3,TRUE,525
"two_math:CHAMP:P_Combinatorics_30:minimax:r2:misconception_initial","CHAMP:P_Combinatorics_30","math","Combinatorics","minimax","",2,"misconception_initial","","",3,TRUE,526
"two_math:CHAMP:P_Sequence_42:minimax:r1:misconception_initial","CHAMP:P_Sequence_42","math","Sequence","minimax","",1,"misconception_initial","","",3,TRUE,527
"two_math:CHAMP:P_Inequality_13:minimax:r1:misconception_initial","CHAMP:P_Inequality_13","math","Inequality","minimax","",1,"misconception_initial","","",3,TRUE,528
"two_math:CHAMP:P_Polynomial_40:deepseek:r2:misconception_initial","CHAMP:P_Polynomial_40","math","Polynomial","deepseek","",2,"misconception_initial","","",3,TRUE,529
"two_math:CHAMP:P_Combinatorics_18:deepseek:r1:misconception_initial","CHAMP:P_Combinatorics_18","math","Combinatorics","deepseek","",1,"misconception_initial","","",3,TRUE,530
"two_math:CHAMP:P_Polynomial_47:deepseek:r2:misconception_initial","CHAMP:P_Polynomial_47","math","Polynomial","deepseek","",2,"misconception_initial","","",3,TRUE,531
"two_math:CHAMP:P_Sequence_28:minimax:r2:misconception_initial","CHAMP:P_Sequence_28","math","Sequence","minimax","",2,"misconception_initial","","",3,TRUE,532
"two_math:CHAMP:P_Number-Theory_27:deepseek:r2:misconception_initial","CHAMP:P_Number-Theory_27","math","Number-Theory","deepseek","",2,"misconception_initial","","",3,TRUE,533
"two_math:CHAMP:P_Sequence_42:deepseek:r1:misconception_initial","CHAMP:P_Sequence_42","math","Sequence","deepseek","",1,"misconception_initial","","",3,TRUE,534
"two_math:CHAMP:P_Number-Theory_24:minimax:r1:misconception_initial","CHAMP:P_Number-Theory_24","math","Number-Theory","minimax","",1,"misconception_initial","","",3,TRUE,535
"two_math:CHAMP:P_Inequality_24:deepseek:r1:misconception_initial","CHAMP:P_Inequality_24","math","Inequality","deepseek","",1,"misconception_initial","","",3,TRUE,536
"two_math:CHAMP:P_Inequality_15:deepseek:r2:misconception_initial","CHAMP:P_Inequality_15","math","Inequality","deepseek","",2,"misconception_initial","","",3,TRUE,537
"two_math:CHAMP:P_Sequence_20:minimax:r2:misconception_initial","CHAMP:P_Sequence_20","math","Sequence","minimax","",2,"misconception_initial","","",3,TRUE,538
"two_math:CHAMP:P_Combinatorics_30:deepseek:r2:misconception_initial","CHAMP:P_Combinatorics_30","math","Combinatorics","deepseek","",2,"misconception_initial","","",3,TRUE,539
"two_math:CHAMP:P_Combinatorics_18:minimax:r1:misconception_initial","CHAMP:P_Combinatorics_18","math","Combinatorics","minimax","",1,"misconception_initial","","",3,TRUE,540
"two_math:CHAMP:P_Polynomial_23:deepseek:r2:misconception_initial","CHAMP:P_Polynomial_23","math","Polynomial","deepseek","",2,"misconception_initial","","",3,TRUE,541
"two_math:CHAMP:P_Sequence_20:deepseek:r1:misconception_initial","CHAMP:P_Sequence_20","math","Sequence","deepseek","",1,"misconception_initial","","",3,TRUE,542
"two_math:CHAMP:P_Polynomial_23:minimax:r2:misconception_initial","CHAMP:P_Polynomial_23","math","Polynomial","minimax","",2,"misconception_initial","","",3,TRUE,543
"two_math:CHAMP:P_Combinatorics_5:minimax:r1:misconception_initial","CHAMP:P_Combinatorics_5","math","Combinatorics","minimax","",1,"misconception_initial","","",3,TRUE,544
"two_math:CHAMP:P_Sequence_20:minimax:r1:misconception_initial","CHAMP:P_Sequence_20","math","Sequence","minimax","",1,"misconception_initial","","",3,TRUE,545
"two_math:CHAMP:P_Combinatorics_5:deepseek:r2:misconception_initial","CHAMP:P_Combinatorics_5","math","Combinatorics","deepseek","",2,"misconception_initial","","",3,TRUE,546
"two_math:CHAMP:P_Combinatorics_30:deepseek:r1:misconception_initial","CHAMP:P_Combinatorics_30","math","Combinatorics","deepseek","",1,"misconception_initial","","",3,TRUE,547
"two_math:CHAMP:P_Combinatorics_30:minimax:r1:misconception_initial","CHAMP:P_Combinatorics_30","math","Combinatorics","minimax","",1,"misconception_initial","","",3,TRUE,548
"two_math:CHAMP:P_Polynomial_40:minimax:r2:misconception_initial","CHAMP:P_Polynomial_40","math","Polynomial","minimax","",2,"misconception_initial","","",3,TRUE,549
"two_math:CHAMP:P_Inequality_15:minimax:r2:misconception_initial","CHAMP:P_Inequality_15","math","Inequality","minimax","",2,"misconception_initial","","",3,TRUE,550
"two_math:CHAMP:P_Combinatorics_18:deepseek:r2:misconception_initial","CHAMP:P_Combinatorics_18","math","Combinatorics","deepseek","",2,"misconception_initial","","",3,TRUE,551
"two_math:CHAMP:P_Polynomial_23:minimax:r1:misconception_initial","CHAMP:P_Polynomial_23","math","Polynomial","minimax","",1,"misconception_initial","","",3,TRUE,552
"two_math:CHAMP:P_Number-Theory_27:deepseek:r2:A0_Human","CHAMP:P_Number-Theory_27","math","Number-Theory","deepseek","minimax",2,"A0_Human","two_math:CHAMP:P_Number-Theory_27:deepseek:r2:neutral_initial","two_math:CHAMP:P_Number-Theory_27:minimax:r2:neutral_initial",4,TRUE,553
"two_math:CHAMP:P_Inequality_13:deepseek:r1:A0_Human","CHAMP:P_Inequality_13","math","Inequality","deepseek","minimax",1,"A0_Human","two_math:CHAMP:P_Inequality_13:deepseek:r1:neutral_initial","two_math:CHAMP:P_Inequality_13:minimax:r1:neutral_initial",4,TRUE,554
"two_math:CHAMP:P_Sequence_42:deepseek:r1:A0_Human","CHAMP:P_Sequence_42","math","Sequence","deepseek","minimax",1,"A0_Human","two_math:CHAMP:P_Sequence_42:deepseek:r1:neutral_initial","two_math:CHAMP:P_Sequence_42:minimax:r1:neutral_initial",4,TRUE,555
"two_math:CHAMP:P_Sequence_42:minimax:r2:A1_Human","CHAMP:P_Sequence_42","math","Sequence","minimax","deepseek",2,"A1_Human","two_math:CHAMP:P_Sequence_42:minimax:r2:neutral_initial","two_math:CHAMP:P_Sequence_42:deepseek:r2:misconception_initial",4,TRUE,556
"two_math:CHAMP:P_Inequality_13:minimax:r2:A0_Human","CHAMP:P_Inequality_13","math","Inequality","minimax","deepseek",2,"A0_Human","two_math:CHAMP:P_Inequality_13:minimax:r2:neutral_initial","two_math:CHAMP:P_Inequality_13:deepseek:r2:neutral_initial",4,TRUE,557
"two_math:CHAMP:P_Combinatorics_5:deepseek:r2:A1_Human","CHAMP:P_Combinatorics_5","math","Combinatorics","deepseek","minimax",2,"A1_Human","two_math:CHAMP:P_Combinatorics_5:deepseek:r2:neutral_initial","two_math:CHAMP:P_Combinatorics_5:minimax:r2:misconception_initial",4,TRUE,558
"two_math:CHAMP:P_Combinatorics_30:minimax:r2:A1_AI","CHAMP:P_Combinatorics_30","math","Combinatorics","minimax","deepseek",2,"A1_AI","two_math:CHAMP:P_Combinatorics_30:minimax:r2:neutral_initial","two_math:CHAMP:P_Combinatorics_30:deepseek:r2:misconception_initial",4,TRUE,559
"two_math:CHAMP:P_Number-Theory_67:minimax:r1:A0_Human","CHAMP:P_Number-Theory_67","math","Number-Theory","minimax","deepseek",1,"A0_Human","two_math:CHAMP:P_Number-Theory_67:minimax:r1:neutral_initial","two_math:CHAMP:P_Number-Theory_67:deepseek:r1:neutral_initial",4,TRUE,560
"two_math:CHAMP:P_Number-Theory_24:minimax:r2:A0_Human","CHAMP:P_Number-Theory_24","math","Number-Theory","minimax","deepseek",2,"A0_Human","two_math:CHAMP:P_Number-Theory_24:minimax:r2:neutral_initial","two_math:CHAMP:P_Number-Theory_24:deepseek:r2:neutral_initial",4,TRUE,561
"two_math:CHAMP:P_Number-Theory_67:minimax:r1:A1_AI","CHAMP:P_Number-Theory_67","math","Number-Theory","minimax","deepseek",1,"A1_AI","two_math:CHAMP:P_Number-Theory_67:minimax:r1:neutral_initial","two_math:CHAMP:P_Number-Theory_67:deepseek:r1:misconception_initial",4,TRUE,562
"two_math:CHAMP:P_Number-Theory_27:minimax:r2:A1_Human","CHAMP:P_Number-Theory_27","math","Number-Theory","minimax","deepseek",2,"A1_Human","two_math:CHAMP:P_Number-Theory_27:minimax:r2:neutral_initial","two_math:CHAMP:P_Number-Theory_27:deepseek:r2:misconception_initial",4,TRUE,563
"two_math:CHAMP:P_Inequality_15:minimax:r2:A1_AI","CHAMP:P_Inequality_15","math","Inequality","minimax","deepseek",2,"A1_AI","two_math:CHAMP:P_Inequality_15:minimax:r2:neutral_initial","two_math:CHAMP:P_Inequality_15:deepseek:r2:misconception_initial",4,TRUE,564
"two_math:CHAMP:P_Polynomial_23:minimax:r1:A0_Human","CHAMP:P_Polynomial_23","math","Polynomial","minimax","deepseek",1,"A0_Human","two_math:CHAMP:P_Polynomial_23:minimax:r1:neutral_initial","two_math:CHAMP:P_Polynomial_23:deepseek:r1:neutral_initial",4,TRUE,565
"two_math:CHAMP:P_Inequality_24:deepseek:r1:A0_Human","CHAMP:P_Inequality_24","math","Inequality","deepseek","minimax",1,"A0_Human","two_math:CHAMP:P_Inequality_24:deepseek:r1:neutral_initial","two_math:CHAMP:P_Inequality_24:minimax:r1:neutral_initial",4,TRUE,566
"two_math:CHAMP:P_Number-Theory_27:deepseek:r2:A1_Human","CHAMP:P_Number-Theory_27","math","Number-Theory","deepseek","minimax",2,"A1_Human","two_math:CHAMP:P_Number-Theory_27:deepseek:r2:neutral_initial","two_math:CHAMP:P_Number-Theory_27:minimax:r2:misconception_initial",4,TRUE,567
"two_math:CHAMP:P_Inequality_15:deepseek:r2:A0_Human","CHAMP:P_Inequality_15","math","Inequality","deepseek","minimax",2,"A0_Human","two_math:CHAMP:P_Inequality_15:deepseek:r2:neutral_initial","two_math:CHAMP:P_Inequality_15:minimax:r2:neutral_initial",4,TRUE,568
"two_math:CHAMP:P_Polynomial_47:deepseek:r2:A1_AI","CHAMP:P_Polynomial_47","math","Polynomial","deepseek","minimax",2,"A1_AI","two_math:CHAMP:P_Polynomial_47:deepseek:r2:neutral_initial","two_math:CHAMP:P_Polynomial_47:minimax:r2:misconception_initial",4,TRUE,569
"two_math:CHAMP:P_Number-Theory_67:minimax:r2:A1_Human","CHAMP:P_Number-Theory_67","math","Number-Theory","minimax","deepseek",2,"A1_Human","two_math:CHAMP:P_Number-Theory_67:minimax:r2:neutral_initial","two_math:CHAMP:P_Number-Theory_67:deepseek:r2:misconception_initial",4,TRUE,570
"two_math:CHAMP:P_Sequence_28:deepseek:r2:A1_Human","CHAMP:P_Sequence_28","math","Sequence","deepseek","minimax",2,"A1_Human","two_math:CHAMP:P_Sequence_28:deepseek:r2:neutral_initial","two_math:CHAMP:P_Sequence_28:minimax:r2:misconception_initial",4,TRUE,571
"two_math:CHAMP:P_Sequence_20:deepseek:r1:A0_Human","CHAMP:P_Sequence_20","math","Sequence","deepseek","minimax",1,"A0_Human","two_math:CHAMP:P_Sequence_20:deepseek:r1:neutral_initial","two_math:CHAMP:P_Sequence_20:minimax:r1:neutral_initial",4,TRUE,572
"two_math:CHAMP:P_Combinatorics_18:deepseek:r1:A1_Human","CHAMP:P_Combinatorics_18","math","Combinatorics","deepseek","minimax",1,"A1_Human","two_math:CHAMP:P_Combinatorics_18:deepseek:r1:neutral_initial","two_math:CHAMP:P_Combinatorics_18:minimax:r1:misconception_initial",4,TRUE,573
"two_math:CHAMP:P_Combinatorics_5:deepseek:r1:A1_AI","CHAMP:P_Combinatorics_5","math","Combinatorics","deepseek","minimax",1,"A1_AI","two_math:CHAMP:P_Combinatorics_5:deepseek:r1:neutral_initial","two_math:CHAMP:P_Combinatorics_5:minimax:r1:misconception_initial",4,TRUE,574
"two_math:CHAMP:P_Polynomial_23:deepseek:r1:A1_AI","CHAMP:P_Polynomial_23","math","Polynomial","deepseek","minimax",1,"A1_AI","two_math:CHAMP:P_Polynomial_23:deepseek:r1:neutral_initial","two_math:CHAMP:P_Polynomial_23:minimax:r1:misconception_initial",4,TRUE,575
"two_math:CHAMP:P_Number-Theory_27:minimax:r1:A1_Human","CHAMP:P_Number-Theory_27","math","Number-Theory","minimax","deepseek",1,"A1_Human","two_math:CHAMP:P_Number-Theory_27:minimax:r1:neutral_initial","two_math:CHAMP:P_Number-Theory_27:deepseek:r1:misconception_initial",4,TRUE,576
"two_math:CHAMP:P_Sequence_28:minimax:r1:A0_Human","CHAMP:P_Sequence_28","math","Sequence","minimax","deepseek",1,"A0_Human","two_math:CHAMP:P_Sequence_28:minimax:r1:neutral_initial","two_math:CHAMP:P_Sequence_28:deepseek:r1:neutral_initial",4,TRUE,577
"two_math:CHAMP:P_Inequality_13:deepseek:r1:A1_AI","CHAMP:P_Inequality_13","math","Inequality","deepseek","minimax",1,"A1_AI","two_math:CHAMP:P_Inequality_13:deepseek:r1:neutral_initial","two_math:CHAMP:P_Inequality_13:minimax:r1:misconception_initial",4,TRUE,578
"two_math:CHAMP:P_Combinatorics_5:minimax:r2:A1_Human","CHAMP:P_Combinatorics_5","math","Combinatorics","minimax","deepseek",2,"A1_Human","two_math:CHAMP:P_Combinatorics_5:minimax:r2:neutral_initial","two_math:CHAMP:P_Combinatorics_5:deepseek:r2:misconception_initial",4,TRUE,579
"two_math:CHAMP:P_Number-Theory_67:deepseek:r1:A1_Human","CHAMP:P_Number-Theory_67","math","Number-Theory","deepseek","minimax",1,"A1_Human","two_math:CHAMP:P_Number-Theory_67:deepseek:r1:neutral_initial","two_math:CHAMP:P_Number-Theory_67:minimax:r1:misconception_initial",4,TRUE,580
"two_math:CHAMP:P_Inequality_15:minimax:r1:A1_AI","CHAMP:P_Inequality_15","math","Inequality","minimax","deepseek",1,"A1_AI","two_math:CHAMP:P_Inequality_15:minimax:r1:neutral_initial","two_math:CHAMP:P_Inequality_15:deepseek:r1:misconception_initial",4,TRUE,581
"two_math:CHAMP:P_Inequality_13:minimax:r1:A0_Human","CHAMP:P_Inequality_13","math","Inequality","minimax","deepseek",1,"A0_Human","two_math:CHAMP:P_Inequality_13:minimax:r1:neutral_initial","two_math:CHAMP:P_Inequality_13:deepseek:r1:neutral_initial",4,TRUE,582
"two_math:CHAMP:P_Inequality_15:minimax:r2:A0_Human","CHAMP:P_Inequality_15","math","Inequality","minimax","deepseek",2,"A0_Human","two_math:CHAMP:P_Inequality_15:minimax:r2:neutral_initial","two_math:CHAMP:P_Inequality_15:deepseek:r2:neutral_initial",4,TRUE,583
"two_math:CHAMP:P_Combinatorics_30:deepseek:r2:A0_Human","CHAMP:P_Combinatorics_30","math","Combinatorics","deepseek","minimax",2,"A0_Human","two_math:CHAMP:P_Combinatorics_30:deepseek:r2:neutral_initial","two_math:CHAMP:P_Combinatorics_30:minimax:r2:neutral_initial",4,TRUE,584
"two_math:CHAMP:P_Inequality_15:deepseek:r2:A1_Human","CHAMP:P_Inequality_15","math","Inequality","deepseek","minimax",2,"A1_Human","two_math:CHAMP:P_Inequality_15:deepseek:r2:neutral_initial","two_math:CHAMP:P_Inequality_15:minimax:r2:misconception_initial",4,TRUE,585
"two_math:CHAMP:P_Inequality_15:minimax:r1:A0_Human","CHAMP:P_Inequality_15","math","Inequality","minimax","deepseek",1,"A0_Human","two_math:CHAMP:P_Inequality_15:minimax:r1:neutral_initial","two_math:CHAMP:P_Inequality_15:deepseek:r1:neutral_initial",4,TRUE,586
"two_math:CHAMP:P_Sequence_28:deepseek:r1:A1_Human","CHAMP:P_Sequence_28","math","Sequence","deepseek","minimax",1,"A1_Human","two_math:CHAMP:P_Sequence_28:deepseek:r1:neutral_initial","two_math:CHAMP:P_Sequence_28:minimax:r1:misconception_initial",4,TRUE,587
"two_math:CHAMP:P_Polynomial_40:deepseek:r1:A1_AI","CHAMP:P_Polynomial_40","math","Polynomial","deepseek","minimax",1,"A1_AI","two_math:CHAMP:P_Polynomial_40:deepseek:r1:neutral_initial","two_math:CHAMP:P_Polynomial_40:minimax:r1:misconception_initial",4,TRUE,588
"two_math:CHAMP:P_Inequality_24:minimax:r1:A0_Human","CHAMP:P_Inequality_24","math","Inequality","minimax","deepseek",1,"A0_Human","two_math:CHAMP:P_Inequality_24:minimax:r1:neutral_initial","two_math:CHAMP:P_Inequality_24:deepseek:r1:neutral_initial",4,TRUE,589
"two_math:CHAMP:P_Polynomial_47:minimax:r1:A1_Human","CHAMP:P_Polynomial_47","math","Polynomial","minimax","deepseek",1,"A1_Human","two_math:CHAMP:P_Polynomial_47:minimax:r1:neutral_initial","two_math:CHAMP:P_Polynomial_47:deepseek:r1:misconception_initial",4,TRUE,590
"two_math:CHAMP:P_Polynomial_40:minimax:r1:A1_Human","CHAMP:P_Polynomial_40","math","Polynomial","minimax","deepseek",1,"A1_Human","two_math:CHAMP:P_Polynomial_40:minimax:r1:neutral_initial","two_math:CHAMP:P_Polynomial_40:deepseek:r1:misconception_initial",4,TRUE,591
"two_math:CHAMP:P_Number-Theory_27:deepseek:r1:A1_AI","CHAMP:P_Number-Theory_27","math","Number-Theory","deepseek","minimax",1,"A1_AI","two_math:CHAMP:P_Number-Theory_27:deepseek:r1:neutral_initial","two_math:CHAMP:P_Number-Theory_27:minimax:r1:misconception_initial",4,TRUE,592
"two_math:CHAMP:P_Polynomial_47:deepseek:r2:A0_Human","CHAMP:P_Polynomial_47","math","Polynomial","deepseek","minimax",2,"A0_Human","two_math:CHAMP:P_Polynomial_47:deepseek:r2:neutral_initial","two_math:CHAMP:P_Polynomial_47:minimax:r2:neutral_initial",4,TRUE,593
"two_math:CHAMP:P_Combinatorics_30:minimax:r1:A0_Human","CHAMP:P_Combinatorics_30","math","Combinatorics","minimax","deepseek",1,"A0_Human","two_math:CHAMP:P_Combinatorics_30:minimax:r1:neutral_initial","two_math:CHAMP:P_Combinatorics_30:deepseek:r1:neutral_initial",4,TRUE,594
"two_math:CHAMP:P_Inequality_13:deepseek:r1:A1_Human","CHAMP:P_Inequality_13","math","Inequality","deepseek","minimax",1,"A1_Human","two_math:CHAMP:P_Inequality_13:deepseek:r1:neutral_initial","two_math:CHAMP:P_Inequality_13:minimax:r1:misconception_initial",4,TRUE,595
"two_math:CHAMP:P_Inequality_24:deepseek:r2:A0_Human","CHAMP:P_Inequality_24","math","Inequality","deepseek","minimax",2,"A0_Human","two_math:CHAMP:P_Inequality_24:deepseek:r2:neutral_initial","two_math:CHAMP:P_Inequality_24:minimax:r2:neutral_initial",4,TRUE,596
"two_math:CHAMP:P_Number-Theory_27:minimax:r1:A0_Human","CHAMP:P_Number-Theory_27","math","Number-Theory","minimax","deepseek",1,"A0_Human","two_math:CHAMP:P_Number-Theory_27:minimax:r1:neutral_initial","two_math:CHAMP:P_Number-Theory_27:deepseek:r1:neutral_initial",4,TRUE,597
"two_math:CHAMP:P_Number-Theory_24:minimax:r1:A1_Human","CHAMP:P_Number-Theory_24","math","Number-Theory","minimax","deepseek",1,"A1_Human","two_math:CHAMP:P_Number-Theory_24:minimax:r1:neutral_initial","two_math:CHAMP:P_Number-Theory_24:deepseek:r1:misconception_initial",4,TRUE,598
"two_math:CHAMP:P_Polynomial_40:deepseek:r2:A0_Human","CHAMP:P_Polynomial_40","math","Polynomial","deepseek","minimax",2,"A0_Human","two_math:CHAMP:P_Polynomial_40:deepseek:r2:neutral_initial","two_math:CHAMP:P_Polynomial_40:minimax:r2:neutral_initial",4,TRUE,599
"two_math:CHAMP:P_Combinatorics_30:minimax:r2:A1_Human","CHAMP:P_Combinatorics_30","math","Combinatorics","minimax","deepseek",2,"A1_Human","two_math:CHAMP:P_Combinatorics_30:minimax:r2:neutral_initial","two_math:CHAMP:P_Combinatorics_30:deepseek:r2:misconception_initial",4,TRUE,600
"two_math:CHAMP:P_Inequality_24:minimax:r1:A1_AI","CHAMP:P_Inequality_24","math","Inequality","minimax","deepseek",1,"A1_AI","two_math:CHAMP:P_Inequality_24:minimax:r1:neutral_initial","two_math:CHAMP:P_Inequality_24:deepseek:r1:misconception_initial",4,TRUE,601
"two_math:CHAMP:P_Combinatorics_30:deepseek:r1:A1_Human","CHAMP:P_Combinatorics_30","math","Combinatorics","deepseek","minimax",1,"A1_Human","two_math:CHAMP:P_Combinatorics_30:deepseek:r1:neutral_initial","two_math:CHAMP:P_Combinatorics_30:minimax:r1:misconception_initial",4,TRUE,602
"two_math:CHAMP:P_Combinatorics_30:deepseek:r2:A1_AI","CHAMP:P_Combinatorics_30","math","Combinatorics","deepseek","minimax",2,"A1_AI","two_math:CHAMP:P_Combinatorics_30:deepseek:r2:neutral_initial","two_math:CHAMP:P_Combinatorics_30:minimax:r2:misconception_initial",4,TRUE,603
"two_math:CHAMP:P_Combinatorics_5:minimax:r2:A0_Human","CHAMP:P_Combinatorics_5","math","Combinatorics","minimax","deepseek",2,"A0_Human","two_math:CHAMP:P_Combinatorics_5:minimax:r2:neutral_initial","two_math:CHAMP:P_Combinatorics_5:deepseek:r2:neutral_initial",4,TRUE,604
"two_math:CHAMP:P_Sequence_42:minimax:r2:A1_AI","CHAMP:P_Sequence_42","math","Sequence","minimax","deepseek",2,"A1_AI","two_math:CHAMP:P_Sequence_42:minimax:r2:neutral_initial","two_math:CHAMP:P_Sequence_42:deepseek:r2:misconception_initial",4,TRUE,605
"two_math:CHAMP:P_Combinatorics_5:deepseek:r1:A0_Human","CHAMP:P_Combinatorics_5","math","Combinatorics","deepseek","minimax",1,"A0_Human","two_math:CHAMP:P_Combinatorics_5:deepseek:r1:neutral_initial","two_math:CHAMP:P_Combinatorics_5:minimax:r1:neutral_initial",4,TRUE,606
"two_math:CHAMP:P_Number-Theory_24:deepseek:r1:A1_Human","CHAMP:P_Number-Theory_24","math","Number-Theory","deepseek","minimax",1,"A1_Human","two_math:CHAMP:P_Number-Theory_24:deepseek:r1:neutral_initial","two_math:CHAMP:P_Number-Theory_24:minimax:r1:misconception_initial",4,TRUE,607
"two_math:CHAMP:P_Sequence_42:deepseek:r1:A1_Human","CHAMP:P_Sequence_42","math","Sequence","deepseek","minimax",1,"A1_Human","two_math:CHAMP:P_Sequence_42:deepseek:r1:neutral_initial","two_math:CHAMP:P_Sequence_42:minimax:r1:misconception_initial",4,TRUE,608
"two_math:CHAMP:P_Sequence_42:deepseek:r2:A1_AI","CHAMP:P_Sequence_42","math","Sequence","deepseek","minimax",2,"A1_AI","two_math:CHAMP:P_Sequence_42:deepseek:r2:neutral_initial","two_math:CHAMP:P_Sequence_42:minimax:r2:misconception_initial",4,TRUE,609
"two_math:CHAMP:P_Polynomial_23:deepseek:r2:A1_Human","CHAMP:P_Polynomial_23","math","Polynomial","deepseek","minimax",2,"A1_Human","two_math:CHAMP:P_Polynomial_23:deepseek:r2:neutral_initial","two_math:CHAMP:P_Polynomial_23:minimax:r2:misconception_initial",4,TRUE,610
"two_math:CHAMP:P_Combinatorics_30:minimax:r1:A1_AI","CHAMP:P_Combinatorics_30","math","Combinatorics","minimax","deepseek",1,"A1_AI","two_math:CHAMP:P_Combinatorics_30:minimax:r1:neutral_initial","two_math:CHAMP:P_Combinatorics_30:deepseek:r1:misconception_initial",4,TRUE,611
"two_math:CHAMP:P_Inequality_13:deepseek:r2:A1_Human","CHAMP:P_Inequality_13","math","Inequality","deepseek","minimax",2,"A1_Human","two_math:CHAMP:P_Inequality_13:deepseek:r2:neutral_initial","two_math:CHAMP:P_Inequality_13:minimax:r2:misconception_initial",4,TRUE,612
"two_math:CHAMP:P_Combinatorics_18:minimax:r2:A1_Human","CHAMP:P_Combinatorics_18","math","Combinatorics","minimax","deepseek",2,"A1_Human","two_math:CHAMP:P_Combinatorics_18:minimax:r2:neutral_initial","two_math:CHAMP:P_Combinatorics_18:deepseek:r2:misconception_initial",4,TRUE,613
"two_math:CHAMP:P_Combinatorics_5:minimax:r1:A0_Human","CHAMP:P_Combinatorics_5","math","Combinatorics","minimax","deepseek",1,"A0_Human","two_math:CHAMP:P_Combinatorics_5:minimax:r1:neutral_initial","two_math:CHAMP:P_Combinatorics_5:deepseek:r1:neutral_initial",4,TRUE,614
"two_math:CHAMP:P_Sequence_28:deepseek:r1:A0_Human","CHAMP:P_Sequence_28","math","Sequence","deepseek","minimax",1,"A0_Human","two_math:CHAMP:P_Sequence_28:deepseek:r1:neutral_initial","two_math:CHAMP:P_Sequence_28:minimax:r1:neutral_initial",4,TRUE,615
"two_math:CHAMP:P_Sequence_28:deepseek:r2:A0_Human","CHAMP:P_Sequence_28","math","Sequence","deepseek","minimax",2,"A0_Human","two_math:CHAMP:P_Sequence_28:deepseek:r2:neutral_initial","two_math:CHAMP:P_Sequence_28:minimax:r2:neutral_initial",4,TRUE,616
"two_math:CHAMP:P_Combinatorics_5:minimax:r1:A1_Human","CHAMP:P_Combinatorics_5","math","Combinatorics","minimax","deepseek",1,"A1_Human","two_math:CHAMP:P_Combinatorics_5:minimax:r1:neutral_initial","two_math:CHAMP:P_Combinatorics_5:deepseek:r1:misconception_initial",4,TRUE,617
"two_math:CHAMP:P_Combinatorics_5:minimax:r1:A1_AI","CHAMP:P_Combinatorics_5","math","Combinatorics","minimax","deepseek",1,"A1_AI","two_math:CHAMP:P_Combinatorics_5:minimax:r1:neutral_initial","two_math:CHAMP:P_Combinatorics_5:deepseek:r1:misconception_initial",4,TRUE,618
"two_math:CHAMP:P_Polynomial_47:minimax:r1:A1_AI","CHAMP:P_Polynomial_47","math","Polynomial","minimax","deepseek",1,"A1_AI","two_math:CHAMP:P_Polynomial_47:minimax:r1:neutral_initial","two_math:CHAMP:P_Polynomial_47:deepseek:r1:misconception_initial",4,TRUE,619
"two_math:CHAMP:P_Sequence_20:minimax:r1:A1_AI","CHAMP:P_Sequence_20","math","Sequence","minimax","deepseek",1,"A1_AI","two_math:CHAMP:P_Sequence_20:minimax:r1:neutral_initial","two_math:CHAMP:P_Sequence_20:deepseek:r1:misconception_initial",4,TRUE,620
"two_math:CHAMP:P_Polynomial_47:minimax:r2:A1_AI","CHAMP:P_Polynomial_47","math","Polynomial","minimax","deepseek",2,"A1_AI","two_math:CHAMP:P_Polynomial_47:minimax:r2:neutral_initial","two_math:CHAMP:P_Polynomial_47:deepseek:r2:misconception_initial",4,TRUE,621
"two_math:CHAMP:P_Polynomial_23:minimax:r1:A1_Human","CHAMP:P_Polynomial_23","math","Polynomial","minimax","deepseek",1,"A1_Human","two_math:CHAMP:P_Polynomial_23:minimax:r1:neutral_initial","two_math:CHAMP:P_Polynomial_23:deepseek:r1:misconception_initial",4,TRUE,622
"two_math:CHAMP:P_Number-Theory_67:deepseek:r2:A1_Human","CHAMP:P_Number-Theory_67","math","Number-Theory","deepseek","minimax",2,"A1_Human","two_math:CHAMP:P_Number-Theory_67:deepseek:r2:neutral_initial","two_math:CHAMP:P_Number-Theory_67:minimax:r2:misconception_initial",4,TRUE,623
"two_math:CHAMP:P_Sequence_20:deepseek:r2:A1_Human","CHAMP:P_Sequence_20","math","Sequence","deepseek","minimax",2,"A1_Human","two_math:CHAMP:P_Sequence_20:deepseek:r2:neutral_initial","two_math:CHAMP:P_Sequence_20:minimax:r2:misconception_initial",4,TRUE,624
"two_math:CHAMP:P_Inequality_15:deepseek:r1:A1_Human","CHAMP:P_Inequality_15","math","Inequality","deepseek","minimax",1,"A1_Human","two_math:CHAMP:P_Inequality_15:deepseek:r1:neutral_initial","two_math:CHAMP:P_Inequality_15:minimax:r1:misconception_initial",4,TRUE,625
"two_math:CHAMP:P_Number-Theory_24:deepseek:r2:A0_Human","CHAMP:P_Number-Theory_24","math","Number-Theory","deepseek","minimax",2,"A0_Human","two_math:CHAMP:P_Number-Theory_24:deepseek:r2:neutral_initial","two_math:CHAMP:P_Number-Theory_24:minimax:r2:neutral_initial",4,TRUE,626
"two_math:CHAMP:P_Number-Theory_67:minimax:r1:A1_Human","CHAMP:P_Number-Theory_67","math","Number-Theory","minimax","deepseek",1,"A1_Human","two_math:CHAMP:P_Number-Theory_67:minimax:r1:neutral_initial","two_math:CHAMP:P_Number-Theory_67:deepseek:r1:misconception_initial",4,TRUE,627
"two_math:CHAMP:P_Polynomial_23:deepseek:r2:A0_Human","CHAMP:P_Polynomial_23","math","Polynomial","deepseek","minimax",2,"A0_Human","two_math:CHAMP:P_Polynomial_23:deepseek:r2:neutral_initial","two_math:CHAMP:P_Polynomial_23:minimax:r2:neutral_initial",4,TRUE,628
"two_math:CHAMP:P_Inequality_13:deepseek:r2:A1_AI","CHAMP:P_Inequality_13","math","Inequality","deepseek","minimax",2,"A1_AI","two_math:CHAMP:P_Inequality_13:deepseek:r2:neutral_initial","two_math:CHAMP:P_Inequality_13:minimax:r2:misconception_initial",4,TRUE,629
"two_math:CHAMP:P_Polynomial_40:deepseek:r2:A1_AI","CHAMP:P_Polynomial_40","math","Polynomial","deepseek","minimax",2,"A1_AI","two_math:CHAMP:P_Polynomial_40:deepseek:r2:neutral_initial","two_math:CHAMP:P_Polynomial_40:minimax:r2:misconception_initial",4,TRUE,630
"two_math:CHAMP:P_Combinatorics_18:deepseek:r2:A1_Human","CHAMP:P_Combinatorics_18","math","Combinatorics","deepseek","minimax",2,"A1_Human","two_math:CHAMP:P_Combinatorics_18:deepseek:r2:neutral_initial","two_math:CHAMP:P_Combinatorics_18:minimax:r2:misconception_initial",4,TRUE,631
"two_math:CHAMP:P_Polynomial_23:deepseek:r2:A1_AI","CHAMP:P_Polynomial_23","math","Polynomial","deepseek","minimax",2,"A1_AI","two_math:CHAMP:P_Polynomial_23:deepseek:r2:neutral_initial","two_math:CHAMP:P_Polynomial_23:minimax:r2:misconception_initial",4,TRUE,632
"two_math:CHAMP:P_Inequality_13:minimax:r2:A1_AI","CHAMP:P_Inequality_13","math","Inequality","minimax","deepseek",2,"A1_AI","two_math:CHAMP:P_Inequality_13:minimax:r2:neutral_initial","two_math:CHAMP:P_Inequality_13:deepseek:r2:misconception_initial",4,TRUE,633
"two_math:CHAMP:P_Inequality_15:minimax:r1:A1_Human","CHAMP:P_Inequality_15","math","Inequality","minimax","deepseek",1,"A1_Human","two_math:CHAMP:P_Inequality_15:minimax:r1:neutral_initial","two_math:CHAMP:P_Inequality_15:deepseek:r1:misconception_initial",4,TRUE,634
"two_math:CHAMP:P_Polynomial_23:deepseek:r1:A0_Human","CHAMP:P_Polynomial_23","math","Polynomial","deepseek","minimax",1,"A0_Human","two_math:CHAMP:P_Polynomial_23:deepseek:r1:neutral_initial","two_math:CHAMP:P_Polynomial_23:minimax:r1:neutral_initial",4,TRUE,635
"two_math:CHAMP:P_Polynomial_40:minimax:r2:A1_AI","CHAMP:P_Polynomial_40","math","Polynomial","minimax","deepseek",2,"A1_AI","two_math:CHAMP:P_Polynomial_40:minimax:r2:neutral_initial","two_math:CHAMP:P_Polynomial_40:deepseek:r2:misconception_initial",4,TRUE,636
"two_math:CHAMP:P_Combinatorics_30:minimax:r1:A1_Human","CHAMP:P_Combinatorics_30","math","Combinatorics","minimax","deepseek",1,"A1_Human","two_math:CHAMP:P_Combinatorics_30:minimax:r1:neutral_initial","two_math:CHAMP:P_Combinatorics_30:deepseek:r1:misconception_initial",4,TRUE,637
"two_math:CHAMP:P_Polynomial_40:minimax:r1:A1_AI","CHAMP:P_Polynomial_40","math","Polynomial","minimax","deepseek",1,"A1_AI","two_math:CHAMP:P_Polynomial_40:minimax:r1:neutral_initial","two_math:CHAMP:P_Polynomial_40:deepseek:r1:misconception_initial",4,TRUE,638
"two_math:CHAMP:P_Number-Theory_27:deepseek:r2:A1_AI","CHAMP:P_Number-Theory_27","math","Number-Theory","deepseek","minimax",2,"A1_AI","two_math:CHAMP:P_Number-Theory_27:deepseek:r2:neutral_initial","two_math:CHAMP:P_Number-Theory_27:minimax:r2:misconception_initial",4,TRUE,639
"two_math:CHAMP:P_Polynomial_23:minimax:r2:A1_Human","CHAMP:P_Polynomial_23","math","Polynomial","minimax","deepseek",2,"A1_Human","two_math:CHAMP:P_Polynomial_23:minimax:r2:neutral_initial","two_math:CHAMP:P_Polynomial_23:deepseek:r2:misconception_initial",4,TRUE,640
"two_math:CHAMP:P_Number-Theory_67:deepseek:r2:A0_Human","CHAMP:P_Number-Theory_67","math","Number-Theory","deepseek","minimax",2,"A0_Human","two_math:CHAMP:P_Number-Theory_67:deepseek:r2:neutral_initial","two_math:CHAMP:P_Number-Theory_67:minimax:r2:neutral_initial",4,TRUE,641
"two_math:CHAMP:P_Sequence_28:minimax:r2:A1_AI","CHAMP:P_Sequence_28","math","Sequence","minimax","deepseek",2,"A1_AI","two_math:CHAMP:P_Sequence_28:minimax:r2:neutral_initial","two_math:CHAMP:P_Sequence_28:deepseek:r2:misconception_initial",4,TRUE,642
"two_math:CHAMP:P_Polynomial_40:deepseek:r2:A1_Human","CHAMP:P_Polynomial_40","math","Polynomial","deepseek","minimax",2,"A1_Human","two_math:CHAMP:P_Polynomial_40:deepseek:r2:neutral_initial","two_math:CHAMP:P_Polynomial_40:minimax:r2:misconception_initial",4,TRUE,643
"two_math:CHAMP:P_Inequality_24:deepseek:r2:A1_Human","CHAMP:P_Inequality_24","math","Inequality","deepseek","minimax",2,"A1_Human","two_math:CHAMP:P_Inequality_24:deepseek:r2:neutral_initial","two_math:CHAMP:P_Inequality_24:minimax:r2:misconception_initial",4,TRUE,644
"two_math:CHAMP:P_Sequence_20:minimax:r1:A0_Human","CHAMP:P_Sequence_20","math","Sequence","minimax","deepseek",1,"A0_Human","two_math:CHAMP:P_Sequence_20:minimax:r1:neutral_initial","two_math:CHAMP:P_Sequence_20:deepseek:r1:neutral_initial",4,TRUE,645
"two_math:CHAMP:P_Inequality_15:deepseek:r1:A1_AI","CHAMP:P_Inequality_15","math","Inequality","deepseek","minimax",1,"A1_AI","two_math:CHAMP:P_Inequality_15:deepseek:r1:neutral_initial","two_math:CHAMP:P_Inequality_15:minimax:r1:misconception_initial",4,TRUE,646
"two_math:CHAMP:P_Sequence_42:deepseek:r2:A1_Human","CHAMP:P_Sequence_42","math","Sequence","deepseek","minimax",2,"A1_Human","two_math:CHAMP:P_Sequence_42:deepseek:r2:neutral_initial","two_math:CHAMP:P_Sequence_42:minimax:r2:misconception_initial",4,TRUE,647
"two_math:CHAMP:P_Polynomial_47:deepseek:r1:A1_Human","CHAMP:P_Polynomial_47","math","Polynomial","deepseek","minimax",1,"A1_Human","two_math:CHAMP:P_Polynomial_47:deepseek:r1:neutral_initial","two_math:CHAMP:P_Polynomial_47:minimax:r1:misconception_initial",4,TRUE,648
"two_math:CHAMP:P_Inequality_24:minimax:r2:A1_AI","CHAMP:P_Inequality_24","math","Inequality","minimax","deepseek",2,"A1_AI","two_math:CHAMP:P_Inequality_24:minimax:r2:neutral_initial","two_math:CHAMP:P_Inequality_24:deepseek:r2:misconception_initial",4,TRUE,649
"two_math:CHAMP:P_Sequence_42:deepseek:r1:A1_AI","CHAMP:P_Sequence_42","math","Sequence","deepseek","minimax",1,"A1_AI","two_math:CHAMP:P_Sequence_42:deepseek:r1:neutral_initial","two_math:CHAMP:P_Sequence_42:minimax:r1:misconception_initial",4,TRUE,650
"two_math:CHAMP:P_Combinatorics_18:minimax:r1:A1_Human","CHAMP:P_Combinatorics_18","math","Combinatorics","minimax","deepseek",1,"A1_Human","two_math:CHAMP:P_Combinatorics_18:minimax:r1:neutral_initial","two_math:CHAMP:P_Combinatorics_18:deepseek:r1:misconception_initial",4,TRUE,651
"two_math:CHAMP:P_Number-Theory_67:deepseek:r1:A0_Human","CHAMP:P_Number-Theory_67","math","Number-Theory","deepseek","minimax",1,"A0_Human","two_math:CHAMP:P_Number-Theory_67:deepseek:r1:neutral_initial","two_math:CHAMP:P_Number-Theory_67:minimax:r1:neutral_initial",4,TRUE,652
"two_math:CHAMP:P_Number-Theory_27:minimax:r2:A0_Human","CHAMP:P_Number-Theory_27","math","Number-Theory","minimax","deepseek",2,"A0_Human","two_math:CHAMP:P_Number-Theory_27:minimax:r2:neutral_initial","two_math:CHAMP:P_Number-Theory_27:deepseek:r2:neutral_initial",4,TRUE,653
"two_math:CHAMP:P_Number-Theory_24:minimax:r2:A1_Human","CHAMP:P_Number-Theory_24","math","Number-Theory","minimax","deepseek",2,"A1_Human","two_math:CHAMP:P_Number-Theory_24:minimax:r2:neutral_initial","two_math:CHAMP:P_Number-Theory_24:deepseek:r2:misconception_initial",4,TRUE,654
"two_math:CHAMP:P_Combinatorics_18:minimax:r1:A0_Human","CHAMP:P_Combinatorics_18","math","Combinatorics","minimax","deepseek",1,"A0_Human","two_math:CHAMP:P_Combinatorics_18:minimax:r1:neutral_initial","two_math:CHAMP:P_Combinatorics_18:deepseek:r1:neutral_initial",4,TRUE,655
"two_math:CHAMP:P_Number-Theory_24:minimax:r1:A1_AI","CHAMP:P_Number-Theory_24","math","Number-Theory","minimax","deepseek",1,"A1_AI","two_math:CHAMP:P_Number-Theory_24:minimax:r1:neutral_initial","two_math:CHAMP:P_Number-Theory_24:deepseek:r1:misconception_initial",4,TRUE,656
"two_math:CHAMP:P_Combinatorics_30:deepseek:r2:A1_Human","CHAMP:P_Combinatorics_30","math","Combinatorics","deepseek","minimax",2,"A1_Human","two_math:CHAMP:P_Combinatorics_30:deepseek:r2:neutral_initial","two_math:CHAMP:P_Combinatorics_30:minimax:r2:misconception_initial",4,TRUE,657
"two_math:CHAMP:P_Polynomial_47:minimax:r2:A0_Human","CHAMP:P_Polynomial_47","math","Polynomial","minimax","deepseek",2,"A0_Human","two_math:CHAMP:P_Polynomial_47:minimax:r2:neutral_initial","two_math:CHAMP:P_Polynomial_47:deepseek:r2:neutral_initial",4,TRUE,658
"two_math:CHAMP:P_Number-Theory_27:minimax:r1:A1_AI","CHAMP:P_Number-Theory_27","math","Number-Theory","minimax","deepseek",1,"A1_AI","two_math:CHAMP:P_Number-Theory_27:minimax:r1:neutral_initial","two_math:CHAMP:P_Number-Theory_27:deepseek:r1:misconception_initial",4,TRUE,659
"two_math:CHAMP:P_Polynomial_40:deepseek:r1:A1_Human","CHAMP:P_Polynomial_40","math","Polynomial","deepseek","minimax",1,"A1_Human","two_math:CHAMP:P_Polynomial_40:deepseek:r1:neutral_initial","two_math:CHAMP:P_Polynomial_40:minimax:r1:misconception_initial",4,TRUE,660
"two_math:CHAMP:P_Number-Theory_27:deepseek:r1:A0_Human","CHAMP:P_Number-Theory_27","math","Number-Theory","deepseek","minimax",1,"A0_Human","two_math:CHAMP:P_Number-Theory_27:deepseek:r1:neutral_initial","two_math:CHAMP:P_Number-Theory_27:minimax:r1:neutral_initial",4,TRUE,661
"two_math:CHAMP:P_Number-Theory_67:minimax:r2:A1_AI","CHAMP:P_Number-Theory_67","math","Number-Theory","minimax","deepseek",2,"A1_AI","two_math:CHAMP:P_Number-Theory_67:minimax:r2:neutral_initial","two_math:CHAMP:P_Number-Theory_67:deepseek:r2:misconception_initial",4,TRUE,662
"two_math:CHAMP:P_Polynomial_23:minimax:r2:A1_AI","CHAMP:P_Polynomial_23","math","Polynomial","minimax","deepseek",2,"A1_AI","two_math:CHAMP:P_Polynomial_23:minimax:r2:neutral_initial","two_math:CHAMP:P_Polynomial_23:deepseek:r2:misconception_initial",4,TRUE,663
"two_math:CHAMP:P_Number-Theory_24:minimax:r2:A1_AI","CHAMP:P_Number-Theory_24","math","Number-Theory","minimax","deepseek",2,"A1_AI","two_math:CHAMP:P_Number-Theory_24:minimax:r2:neutral_initial","two_math:CHAMP:P_Number-Theory_24:deepseek:r2:misconception_initial",4,TRUE,664
"two_math:CHAMP:P_Sequence_28:deepseek:r1:A1_AI","CHAMP:P_Sequence_28","math","Sequence","deepseek","minimax",1,"A1_AI","two_math:CHAMP:P_Sequence_28:deepseek:r1:neutral_initial","two_math:CHAMP:P_Sequence_28:minimax:r1:misconception_initial",4,TRUE,665
"two_math:CHAMP:P_Polynomial_23:deepseek:r1:A1_Human","CHAMP:P_Polynomial_23","math","Polynomial","deepseek","minimax",1,"A1_Human","two_math:CHAMP:P_Polynomial_23:deepseek:r1:neutral_initial","two_math:CHAMP:P_Polynomial_23:minimax:r1:misconception_initial",4,TRUE,666
"two_math:CHAMP:P_Sequence_20:minimax:r1:A1_Human","CHAMP:P_Sequence_20","math","Sequence","minimax","deepseek",1,"A1_Human","two_math:CHAMP:P_Sequence_20:minimax:r1:neutral_initial","two_math:CHAMP:P_Sequence_20:deepseek:r1:misconception_initial",4,TRUE,667
"two_math:CHAMP:P_Combinatorics_5:deepseek:r2:A1_AI","CHAMP:P_Combinatorics_5","math","Combinatorics","deepseek","minimax",2,"A1_AI","two_math:CHAMP:P_Combinatorics_5:deepseek:r2:neutral_initial","two_math:CHAMP:P_Combinatorics_5:minimax:r2:misconception_initial",4,TRUE,668
"two_math:CHAMP:P_Number-Theory_67:deepseek:r2:A1_AI","CHAMP:P_Number-Theory_67","math","Number-Theory","deepseek","minimax",2,"A1_AI","two_math:CHAMP:P_Number-Theory_67:deepseek:r2:neutral_initial","two_math:CHAMP:P_Number-Theory_67:minimax:r2:misconception_initial",4,TRUE,669
"two_math:CHAMP:P_Number-Theory_24:deepseek:r1:A0_Human","CHAMP:P_Number-Theory_24","math","Number-Theory","deepseek","minimax",1,"A0_Human","two_math:CHAMP:P_Number-Theory_24:deepseek:r1:neutral_initial","two_math:CHAMP:P_Number-Theory_24:minimax:r1:neutral_initial",4,TRUE,670
"two_math:CHAMP:P_Sequence_42:minimax:r2:A0_Human","CHAMP:P_Sequence_42","math","Sequence","minimax","deepseek",2,"A0_Human","two_math:CHAMP:P_Sequence_42:minimax:r2:neutral_initial","two_math:CHAMP:P_Sequence_42:deepseek:r2:neutral_initial",4,TRUE,671
"two_math:CHAMP:P_Sequence_20:deepseek:r2:A0_Human","CHAMP:P_Sequence_20","math","Sequence","deepseek","minimax",2,"A0_Human","two_math:CHAMP:P_Sequence_20:deepseek:r2:neutral_initial","two_math:CHAMP:P_Sequence_20:minimax:r2:neutral_initial",4,TRUE,672
"two_math:CHAMP:P_Sequence_28:minimax:r2:A0_Human","CHAMP:P_Sequence_28","math","Sequence","minimax","deepseek",2,"A0_Human","two_math:CHAMP:P_Sequence_28:minimax:r2:neutral_initial","two_math:CHAMP:P_Sequence_28:deepseek:r2:neutral_initial",4,TRUE,673
"two_math:CHAMP:P_Sequence_20:deepseek:r2:A1_AI","CHAMP:P_Sequence_20","math","Sequence","deepseek","minimax",2,"A1_AI","two_math:CHAMP:P_Sequence_20:deepseek:r2:neutral_initial","two_math:CHAMP:P_Sequence_20:minimax:r2:misconception_initial",4,TRUE,674
"two_math:CHAMP:P_Polynomial_40:minimax:r2:A1_Human","CHAMP:P_Polynomial_40","math","Polynomial","minimax","deepseek",2,"A1_Human","two_math:CHAMP:P_Polynomial_40:minimax:r2:neutral_initial","two_math:CHAMP:P_Polynomial_40:deepseek:r2:misconception_initial",4,TRUE,675
"two_math:CHAMP:P_Combinatorics_5:minimax:r2:A1_AI","CHAMP:P_Combinatorics_5","math","Combinatorics","minimax","deepseek",2,"A1_AI","two_math:CHAMP:P_Combinatorics_5:minimax:r2:neutral_initial","two_math:CHAMP:P_Combinatorics_5:deepseek:r2:misconception_initial",4,TRUE,676
"two_math:CHAMP:P_Polynomial_40:minimax:r1:A0_Human","CHAMP:P_Polynomial_40","math","Polynomial","minimax","deepseek",1,"A0_Human","two_math:CHAMP:P_Polynomial_40:minimax:r1:neutral_initial","two_math:CHAMP:P_Polynomial_40:deepseek:r1:neutral_initial",4,TRUE,677
"two_math:CHAMP:P_Polynomial_23:minimax:r2:A0_Human","CHAMP:P_Polynomial_23","math","Polynomial","minimax","deepseek",2,"A0_Human","two_math:CHAMP:P_Polynomial_23:minimax:r2:neutral_initial","two_math:CHAMP:P_Polynomial_23:deepseek:r2:neutral_initial",4,TRUE,678
"two_math:CHAMP:P_Polynomial_47:deepseek:r2:A1_Human","CHAMP:P_Polynomial_47","math","Polynomial","deepseek","minimax",2,"A1_Human","two_math:CHAMP:P_Polynomial_47:deepseek:r2:neutral_initial","two_math:CHAMP:P_Polynomial_47:minimax:r2:misconception_initial",4,TRUE,679
"two_math:CHAMP:P_Sequence_42:minimax:r1:A1_AI","CHAMP:P_Sequence_42","math","Sequence","minimax","deepseek",1,"A1_AI","two_math:CHAMP:P_Sequence_42:minimax:r1:neutral_initial","two_math:CHAMP:P_Sequence_42:deepseek:r1:misconception_initial",4,TRUE,680
"two_math:CHAMP:P_Combinatorics_18:deepseek:r1:A1_AI","CHAMP:P_Combinatorics_18","math","Combinatorics","deepseek","minimax",1,"A1_AI","two_math:CHAMP:P_Combinatorics_18:deepseek:r1:neutral_initial","two_math:CHAMP:P_Combinatorics_18:minimax:r1:misconception_initial",4,TRUE,681
"two_math:CHAMP:P_Inequality_24:deepseek:r2:A1_AI","CHAMP:P_Inequality_24","math","Inequality","deepseek","minimax",2,"A1_AI","two_math:CHAMP:P_Inequality_24:deepseek:r2:neutral_initial","two_math:CHAMP:P_Inequality_24:minimax:r2:misconception_initial",4,TRUE,682
"two_math:CHAMP:P_Sequence_42:minimax:r1:A1_Human","CHAMP:P_Sequence_42","math","Sequence","minimax","deepseek",1,"A1_Human","two_math:CHAMP:P_Sequence_42:minimax:r1:neutral_initial","two_math:CHAMP:P_Sequence_42:deepseek:r1:misconception_initial",4,TRUE,683
"two_math:CHAMP:P_Number-Theory_27:deepseek:r1:A1_Human","CHAMP:P_Number-Theory_27","math","Number-Theory","deepseek","minimax",1,"A1_Human","two_math:CHAMP:P_Number-Theory_27:deepseek:r1:neutral_initial","two_math:CHAMP:P_Number-Theory_27:minimax:r1:misconception_initial",4,TRUE,684
"two_math:CHAMP:P_Number-Theory_24:minimax:r1:A0_Human","CHAMP:P_Number-Theory_24","math","Number-Theory","minimax","deepseek",1,"A0_Human","two_math:CHAMP:P_Number-Theory_24:minimax:r1:neutral_initial","two_math:CHAMP:P_Number-Theory_24:deepseek:r1:neutral_initial",4,TRUE,685
"two_math:CHAMP:P_Inequality_24:deepseek:r1:A1_Human","CHAMP:P_Inequality_24","math","Inequality","deepseek","minimax",1,"A1_Human","two_math:CHAMP:P_Inequality_24:deepseek:r1:neutral_initial","two_math:CHAMP:P_Inequality_24:minimax:r1:misconception_initial",4,TRUE,686
"two_math:CHAMP:P_Polynomial_47:deepseek:r1:A1_AI","CHAMP:P_Polynomial_47","math","Polynomial","deepseek","minimax",1,"A1_AI","two_math:CHAMP:P_Polynomial_47:deepseek:r1:neutral_initial","two_math:CHAMP:P_Polynomial_47:minimax:r1:misconception_initial",4,TRUE,687
"two_math:CHAMP:P_Number-Theory_67:minimax:r2:A0_Human","CHAMP:P_Number-Theory_67","math","Number-Theory","minimax","deepseek",2,"A0_Human","two_math:CHAMP:P_Number-Theory_67:minimax:r2:neutral_initial","two_math:CHAMP:P_Number-Theory_67:deepseek:r2:neutral_initial",4,TRUE,688
"two_math:CHAMP:P_Inequality_13:minimax:r1:A1_Human","CHAMP:P_Inequality_13","math","Inequality","minimax","deepseek",1,"A1_Human","two_math:CHAMP:P_Inequality_13:minimax:r1:neutral_initial","two_math:CHAMP:P_Inequality_13:deepseek:r1:misconception_initial",4,TRUE,689
"two_math:CHAMP:P_Inequality_24:deepseek:r1:A1_AI","CHAMP:P_Inequality_24","math","Inequality","deepseek","minimax",1,"A1_AI","two_math:CHAMP:P_Inequality_24:deepseek:r1:neutral_initial","two_math:CHAMP:P_Inequality_24:minimax:r1:misconception_initial",4,TRUE,690
"two_math:CHAMP:P_Sequence_28:deepseek:r2:A1_AI","CHAMP:P_Sequence_28","math","Sequence","deepseek","minimax",2,"A1_AI","two_math:CHAMP:P_Sequence_28:deepseek:r2:neutral_initial","two_math:CHAMP:P_Sequence_28:minimax:r2:misconception_initial",4,TRUE,691
"two_math:CHAMP:P_Combinatorics_18:minimax:r2:A1_AI","CHAMP:P_Combinatorics_18","math","Combinatorics","minimax","deepseek",2,"A1_AI","two_math:CHAMP:P_Combinatorics_18:minimax:r2:neutral_initial","two_math:CHAMP:P_Combinatorics_18:deepseek:r2:misconception_initial",4,TRUE,692
"two_math:CHAMP:P_Polynomial_47:minimax:r1:A0_Human","CHAMP:P_Polynomial_47","math","Polynomial","minimax","deepseek",1,"A0_Human","two_math:CHAMP:P_Polynomial_47:minimax:r1:neutral_initial","two_math:CHAMP:P_Polynomial_47:deepseek:r1:neutral_initial",4,TRUE,693
"two_math:CHAMP:P_Number-Theory_24:deepseek:r1:A1_AI","CHAMP:P_Number-Theory_24","math","Number-Theory","deepseek","minimax",1,"A1_AI","two_math:CHAMP:P_Number-Theory_24:deepseek:r1:neutral_initial","two_math:CHAMP:P_Number-Theory_24:minimax:r1:misconception_initial",4,TRUE,694
"two_math:CHAMP:P_Inequality_13:minimax:r1:A1_AI","CHAMP:P_Inequality_13","math","Inequality","minimax","deepseek",1,"A1_AI","two_math:CHAMP:P_Inequality_13:minimax:r1:neutral_initial","two_math:CHAMP:P_Inequality_13:deepseek:r1:misconception_initial",4,TRUE,695
"two_math:CHAMP:P_Polynomial_40:minimax:r2:A0_Human","CHAMP:P_Polynomial_40","math","Polynomial","minimax","deepseek",2,"A0_Human","two_math:CHAMP:P_Polynomial_40:minimax:r2:neutral_initial","two_math:CHAMP:P_Polynomial_40:deepseek:r2:neutral_initial",4,TRUE,696
"two_math:CHAMP:P_Combinatorics_18:deepseek:r1:A0_Human","CHAMP:P_Combinatorics_18","math","Combinatorics","deepseek","minimax",1,"A0_Human","two_math:CHAMP:P_Combinatorics_18:deepseek:r1:neutral_initial","two_math:CHAMP:P_Combinatorics_18:minimax:r1:neutral_initial",4,TRUE,697
"two_math:CHAMP:P_Inequality_15:deepseek:r2:A1_AI","CHAMP:P_Inequality_15","math","Inequality","deepseek","minimax",2,"A1_AI","two_math:CHAMP:P_Inequality_15:deepseek:r2:neutral_initial","two_math:CHAMP:P_Inequality_15:minimax:r2:misconception_initial",4,TRUE,698
"two_math:CHAMP:P_Sequence_28:minimax:r1:A1_Human","CHAMP:P_Sequence_28","math","Sequence","minimax","deepseek",1,"A1_Human","two_math:CHAMP:P_Sequence_28:minimax:r1:neutral_initial","two_math:CHAMP:P_Sequence_28:deepseek:r1:misconception_initial",4,TRUE,699
"two_math:CHAMP:P_Sequence_42:deepseek:r2:A0_Human","CHAMP:P_Sequence_42","math","Sequence","deepseek","minimax",2,"A0_Human","two_math:CHAMP:P_Sequence_42:deepseek:r2:neutral_initial","two_math:CHAMP:P_Sequence_42:minimax:r2:neutral_initial",4,TRUE,700
"two_math:CHAMP:P_Polynomial_47:deepseek:r1:A0_Human","CHAMP:P_Polynomial_47","math","Polynomial","deepseek","minimax",1,"A0_Human","two_math:CHAMP:P_Polynomial_47:deepseek:r1:neutral_initial","two_math:CHAMP:P_Polynomial_47:minimax:r1:neutral_initial",4,TRUE,701
"two_math:CHAMP:P_Combinatorics_18:deepseek:r2:A1_AI","CHAMP:P_Combinatorics_18","math","Combinatorics","deepseek","minimax",2,"A1_AI","two_math:CHAMP:P_Combinatorics_18:deepseek:r2:neutral_initial","two_math:CHAMP:P_Combinatorics_18:minimax:r2:misconception_initial",4,TRUE,702
"two_math:CHAMP:P_Sequence_28:minimax:r1:A1_AI","CHAMP:P_Sequence_28","math","Sequence","minimax","deepseek",1,"A1_AI","two_math:CHAMP:P_Sequence_28:minimax:r1:neutral_initial","two_math:CHAMP:P_Sequence_28:deepseek:r1:misconception_initial",4,TRUE,703
"two_math:CHAMP:P_Sequence_20:minimax:r2:A0_Human","CHAMP:P_Sequence_20","math","Sequence","minimax","deepseek",2,"A0_Human","two_math:CHAMP:P_Sequence_20:minimax:r2:neutral_initial","two_math:CHAMP:P_Sequence_20:deepseek:r2:neutral_initial",4,TRUE,704
"two_math:CHAMP:P_Number-Theory_27:minimax:r2:A1_AI","CHAMP:P_Number-Theory_27","math","Number-Theory","minimax","deepseek",2,"A1_AI","two_math:CHAMP:P_Number-Theory_27:minimax:r2:neutral_initial","two_math:CHAMP:P_Number-Theory_27:deepseek:r2:misconception_initial",4,TRUE,705
"two_math:CHAMP:P_Combinatorics_30:minimax:r2:A0_Human","CHAMP:P_Combinatorics_30","math","Combinatorics","minimax","deepseek",2,"A0_Human","two_math:CHAMP:P_Combinatorics_30:minimax:r2:neutral_initial","two_math:CHAMP:P_Combinatorics_30:deepseek:r2:neutral_initial",4,TRUE,706
"two_math:CHAMP:P_Sequence_20:deepseek:r1:A1_AI","CHAMP:P_Sequence_20","math","Sequence","deepseek","minimax",1,"A1_AI","two_math:CHAMP:P_Sequence_20:deepseek:r1:neutral_initial","two_math:CHAMP:P_Sequence_20:minimax:r1:misconception_initial",4,TRUE,707
"two_math:CHAMP:P_Number-Theory_67:deepseek:r1:A1_AI","CHAMP:P_Number-Theory_67","math","Number-Theory","deepseek","minimax",1,"A1_AI","two_math:CHAMP:P_Number-Theory_67:deepseek:r1:neutral_initial","two_math:CHAMP:P_Number-Theory_67:minimax:r1:misconception_initial",4,TRUE,708
"two_math:CHAMP:P_Combinatorics_18:deepseek:r2:A0_Human","CHAMP:P_Combinatorics_18","math","Combinatorics","deepseek","minimax",2,"A0_Human","two_math:CHAMP:P_Combinatorics_18:deepseek:r2:neutral_initial","two_math:CHAMP:P_Combinatorics_18:minimax:r2:neutral_initial",4,TRUE,709
"two_math:CHAMP:P_Polynomial_23:minimax:r1:A1_AI","CHAMP:P_Polynomial_23","math","Polynomial","minimax","deepseek",1,"A1_AI","two_math:CHAMP:P_Polynomial_23:minimax:r1:neutral_initial","two_math:CHAMP:P_Polynomial_23:deepseek:r1:misconception_initial",4,TRUE,710
"two_math:CHAMP:P_Inequality_24:minimax:r2:A0_Human","CHAMP:P_Inequality_24","math","Inequality","minimax","deepseek",2,"A0_Human","two_math:CHAMP:P_Inequality_24:minimax:r2:neutral_initial","two_math:CHAMP:P_Inequality_24:deepseek:r2:neutral_initial",4,TRUE,711
"two_math:CHAMP:P_Number-Theory_24:deepseek:r2:A1_Human","CHAMP:P_Number-Theory_24","math","Number-Theory","deepseek","minimax",2,"A1_Human","two_math:CHAMP:P_Number-Theory_24:deepseek:r2:neutral_initial","two_math:CHAMP:P_Number-Theory_24:minimax:r2:misconception_initial",4,TRUE,712
"two_math:CHAMP:P_Sequence_20:deepseek:r1:A1_Human","CHAMP:P_Sequence_20","math","Sequence","deepseek","minimax",1,"A1_Human","two_math:CHAMP:P_Sequence_20:deepseek:r1:neutral_initial","two_math:CHAMP:P_Sequence_20:minimax:r1:misconception_initial",4,TRUE,713
"two_math:CHAMP:P_Inequality_24:minimax:r1:A1_Human","CHAMP:P_Inequality_24","math","Inequality","minimax","deepseek",1,"A1_Human","two_math:CHAMP:P_Inequality_24:minimax:r1:neutral_initial","two_math:CHAMP:P_Inequality_24:deepseek:r1:misconception_initial",4,TRUE,714
"two_math:CHAMP:P_Number-Theory_24:deepseek:r2:A1_AI","CHAMP:P_Number-Theory_24","math","Number-Theory","deepseek","minimax",2,"A1_AI","two_math:CHAMP:P_Number-Theory_24:deepseek:r2:neutral_initial","two_math:CHAMP:P_Number-Theory_24:minimax:r2:misconception_initial",4,TRUE,715
"two_math:CHAMP:P_Inequality_15:deepseek:r1:A0_Human","CHAMP:P_Inequality_15","math","Inequality","deepseek","minimax",1,"A0_Human","two_math:CHAMP:P_Inequality_15:deepseek:r1:neutral_initial","two_math:CHAMP:P_Inequality_15:minimax:r1:neutral_initial",4,TRUE,716
"two_math:CHAMP:P_Combinatorics_18:minimax:r1:A1_AI","CHAMP:P_Combinatorics_18","math","Combinatorics","minimax","deepseek",1,"A1_AI","two_math:CHAMP:P_Combinatorics_18:minimax:r1:neutral_initial","two_math:CHAMP:P_Combinatorics_18:deepseek:r1:misconception_initial",4,TRUE,717
"two_math:CHAMP:P_Polynomial_40:deepseek:r1:A0_Human","CHAMP:P_Polynomial_40","math","Polynomial","deepseek","minimax",1,"A0_Human","two_math:CHAMP:P_Polynomial_40:deepseek:r1:neutral_initial","two_math:CHAMP:P_Polynomial_40:minimax:r1:neutral_initial",4,TRUE,718
"two_math:CHAMP:P_Inequality_24:minimax:r2:A1_Human","CHAMP:P_Inequality_24","math","Inequality","minimax","deepseek",2,"A1_Human","two_math:CHAMP:P_Inequality_24:minimax:r2:neutral_initial","two_math:CHAMP:P_Inequality_24:deepseek:r2:misconception_initial",4,TRUE,719
"two_math:CHAMP:P_Combinatorics_30:deepseek:r1:A1_AI","CHAMP:P_Combinatorics_30","math","Combinatorics","deepseek","minimax",1,"A1_AI","two_math:CHAMP:P_Combinatorics_30:deepseek:r1:neutral_initial","two_math:CHAMP:P_Combinatorics_30:minimax:r1:misconception_initial",4,TRUE,720
"two_math:CHAMP:P_Combinatorics_30:deepseek:r1:A0_Human","CHAMP:P_Combinatorics_30","math","Combinatorics","deepseek","minimax",1,"A0_Human","two_math:CHAMP:P_Combinatorics_30:deepseek:r1:neutral_initial","two_math:CHAMP:P_Combinatorics_30:minimax:r1:neutral_initial",4,TRUE,721
"two_math:CHAMP:P_Combinatorics_5:deepseek:r2:A0_Human","CHAMP:P_Combinatorics_5","math","Combinatorics","deepseek","minimax",2,"A0_Human","two_math:CHAMP:P_Combinatorics_5:deepseek:r2:neutral_initial","two_math:CHAMP:P_Combinatorics_5:minimax:r2:neutral_initial",4,TRUE,722
"two_math:CHAMP:P_Sequence_28:minimax:r2:A1_Human","CHAMP:P_Sequence_28","math","Sequence","minimax","deepseek",2,"A1_Human","two_math:CHAMP:P_Sequence_28:minimax:r2:neutral_initial","two_math:CHAMP:P_Sequence_28:deepseek:r2:misconception_initial",4,TRUE,723
"two_math:CHAMP:P_Inequality_13:deepseek:r2:A0_Human","CHAMP:P_Inequality_13","math","Inequality","deepseek","minimax",2,"A0_Human","two_math:CHAMP:P_Inequality_13:deepseek:r2:neutral_initial","two_math:CHAMP:P_Inequality_13:minimax:r2:neutral_initial",4,TRUE,724
"two_math:CHAMP:P_Polynomial_47:minimax:r2:A1_Human","CHAMP:P_Polynomial_47","math","Polynomial","minimax","deepseek",2,"A1_Human","two_math:CHAMP:P_Polynomial_47:minimax:r2:neutral_initial","two_math:CHAMP:P_Polynomial_47:deepseek:r2:misconception_initial",4,TRUE,725
"two_math:CHAMP:P_Combinatorics_5:deepseek:r1:A1_Human","CHAMP:P_Combinatorics_5","math","Combinatorics","deepseek","minimax",1,"A1_Human","two_math:CHAMP:P_Combinatorics_5:deepseek:r1:neutral_initial","two_math:CHAMP:P_Combinatorics_5:minimax:r1:misconception_initial",4,TRUE,726
"two_math:CHAMP:P_Sequence_42:minimax:r1:A0_Human","CHAMP:P_Sequence_42","math","Sequence","minimax","deepseek",1,"A0_Human","two_math:CHAMP:P_Sequence_42:minimax:r1:neutral_initial","two_math:CHAMP:P_Sequence_42:deepseek:r1:neutral_initial",4,TRUE,727
"two_math:CHAMP:P_Inequality_15:minimax:r2:A1_Human","CHAMP:P_Inequality_15","math","Inequality","minimax","deepseek",2,"A1_Human","two_math:CHAMP:P_Inequality_15:minimax:r2:neutral_initial","two_math:CHAMP:P_Inequality_15:deepseek:r2:misconception_initial",4,TRUE,728
"two_math:CHAMP:P_Combinatorics_18:minimax:r2:A0_Human","CHAMP:P_Combinatorics_18","math","Combinatorics","minimax","deepseek",2,"A0_Human","two_math:CHAMP:P_Combinatorics_18:minimax:r2:neutral_initial","two_math:CHAMP:P_Combinatorics_18:deepseek:r2:neutral_initial",4,TRUE,729
"two_math:CHAMP:P_Inequality_13:minimax:r2:A1_Human","CHAMP:P_Inequality_13","math","Inequality","minimax","deepseek",2,"A1_Human","two_math:CHAMP:P_Inequality_13:minimax:r2:neutral_initial","two_math:CHAMP:P_Inequality_13:deepseek:r2:misconception_initial",4,TRUE,730
"two_math:CHAMP:P_Sequence_20:minimax:r2:A1_Human","CHAMP:P_Sequence_20","math","Sequence","minimax","deepseek",2,"A1_Human","two_math:CHAMP:P_Sequence_20:minimax:r2:neutral_initial","two_math:CHAMP:P_Sequence_20:deepseek:r2:misconception_initial",4,TRUE,731
"two_math:CHAMP:P_Sequence_20:minimax:r2:A1_AI","CHAMP:P_Sequence_20","math","Sequence","minimax","deepseek",2,"A1_AI","two_math:CHAMP:P_Sequence_20:minimax:r2:neutral_initial","two_math:CHAMP:P_Sequence_20:deepseek:r2:misconception_initial",4,TRUE,732
