"id","source","selected_recovery_attempt","recovery_mode","http_id","status","request_sha256"
"two_math:CHAMP:P_Sequence_19:deepseek:r2:neutral_initial","original",NA,"none","two_math:CHAMP:P_Sequence_19:deepseek:r2:neutral_initial:http1","ok","a64baf9201c603793761020ad5a790c29f5c3d7a967051bd1676bae2bbde62c2"
"two_math:CHAMP:P_Combinatorics_38:minimax:r2:neutral_initial","original",NA,"none","two_math:CHAMP:P_Combinatorics_38:minimax:r2:neutral_initial:http1","ok","ab84bf002a90ad01efbbeb5a97bd4bb21148aaa1f8e7e1524af496f52d8ce970"
"two_math:CHAMP:P_Sequence_11:minimax:r2:neutral_initial","original",NA,"none","two_math:CHAMP:P_Sequence_11:minimax:r2:neutral_initial:http1","ok","2d2c22214f8ce30e7bfd6e49b8b52c7a1c1218f2431687bc908271e85ffc624a"
"two_math:CHAMP:P_Number-Theory_17:minimax:r2:neutral_initial","original",NA,"none","two_math:CHAMP:P_Number-Theory_17:minimax:r2:neutral_initial:http1","ok","a170bdd364bc2e4bdc4a79eed3b3d3e805072683f6f6707aeb1ee80edfe16c1f"
"two_math:CHAMP:P_Sequence_40:deepseek:r1:neutral_initial","technical_recovery_appendix",2,"token_limit_6144_secondary","two_math:CHAMP:P_Sequence_40:deepseek:r1:neutral_initial:recovery2:http1","ok","4f67be9e09ef408913e267014dd70cf4204c576c2d43889a3adc286ff52977ae"
"two_math:CHAMP:P_Polynomial_1:minimax:r1:neutral_initial","original",NA,"none","two_math:CHAMP:P_Polynomial_1:minimax:r1:neutral_initial:http1","ok","c934cff64314a3db70ee7e177e1c5f5e29f05546c81b2bf56d509d63d4dca176"
"two_math:CHAMP:P_Sequence_11:deepseek:r2:neutral_initial","original",NA,"none","two_math:CHAMP:P_Sequence_11:deepseek:r2:neutral_initial:http1","ok","ca778aadcfa57328f538f2338bed67f1f162f2eda343ad77f61bfcf732cba927"
"two_math:CHAMP:P_Polynomial_47:deepseek:r2:neutral_initial","original",NA,"none","two_math:CHAMP:P_Polynomial_47:deepseek:r2:neutral_initial:http1","ok","9e373f4e24a13d261e4b27a12af216f8b100be1a07c25c40fe31f791974e51cc"
"two_math:CHAMP:P_Inequality_4:minimax:r2:neutral_initial","original",NA,"none","two_math:CHAMP:P_Inequality_4:minimax:r2:neutral_initial:http1","ok","fa1101b36ea57cea5d775e6cf7b5fdb2cf47393a40788553dd88a748b92f1e94"
"two_math:CHAMP:P_Polynomial_11:deepseek:r1:neutral_initial","original",NA,"none","two_math:CHAMP:P_Polynomial_11:deepseek:r1:neutral_initial:http1","ok","04acab9ba1b0fd33f1d74dd58aff2417782e191f643b2933477acfe299e15c70"
"two_math:CHAMP:P_Combinatorics_20:minimax:r2:neutral_initial","technical_recovery_appendix",1,"token_limit_6144_secondary","two_math:CHAMP:P_Combinatorics_20:minimax:r2:neutral_initial:recovery1:http1","ok","73d730829d1f30addbb0ca91bc38d688b804f6f56bdb545aa4cb3c5509ea2e62"
"two_math:CHAMP:P_Combinatorics_21:deepseek:r1:neutral_initial","original",NA,"none","two_math:CHAMP:P_Combinatorics_21:deepseek:r1:neutral_initial:http1","ok","9923f9af3585ad52c2fc43f805cf2fd288a625185735207a54d87fec10e299d4"
"two_math:CHAMP:P_Inequality_24:deepseek:r2:neutral_initial","original",NA,"none","two_math:CHAMP:P_Inequality_24:deepseek:r2:neutral_initial:http1","ok","025e1b1bb53be49950453d7ac4aaf679eea90057bdd4b9da4c168bebde2273e5"
"two_math:CHAMP:P_Polynomial_47:minimax:r1:neutral_initial","original",NA,"none","two_math:CHAMP:P_Polynomial_47:minimax:r1:neutral_initial:http1","ok","346d444ad13e50d7b73e4a43ae82c6082ccd625d5f5c6f334903e406e9aff43f"
"two_math:CHAMP:P_Number-Theory_17:minimax:r1:neutral_initial","original",NA,"none","two_math:CHAMP:P_Number-Theory_17:minimax:r1:neutral_initial:http1","ok","a170bdd364bc2e4bdc4a79eed3b3d3e805072683f6f6707aeb1ee80edfe16c1f"
"two_math:CHAMP:P_Polynomial_50:deepseek:r2:neutral_initial","original",NA,"none","two_math:CHAMP:P_Polynomial_50:deepseek:r2:neutral_initial:http1","ok","23562352e97818cb4dcba82f2d2a7835492559d7d4b836ce53cc9f22bec093ee"
"two_math:CHAMP:P_Number-Theory_27:minimax:r1:neutral_initial","original",NA,"none","two_math:CHAMP:P_Number-Theory_27:minimax:r1:neutral_initial:http1","ok","7ee79c4a4ba70eb58b549e73699f50648a2a58aa513916cd10f858127b03604d"
"two_math:CHAMP:P_Inequality_15:deepseek:r2:neutral_initial","original",NA,"none","two_math:CHAMP:P_Inequality_15:deepseek:r2:neutral_initial:http1","ok","7605dc5d01d2f5431380f59620f46067b452379b0d268203849f2524ade2fb9f"
"two_math:CHAMP:P_Polynomial_1:deepseek:r1:neutral_initial","original",NA,"none","two_math:CHAMP:P_Polynomial_1:deepseek:r1:neutral_initial:http1","ok","e799f726d206c740b95d667bc426f7d27c4e7703117429c5324d36f82633ecd6"
"two_math:CHAMP:P_Sequence_21:deepseek:r2:neutral_initial","original",NA,"none","two_math:CHAMP:P_Sequence_21:deepseek:r2:neutral_initial:http1","ok","9761b8999c16a783302c7b971cfa48eab501c0cfbea428f875c33a1864a96d72"
"two_math:CHAMP:P_Polynomial_23:minimax:r2:neutral_initial","original",NA,"none","two_math:CHAMP:P_Polynomial_23:minimax:r2:neutral_initial:http1","ok","2937f2328e96055880f6373985b622af8ca9e0929e5f5b02474540c967e7809f"
"two_math:CHAMP:P_Combinatorics_5:minimax:r1:neutral_initial","original",NA,"none","two_math:CHAMP:P_Combinatorics_5:minimax:r1:neutral_initial:http1","ok","d607e331cbcd9c147ffac26df4d47c06c5356041808063d2685fe20894998ae9"
"two_math:CHAMP:P_Combinatorics_20:deepseek:r1:neutral_initial","original",NA,"none","two_math:CHAMP:P_Combinatorics_20:deepseek:r1:neutral_initial:http1","ok","0bb947470ea4d3528656a5943e6f5f69f58d9fb2f461c841b4bbe57081069672"
"two_math:CHAMP:P_Inequality_13:deepseek:r1:neutral_initial","original",NA,"none","two_math:CHAMP:P_Inequality_13:deepseek:r1:neutral_initial:http1","ok","146830daff96b990b2b7b962be473f9583622d0fc98aab60e81cbc1606de8f1c"
"two_math:CHAMP:P_Sequence_11:deepseek:r1:neutral_initial","original",NA,"none","two_math:CHAMP:P_Sequence_11:deepseek:r1:neutral_initial:http1","ok","ca778aadcfa57328f538f2338bed67f1f162f2eda343ad77f61bfcf732cba927"
"two_math:CHAMP:P_Inequality_8:minimax:r1:neutral_initial","original",NA,"none","two_math:CHAMP:P_Inequality_8:minimax:r1:neutral_initial:http1","ok","8aa8cdd9a85353502cc8ac8034cbebce6ebeccc56cd952746decaacb08a18120"
"two_math:CHAMP:P_Inequality_13:minimax:r2:neutral_initial","original",NA,"none","two_math:CHAMP:P_Inequality_13:minimax:r2:neutral_initial:http1","ok","7dc98bc11e0b3fbc349f92ab452adf4d486ec771f2d7e5dab92dc395c2aba7d7"
"two_math:CHAMP:P_Sequence_40:minimax:r1:neutral_initial","technical_recovery_appendix",1,"token_limit_6144_secondary","two_math:CHAMP:P_Sequence_40:minimax:r1:neutral_initial:recovery1:http1","ok","a9c4b0d6cd0257e5f5d8f70fefd68be429a857777d17021747fc9e9109672cfb"
"two_math:CHAMP:P_Sequence_42:minimax:r1:neutral_initial","original",NA,"none","two_math:CHAMP:P_Sequence_42:minimax:r1:neutral_initial:http1","ok","f9c37db95e611c3b932ad93b7ed057d26ae674fc250465426f826528f1e0ceff"
"two_math:CHAMP:P_Combinatorics_31:minimax:r1:neutral_initial","original",NA,"none","two_math:CHAMP:P_Combinatorics_31:minimax:r1:neutral_initial:http1","ok","4df64404b6c2a8980d9b4822fdf95808b251bd49888238a46549e57c0809e729"
"two_math:CHAMP:P_Number-Theory_13:deepseek:r1:neutral_initial","original",NA,"none","two_math:CHAMP:P_Number-Theory_13:deepseek:r1:neutral_initial:http1","ok","b5b3976258f60fcdfdb4f8c36a577610ad3a7b7f2fee913253ca0450e1acc5cc"
"two_math:CHAMP:P_Number-Theory_32:deepseek:r1:neutral_initial","original",NA,"none","two_math:CHAMP:P_Number-Theory_32:deepseek:r1:neutral_initial:http1","ok","9bd7ef154f619a2d62dc5d76ca543d849381cc51d6363c1bc3024c35f1e0a3f2"
"two_math:CHAMP:P_Combinatorics_40:minimax:r1:neutral_initial","original",NA,"none","two_math:CHAMP:P_Combinatorics_40:minimax:r1:neutral_initial:http1","ok","a9132e37218e6e1fc099576b6c31ddfc865d46e7884cbbce0356763f6f47fc46"
"two_math:CHAMP:P_Polynomial_32:deepseek:r1:neutral_initial","original",NA,"none","two_math:CHAMP:P_Polynomial_32:deepseek:r1:neutral_initial:http1","ok","188acd7208b07efff30058bc02036e46740eecf13b7573309c14fb6df13015d6"
"two_math:CHAMP:P_Polynomial_24:deepseek:r2:neutral_initial","original",NA,"none","two_math:CHAMP:P_Polynomial_24:deepseek:r2:neutral_initial:http1","ok","9148974f159ea4fdb322db63a24f8cb410d0e5f61da4da549a6425acd215ad32"
"two_math:CHAMP:P_Polynomial_47:deepseek:r1:neutral_initial","original",NA,"none","two_math:CHAMP:P_Polynomial_47:deepseek:r1:neutral_initial:http1","ok","9e373f4e24a13d261e4b27a12af216f8b100be1a07c25c40fe31f791974e51cc"
"two_math:CHAMP:P_Combinatorics_30:deepseek:r1:neutral_initial","original",NA,"none","two_math:CHAMP:P_Combinatorics_30:deepseek:r1:neutral_initial:http1","ok","005486282ad4c490695d413b50bbe6d6b1d0f3dc294a773c6c6a6b7b7bfaf645"
"two_math:CHAMP:P_Inequality_8:deepseek:r1:neutral_initial","technical_recovery_appendix",1,"token_limit_6144_secondary","two_math:CHAMP:P_Inequality_8:deepseek:r1:neutral_initial:recovery1:http1","ok","62a353a348b7abbd590724215122192213ab4bd6675c1399daccaeead9ada455"
"two_math:CHAMP:P_Inequality_24:minimax:r1:neutral_initial","original",NA,"none","two_math:CHAMP:P_Inequality_24:minimax:r1:neutral_initial:http1","ok","91469ac8ca2f51901af3a511f6f96cc72328dc242e44072bff3a1b53dd208134"
"two_math:CHAMP:P_Combinatorics_30:minimax:r2:neutral_initial","original",NA,"none","two_math:CHAMP:P_Combinatorics_30:minimax:r2:neutral_initial:http1","ok","9eccebb2a60d861d4b68d3fba3cd8fbaede3b2c592d8ecdda65a61e1b7c12228"
"two_math:CHAMP:P_Inequality_15:minimax:r2:neutral_initial","technical_recovery_appendix",1,"token_limit_6144_secondary","two_math:CHAMP:P_Inequality_15:minimax:r2:neutral_initial:recovery1:http1","ok","85da8fda62aafb8b47467e437ad1ecd5465acccbf95a96bac58cc56c8ae9db46"
"two_math:CHAMP:P_Combinatorics_40:minimax:r2:neutral_initial","technical_recovery_appendix",1,"exact_original_payload_retry","two_math:CHAMP:P_Combinatorics_40:minimax:r2:neutral_initial:recovery1:http1","ok","a9132e37218e6e1fc099576b6c31ddfc865d46e7884cbbce0356763f6f47fc46"
"two_math:CHAMP:P_Combinatorics_18:minimax:r2:neutral_initial","technical_recovery_appendix",1,"exact_original_payload_retry","two_math:CHAMP:P_Combinatorics_18:minimax:r2:neutral_initial:recovery1:http1","ok","8a67e2fb2fb4ef588c275133393c84d0bf917e1a3f03e81ba2b3927a2b8420a9"
"two_math:CHAMP:P_Combinatorics_31:deepseek:r1:neutral_initial","original",NA,"none","two_math:CHAMP:P_Combinatorics_31:deepseek:r1:neutral_initial:http1","ok","9e4448032f30af6434f3644ca772172727e674fe3ec3644374bb54afe921e7b2"
"two_math:CHAMP:P_Inequality_4:minimax:r1:neutral_initial","original",NA,"none","two_math:CHAMP:P_Inequality_4:minimax:r1:neutral_initial:http1","ok","fa1101b36ea57cea5d775e6cf7b5fdb2cf47393a40788553dd88a748b92f1e94"
"two_math:CHAMP:P_Combinatorics_21:minimax:r1:neutral_initial","original",NA,"none","two_math:CHAMP:P_Combinatorics_21:minimax:r1:neutral_initial:http1","ok","cb7531ba92744b10c8392179e70fdfdf43ef51c20de9f8186d1ca7f9b19dc5b2"
"two_math:CHAMP:P_Inequality_24:deepseek:r1:neutral_initial","original",NA,"none","two_math:CHAMP:P_Inequality_24:deepseek:r1:neutral_initial:http1","ok","025e1b1bb53be49950453d7ac4aaf679eea90057bdd4b9da4c168bebde2273e5"
"two_math:CHAMP:P_Inequality_4:deepseek:r2:neutral_initial","original",NA,"none","two_math:CHAMP:P_Inequality_4:deepseek:r2:neutral_initial:http1","ok","3df7bf1af7ec658187cd0c918744b2a8583b3fcddd92ef605f13784cfaa3bfa5"
"two_math:CHAMP:P_Inequality_15:deepseek:r1:neutral_initial","original",NA,"none","two_math:CHAMP:P_Inequality_15:deepseek:r1:neutral_initial:http1","ok","7605dc5d01d2f5431380f59620f46067b452379b0d268203849f2524ade2fb9f"
"two_math:CHAMP:P_Polynomial_11:minimax:r1:neutral_initial","original",NA,"none","two_math:CHAMP:P_Polynomial_11:minimax:r1:neutral_initial:http1","ok","19447f1523843d422a2bec9cf63a08dd89729ab57670dcd720c7fdabce146adc"
"two_math:CHAMP:P_Number-Theory_27:deepseek:r1:neutral_initial","original",NA,"none","two_math:CHAMP:P_Number-Theory_27:deepseek:r1:neutral_initial:http1","ok","36979cb65e8734616ae8df58e6a42f93b0ccff4b135abca502be0967d08ab61d"
"two_math:CHAMP:P_Polynomial_40:deepseek:r2:neutral_initial","original",NA,"none","two_math:CHAMP:P_Polynomial_40:deepseek:r2:neutral_initial:http1","ok","51abd4e8d18279609df2165038824b8286f181b05e394217e8672b8574534c9c"
"two_math:CHAMP:P_Number-Theory_67:deepseek:r1:neutral_initial","original",NA,"none","two_math:CHAMP:P_Number-Theory_67:deepseek:r1:neutral_initial:http1","ok","72aeb29207d64a695292994ad391e56e825f69ec2b88ad59c8e7f0f5364f1ef6"
"two_math:CHAMP:P_Combinatorics_5:deepseek:r1:neutral_initial","original",NA,"none","two_math:CHAMP:P_Combinatorics_5:deepseek:r1:neutral_initial:http1","ok","3088fe539bc6b3c1a879263b33bb3388bb6becf3b558cd6770f58ecb94e60614"
"two_math:CHAMP:P_Combinatorics_18:deepseek:r2:neutral_initial","original",NA,"none","two_math:CHAMP:P_Combinatorics_18:deepseek:r2:neutral_initial:http1","ok","eef5b9de7f4af6ceaa57cf819d954d7efc4b287d271f4256b215c1ebc5707234"
"two_math:CHAMP:P_Sequence_19:minimax:r2:neutral_initial","original",NA,"none","two_math:CHAMP:P_Sequence_19:minimax:r2:neutral_initial:http1","ok","1facf9bb855b1932e9dc38ba53456ef3213d49880210616c1993266761def57f"
"two_math:CHAMP:P_Number-Theory_27:minimax:r2:neutral_initial","original",NA,"none","two_math:CHAMP:P_Number-Theory_27:minimax:r2:neutral_initial:http1","ok","7ee79c4a4ba70eb58b549e73699f50648a2a58aa513916cd10f858127b03604d"
"two_math:CHAMP:P_Number-Theory_32:minimax:r1:neutral_initial","original",NA,"none","two_math:CHAMP:P_Number-Theory_32:minimax:r1:neutral_initial:http1","ok","3febd3601f72e024399550bf1e5221cca1476baf13fed8bad74ee7d722c75295"
"two_math:CHAMP:P_Number-Theory_32:minimax:r2:neutral_initial","original",NA,"none","two_math:CHAMP:P_Number-Theory_32:minimax:r2:neutral_initial:http1","ok","3febd3601f72e024399550bf1e5221cca1476baf13fed8bad74ee7d722c75295"
"two_math:CHAMP:P_Inequality_26:deepseek:r1:neutral_initial","original",NA,"none","two_math:CHAMP:P_Inequality_26:deepseek:r1:neutral_initial:http1","ok","70072a774944b5199ef501e4d23ec3d9a9068571f9d87fd5c7b68cebcb5e8cf1"
"two_math:CHAMP:P_Polynomial_1:deepseek:r2:neutral_initial","original",NA,"none","two_math:CHAMP:P_Polynomial_1:deepseek:r2:neutral_initial:http1","ok","e799f726d206c740b95d667bc426f7d27c4e7703117429c5324d36f82633ecd6"
"two_math:CHAMP:P_Combinatorics_5:deepseek:r2:neutral_initial","original",NA,"none","two_math:CHAMP:P_Combinatorics_5:deepseek:r2:neutral_initial:http1","ok","3088fe539bc6b3c1a879263b33bb3388bb6becf3b558cd6770f58ecb94e60614"
"two_math:CHAMP:P_Inequality_13:minimax:r1:neutral_initial","original",NA,"none","two_math:CHAMP:P_Inequality_13:minimax:r1:neutral_initial:http1","ok","7dc98bc11e0b3fbc349f92ab452adf4d486ec771f2d7e5dab92dc395c2aba7d7"
"two_math:CHAMP:P_Polynomial_17:minimax:r2:neutral_initial","original",NA,"none","two_math:CHAMP:P_Polynomial_17:minimax:r2:neutral_initial:http1","ok","197cb0230e7a76d30452cce703de5ba2351b6987dd9b0711c18230f688485322"
"two_math:CHAMP:P_Sequence_19:minimax:r1:neutral_initial","original",NA,"none","two_math:CHAMP:P_Sequence_19:minimax:r1:neutral_initial:http1","ok","1facf9bb855b1932e9dc38ba53456ef3213d49880210616c1993266761def57f"
"two_math:CHAMP:P_Inequality_26:minimax:r2:neutral_initial","technical_recovery_appendix",1,"token_limit_6144_secondary","two_math:CHAMP:P_Inequality_26:minimax:r2:neutral_initial:recovery1:http1","ok","296937956debe6824f10d2eca5c7c5c92414013968543f5c00186db433bdcb6a"
"two_math:CHAMP:P_Sequence_20:deepseek:r1:neutral_initial","original",NA,"none","two_math:CHAMP:P_Sequence_20:deepseek:r1:neutral_initial:http1","ok","f56066498785c7cd49da2a8f69b8604a0944f39ddd7b9a23f01c20e5fc7e1513"
"two_math:CHAMP:P_Number-Theory_12:minimax:r1:neutral_initial","technical_recovery_appendix",2,"exact_original_payload_retry","two_math:CHAMP:P_Number-Theory_12:minimax:r1:neutral_initial:recovery2:http1","ok","18b834cb403546367d5c4ef501bf2bd82dc82c8f3779c901925578b899e7375c"
"two_math:CHAMP:P_Combinatorics_18:deepseek:r1:neutral_initial","original",NA,"none","two_math:CHAMP:P_Combinatorics_18:deepseek:r1:neutral_initial:http1","ok","eef5b9de7f4af6ceaa57cf819d954d7efc4b287d271f4256b215c1ebc5707234"
"two_math:CHAMP:P_Number-Theory_13:minimax:r2:neutral_initial","original",NA,"none","two_math:CHAMP:P_Number-Theory_13:minimax:r2:neutral_initial:http1","ok","07ab5e2e2fc3a83d154700ef9d201a154afedb57693541e2ac04cf06b1a64206"
"two_math:CHAMP:P_Polynomial_32:deepseek:r2:neutral_initial","original",NA,"none","two_math:CHAMP:P_Polynomial_32:deepseek:r2:neutral_initial:http1","ok","188acd7208b07efff30058bc02036e46740eecf13b7573309c14fb6df13015d6"
"two_math:CHAMP:P_Number-Theory_12:deepseek:r2:neutral_initial","original",NA,"none","two_math:CHAMP:P_Number-Theory_12:deepseek:r2:neutral_initial:http1","ok","4c435c398cc299addb06dee54cb7d938cbed53fa6d9e24137750e1dff0df525b"
"two_math:CHAMP:P_Inequality_15:minimax:r1:neutral_initial","original",NA,"none","two_math:CHAMP:P_Inequality_15:minimax:r1:neutral_initial:http1","ok","093423a1ade855fb796c201482b335ac07107536aebab6a843d3a339b3e0ad4d"
"two_math:CHAMP:P_Inequality_49:deepseek:r1:neutral_initial","original",NA,"none","two_math:CHAMP:P_Inequality_49:deepseek:r1:neutral_initial:http1","ok","f83f827c372575f0735721ab4256b76ff4bbfe9016e258405c5208795245b445"
"two_math:CHAMP:P_Number-Theory_24:minimax:r1:neutral_initial","original",NA,"none","two_math:CHAMP:P_Number-Theory_24:minimax:r1:neutral_initial:http1","ok","d98aaaf5b0dac081f8578e2c8a8e526d23ea1d21f2f3adde518ddc06b702140d"
"two_math:CHAMP:P_Number-Theory_13:deepseek:r2:neutral_initial","original",NA,"none","two_math:CHAMP:P_Number-Theory_13:deepseek:r2:neutral_initial:http1","ok","b5b3976258f60fcdfdb4f8c36a577610ad3a7b7f2fee913253ca0450e1acc5cc"
"two_math:CHAMP:P_Number-Theory_67:minimax:r1:neutral_initial","original",NA,"none","two_math:CHAMP:P_Number-Theory_67:minimax:r1:neutral_initial:http1","ok","196646f3f05916a5973b728b47984fac87abc3ee1e7629ca1293c4e3c022278d"
"two_math:CHAMP:P_Number-Theory_17:deepseek:r1:neutral_initial","original",NA,"none","two_math:CHAMP:P_Number-Theory_17:deepseek:r1:neutral_initial:http1","ok","1513ba2c8b356acb3b172b3e2e96964935791383a53e7834aab950f860215690"
"two_math:CHAMP:P_Sequence_42:minimax:r2:neutral_initial","original",NA,"none","two_math:CHAMP:P_Sequence_42:minimax:r2:neutral_initial:http1","ok","f9c37db95e611c3b932ad93b7ed057d26ae674fc250465426f826528f1e0ceff"
"two_math:CHAMP:P_Polynomial_50:deepseek:r1:neutral_initial","original",NA,"none","two_math:CHAMP:P_Polynomial_50:deepseek:r1:neutral_initial:http1","ok","23562352e97818cb4dcba82f2d2a7835492559d7d4b836ce53cc9f22bec093ee"
"two_math:CHAMP:P_Number-Theory_42:deepseek:r1:neutral_initial","technical_recovery_appendix",2,"token_limit_6144_secondary","two_math:CHAMP:P_Number-Theory_42:deepseek:r1:neutral_initial:recovery2:http1","ok","6a506d8c0f95227018ee175b6308c6a33226f7a10b92a3a09f2946c09e5c6a25"
"two_math:CHAMP:P_Number-Theory_71:deepseek:r1:neutral_initial","original",NA,"none","two_math:CHAMP:P_Number-Theory_71:deepseek:r1:neutral_initial:http1","ok","5a652190f9968be0f1363673111acc129779823a83124c39fb4613df832e1e53"
"two_math:CHAMP:P_Inequality_8:minimax:r2:neutral_initial","original",NA,"none","two_math:CHAMP:P_Inequality_8:minimax:r2:neutral_initial:http1","ok","8aa8cdd9a85353502cc8ac8034cbebce6ebeccc56cd952746decaacb08a18120"
"two_math:CHAMP:P_Sequence_42:deepseek:r1:neutral_initial","original",NA,"none","two_math:CHAMP:P_Sequence_42:deepseek:r1:neutral_initial:http1","ok","d3912a8e6645a6678bcbde42f3f843d8d1fed3c8312a2681ef4352db01a051cf"
"two_math:CHAMP:P_Sequence_40:minimax:r2:neutral_initial","original",NA,"none","two_math:CHAMP:P_Sequence_40:minimax:r2:neutral_initial:http1","ok","c3c9c1ba32140f1e3f29a5b52d8df9562f7733989a9c97ed9e8029e8b103b315"
"two_math:CHAMP:P_Polynomial_23:deepseek:r1:neutral_initial","original",NA,"none","two_math:CHAMP:P_Polynomial_23:deepseek:r1:neutral_initial:http1","ok","4f89c748e3437803f317ed94ee807dd9b99c23843834812f27c1bd6fcb051247"
"two_math:CHAMP:P_Number-Theory_13:minimax:r1:neutral_initial","original",NA,"none","two_math:CHAMP:P_Number-Theory_13:minimax:r1:neutral_initial:http1","ok","07ab5e2e2fc3a83d154700ef9d201a154afedb57693541e2ac04cf06b1a64206"
"two_math:CHAMP:P_Sequence_20:deepseek:r2:neutral_initial","original",NA,"none","two_math:CHAMP:P_Sequence_20:deepseek:r2:neutral_initial:http1","ok","f56066498785c7cd49da2a8f69b8604a0944f39ddd7b9a23f01c20e5fc7e1513"
"two_math:CHAMP:P_Combinatorics_30:deepseek:r2:neutral_initial","original",NA,"none","two_math:CHAMP:P_Combinatorics_30:deepseek:r2:neutral_initial:http1","ok","005486282ad4c490695d413b50bbe6d6b1d0f3dc294a773c6c6a6b7b7bfaf645"
"two_math:CHAMP:P_Number-Theory_71:minimax:r2:neutral_initial","original",NA,"none","two_math:CHAMP:P_Number-Theory_71:minimax:r2:neutral_initial:http1","ok","c7f452d0952e066c8f960bcc1d4230ec66f3adf12a2327aa3dc0f8df6f43345f"
"two_math:CHAMP:P_Number-Theory_71:deepseek:r2:neutral_initial","original",NA,"none","two_math:CHAMP:P_Number-Theory_71:deepseek:r2:neutral_initial:http1","ok","5a652190f9968be0f1363673111acc129779823a83124c39fb4613df832e1e53"
"two_math:CHAMP:P_Polynomial_1:minimax:r2:neutral_initial","original",NA,"none","two_math:CHAMP:P_Polynomial_1:minimax:r2:neutral_initial:http1","ok","c934cff64314a3db70ee7e177e1c5f5e29f05546c81b2bf56d509d63d4dca176"
"two_math:CHAMP:P_Number-Theory_71:minimax:r1:neutral_initial","original",NA,"none","two_math:CHAMP:P_Number-Theory_71:minimax:r1:neutral_initial:http1","ok","c7f452d0952e066c8f960bcc1d4230ec66f3adf12a2327aa3dc0f8df6f43345f"
"two_math:CHAMP:P_Combinatorics_31:deepseek:r2:neutral_initial","original",NA,"none","two_math:CHAMP:P_Combinatorics_31:deepseek:r2:neutral_initial:http1","ok","9e4448032f30af6434f3644ca772172727e674fe3ec3644374bb54afe921e7b2"
"two_math:CHAMP:P_Number-Theory_12:minimax:r2:neutral_initial","original",NA,"none","two_math:CHAMP:P_Number-Theory_12:minimax:r2:neutral_initial:http1","ok","18b834cb403546367d5c4ef501bf2bd82dc82c8f3779c901925578b899e7375c"
"two_math:CHAMP:P_Polynomial_11:minimax:r2:neutral_initial","original",NA,"none","two_math:CHAMP:P_Polynomial_11:minimax:r2:neutral_initial:http1","ok","19447f1523843d422a2bec9cf63a08dd89729ab57670dcd720c7fdabce146adc"
"two_math:CHAMP:P_Combinatorics_30:minimax:r1:neutral_initial","original",NA,"none","two_math:CHAMP:P_Combinatorics_30:minimax:r1:neutral_initial:http1","ok","9eccebb2a60d861d4b68d3fba3cd8fbaede3b2c592d8ecdda65a61e1b7c12228"
"two_math:CHAMP:P_Inequality_13:deepseek:r2:neutral_initial","original",NA,"none","two_math:CHAMP:P_Inequality_13:deepseek:r2:neutral_initial:http1","ok","146830daff96b990b2b7b962be473f9583622d0fc98aab60e81cbc1606de8f1c"
"two_math:CHAMP:P_Inequality_8:deepseek:r2:neutral_initial","original",NA,"none","two_math:CHAMP:P_Inequality_8:deepseek:r2:neutral_initial:http1","ok","45048346afdf994b72bc073649dd58e95d4aa647179e112b4d90cfb93a838ba7"
"two_math:CHAMP:P_Polynomial_17:deepseek:r2:neutral_initial","technical_recovery_appendix",1,"token_limit_6144_secondary","two_math:CHAMP:P_Polynomial_17:deepseek:r2:neutral_initial:recovery1:http1","ok","522a6be0db4a49c7a6251eb60e9b1a0c8be6a135b7ddd71d05ccb1286e64ae24"
"two_math:CHAMP:P_Number-Theory_24:deepseek:r2:neutral_initial","original",NA,"none","two_math:CHAMP:P_Number-Theory_24:deepseek:r2:neutral_initial:http1","ok","01b764eaeb3130c095155085831ff9f809966c2491a84f820a7911712ed176eb"
"two_math:CHAMP:P_Number-Theory_24:minimax:r2:neutral_initial","original",NA,"none","two_math:CHAMP:P_Number-Theory_24:minimax:r2:neutral_initial:http1","ok","d98aaaf5b0dac081f8578e2c8a8e526d23ea1d21f2f3adde518ddc06b702140d"
"two_math:CHAMP:P_Combinatorics_7:deepseek:r1:neutral_initial","original",NA,"none","two_math:CHAMP:P_Combinatorics_7:deepseek:r1:neutral_initial:http1","ok","92e2dff9829f0d1f8ad39916364262b897999908ff034a6eeff5b79d827ceec4"
"two_math:CHAMP:P_Sequence_11:minimax:r1:neutral_initial","original",NA,"none","two_math:CHAMP:P_Sequence_11:minimax:r1:neutral_initial:http1","ok","2d2c22214f8ce30e7bfd6e49b8b52c7a1c1218f2431687bc908271e85ffc624a"
"two_math:CHAMP:P_Number-Theory_24:deepseek:r1:neutral_initial","original",NA,"none","two_math:CHAMP:P_Number-Theory_24:deepseek:r1:neutral_initial:http1","ok","01b764eaeb3130c095155085831ff9f809966c2491a84f820a7911712ed176eb"
"two_math:CHAMP:P_Polynomial_32:minimax:r2:neutral_initial","original",NA,"none","two_math:CHAMP:P_Polynomial_32:minimax:r2:neutral_initial:http1","ok","81ba842c0d35bfe40d1a24485669da2506dc3b98b44cc818c759bf99f8257ca8"
"two_math:CHAMP:P_Combinatorics_40:deepseek:r1:neutral_initial","original",NA,"none","two_math:CHAMP:P_Combinatorics_40:deepseek:r1:neutral_initial:http1","ok","d98e4a81ffe30f299c7c7205b2fa7d8c94d601ea4069a3d60050e267ee0fba3c"
"two_math:CHAMP:P_Polynomial_24:deepseek:r1:neutral_initial","original",NA,"none","two_math:CHAMP:P_Polynomial_24:deepseek:r1:neutral_initial:http1","ok","9148974f159ea4fdb322db63a24f8cb410d0e5f61da4da549a6425acd215ad32"
"two_math:CHAMP:P_Inequality_49:minimax:r2:neutral_initial","original",NA,"none","two_math:CHAMP:P_Inequality_49:minimax:r2:neutral_initial:http1","ok","ff1f2bfa8daeb0ae49ff6e0ef72c251481051e42928fadc428e9df31968afb2c"
"two_math:CHAMP:P_Polynomial_40:minimax:r1:neutral_initial","original",NA,"none","two_math:CHAMP:P_Polynomial_40:minimax:r1:neutral_initial:http1","ok","896a30fef9d3ed093a53fc6584b4ae131aba86255124db34f4e787c75b04a6fc"
"two_math:CHAMP:P_Combinatorics_38:deepseek:r1:neutral_initial","original",NA,"none","two_math:CHAMP:P_Combinatorics_38:deepseek:r1:neutral_initial:http1","ok","65da1fc1cbd55abeba502d7f02cabd9c3e338d7e3ff351f97d0c465063a1fc64"
"two_math:CHAMP:P_Sequence_28:minimax:r2:neutral_initial","original",NA,"none","two_math:CHAMP:P_Sequence_28:minimax:r2:neutral_initial:http1","ok","675e68cef65968968658c5ab755c215d23a9843060039c669f58d641b87c070a"
"two_math:CHAMP:P_Combinatorics_40:deepseek:r2:neutral_initial","original",NA,"none","two_math:CHAMP:P_Combinatorics_40:deepseek:r2:neutral_initial:http1","ok","d98e4a81ffe30f299c7c7205b2fa7d8c94d601ea4069a3d60050e267ee0fba3c"
"two_math:CHAMP:P_Polynomial_23:deepseek:r2:neutral_initial","original",NA,"none","two_math:CHAMP:P_Polynomial_23:deepseek:r2:neutral_initial:http1","ok","4f89c748e3437803f317ed94ee807dd9b99c23843834812f27c1bd6fcb051247"
"two_math:CHAMP:P_Polynomial_40:minimax:r2:neutral_initial","original",NA,"none","two_math:CHAMP:P_Polynomial_40:minimax:r2:neutral_initial:http1","ok","896a30fef9d3ed093a53fc6584b4ae131aba86255124db34f4e787c75b04a6fc"
"two_math:CHAMP:P_Polynomial_50:minimax:r1:neutral_initial","original",NA,"none","two_math:CHAMP:P_Polynomial_50:minimax:r1:neutral_initial:http1","ok","ced28453ff49812a45d05a6b8f6d3308f08cd2c20a4e7b5ce3d495d944fc3442"
"two_math:CHAMP:P_Combinatorics_7:minimax:r1:neutral_initial","original",NA,"none","two_math:CHAMP:P_Combinatorics_7:minimax:r1:neutral_initial:http1","ok","34b8d74326535a6a13553fc13e328e8ea272208f6faf683a27b3b51691dbe5fb"
"two_math:CHAMP:P_Number-Theory_17:deepseek:r2:neutral_initial","original",NA,"none","two_math:CHAMP:P_Number-Theory_17:deepseek:r2:neutral_initial:http1","ok","1513ba2c8b356acb3b172b3e2e96964935791383a53e7834aab950f860215690"
"two_math:CHAMP:P_Polynomial_47:minimax:r2:neutral_initial","original",NA,"none","two_math:CHAMP:P_Polynomial_47:minimax:r2:neutral_initial:http1","ok","346d444ad13e50d7b73e4a43ae82c6082ccd625d5f5c6f334903e406e9aff43f"
"two_math:CHAMP:P_Sequence_28:minimax:r1:neutral_initial","technical_recovery_appendix",1,"exact_original_payload_retry","two_math:CHAMP:P_Sequence_28:minimax:r1:neutral_initial:recovery1:http1","ok","675e68cef65968968658c5ab755c215d23a9843060039c669f58d641b87c070a"
"two_math:CHAMP:P_Combinatorics_31:minimax:r2:neutral_initial","original",NA,"none","two_math:CHAMP:P_Combinatorics_31:minimax:r2:neutral_initial:http1","ok","4df64404b6c2a8980d9b4822fdf95808b251bd49888238a46549e57c0809e729"
"two_math:CHAMP:P_Combinatorics_18:minimax:r1:neutral_initial","original",NA,"none","two_math:CHAMP:P_Combinatorics_18:minimax:r1:neutral_initial:http1","ok","8a67e2fb2fb4ef588c275133393c84d0bf917e1a3f03e81ba2b3927a2b8420a9"
"two_math:CHAMP:P_Sequence_40:deepseek:r2:neutral_initial","original",NA,"none","two_math:CHAMP:P_Sequence_40:deepseek:r2:neutral_initial:http1","ok","b36f18b7c12a6b9053438efd19de906c98c816bb78dd5fc2133cff416a4bcfdc"
"two_math:CHAMP:P_Number-Theory_32:deepseek:r2:neutral_initial","original",NA,"none","two_math:CHAMP:P_Number-Theory_32:deepseek:r2:neutral_initial:http1","ok","9bd7ef154f619a2d62dc5d76ca543d849381cc51d6363c1bc3024c35f1e0a3f2"
"two_math:CHAMP:P_Polynomial_24:minimax:r1:neutral_initial","original",NA,"none","two_math:CHAMP:P_Polynomial_24:minimax:r1:neutral_initial:http1","ok","c845b2bde32a99bb381be6a0a63e24f4d969c421364b9d5cdc34b7758685d51f"
"two_math:CHAMP:P_Inequality_49:deepseek:r2:neutral_initial","original",NA,"none","two_math:CHAMP:P_Inequality_49:deepseek:r2:neutral_initial:http1","ok","f83f827c372575f0735721ab4256b76ff4bbfe9016e258405c5208795245b445"
"two_math:CHAMP:P_Number-Theory_67:minimax:r2:neutral_initial","original",NA,"none","two_math:CHAMP:P_Number-Theory_67:minimax:r2:neutral_initial:http1","ok","196646f3f05916a5973b728b47984fac87abc3ee1e7629ca1293c4e3c022278d"
"two_math:CHAMP:P_Sequence_28:deepseek:r1:neutral_initial","original",NA,"none","two_math:CHAMP:P_Sequence_28:deepseek:r1:neutral_initial:http1","ok","bdb58644bbdfa2b8aa9f56b1589645c74da83fec7bbfb4ba2daeef82ff86062d"
"two_math:CHAMP:P_Inequality_49:minimax:r1:neutral_initial","original",NA,"none","two_math:CHAMP:P_Inequality_49:minimax:r1:neutral_initial:http1","ok","ff1f2bfa8daeb0ae49ff6e0ef72c251481051e42928fadc428e9df31968afb2c"
"two_math:CHAMP:P_Number-Theory_27:deepseek:r2:neutral_initial","original",NA,"none","two_math:CHAMP:P_Number-Theory_27:deepseek:r2:neutral_initial:http1","ok","36979cb65e8734616ae8df58e6a42f93b0ccff4b135abca502be0967d08ab61d"
"two_math:CHAMP:P_Sequence_20:minimax:r2:neutral_initial","original",NA,"none","two_math:CHAMP:P_Sequence_20:minimax:r2:neutral_initial:http1","ok","68b360c671d9c4071e893ba5c35071ca5411edcb6cbf36ab989571582624766e"
"two_math:CHAMP:P_Number-Theory_42:minimax:r2:neutral_initial","original",NA,"none","two_math:CHAMP:P_Number-Theory_42:minimax:r2:neutral_initial:http1","ok","48b9c54f1a501e1ee02494b5340f47e3d311abf24c42605afc6b532609ce0ebd"
"two_math:CHAMP:P_Polynomial_17:minimax:r1:neutral_initial","original",NA,"none","two_math:CHAMP:P_Polynomial_17:minimax:r1:neutral_initial:http1","ok","197cb0230e7a76d30452cce703de5ba2351b6987dd9b0711c18230f688485322"
"two_math:CHAMP:P_Combinatorics_38:deepseek:r2:neutral_initial","original",NA,"none","two_math:CHAMP:P_Combinatorics_38:deepseek:r2:neutral_initial:http1","ok","65da1fc1cbd55abeba502d7f02cabd9c3e338d7e3ff351f97d0c465063a1fc64"
"two_math:CHAMP:P_Number-Theory_12:deepseek:r1:neutral_initial","original",NA,"none","two_math:CHAMP:P_Number-Theory_12:deepseek:r1:neutral_initial:http1","ok","4c435c398cc299addb06dee54cb7d938cbed53fa6d9e24137750e1dff0df525b"
"two_math:CHAMP:P_Polynomial_24:minimax:r2:neutral_initial","original",NA,"none","two_math:CHAMP:P_Polynomial_24:minimax:r2:neutral_initial:http1","ok","c845b2bde32a99bb381be6a0a63e24f4d969c421364b9d5cdc34b7758685d51f"
"two_math:CHAMP:P_Inequality_26:minimax:r1:neutral_initial","original",NA,"none","two_math:CHAMP:P_Inequality_26:minimax:r1:neutral_initial:http1","ok","ee9975ec2fe20d4097442dfab8e470482357aa2f5b953054fb2cec1b3b2d7fdc"
"two_math:CHAMP:P_Number-Theory_42:deepseek:r2:neutral_initial","original",NA,"none","two_math:CHAMP:P_Number-Theory_42:deepseek:r2:neutral_initial:http1","ok","3e18d017e72b483b598b575c3f0b2fda24d2dead57c7ff5fdf551905b6162adb"
"two_math:CHAMP:P_Polynomial_40:deepseek:r1:neutral_initial","original",NA,"none","two_math:CHAMP:P_Polynomial_40:deepseek:r1:neutral_initial:http1","ok","51abd4e8d18279609df2165038824b8286f181b05e394217e8672b8574534c9c"
"two_math:CHAMP:P_Number-Theory_42:minimax:r1:neutral_initial","original",NA,"none","two_math:CHAMP:P_Number-Theory_42:minimax:r1:neutral_initial:http1","ok","48b9c54f1a501e1ee02494b5340f47e3d311abf24c42605afc6b532609ce0ebd"
"two_math:CHAMP:P_Polynomial_32:minimax:r1:neutral_initial","original",NA,"none","two_math:CHAMP:P_Polynomial_32:minimax:r1:neutral_initial:http1","ok","81ba842c0d35bfe40d1a24485669da2506dc3b98b44cc818c759bf99f8257ca8"
"two_math:CHAMP:P_Polynomial_50:minimax:r2:neutral_initial","original",NA,"none","two_math:CHAMP:P_Polynomial_50:minimax:r2:neutral_initial:http1","ok","ced28453ff49812a45d05a6b8f6d3308f08cd2c20a4e7b5ce3d495d944fc3442"
"two_math:CHAMP:P_Sequence_21:minimax:r2:neutral_initial","original",NA,"none","two_math:CHAMP:P_Sequence_21:minimax:r2:neutral_initial:http1","ok","7d4715e82cbacc0cf0bbe87f5a7c4e009bc6ee947b61a62a1548549ee98b1ec8"
"two_math:CHAMP:P_Sequence_42:deepseek:r2:neutral_initial","original",NA,"none","two_math:CHAMP:P_Sequence_42:deepseek:r2:neutral_initial:http1","ok","d3912a8e6645a6678bcbde42f3f843d8d1fed3c8312a2681ef4352db01a051cf"
"two_math:CHAMP:P_Sequence_20:minimax:r1:neutral_initial","original",NA,"none","two_math:CHAMP:P_Sequence_20:minimax:r1:neutral_initial:http1","ok","68b360c671d9c4071e893ba5c35071ca5411edcb6cbf36ab989571582624766e"
"two_math:CHAMP:P_Polynomial_23:minimax:r1:neutral_initial","original",NA,"none","two_math:CHAMP:P_Polynomial_23:minimax:r1:neutral_initial:http1","ok","2937f2328e96055880f6373985b622af8ca9e0929e5f5b02474540c967e7809f"
"two_math:CHAMP:P_Combinatorics_7:minimax:r2:neutral_initial","original",NA,"none","two_math:CHAMP:P_Combinatorics_7:minimax:r2:neutral_initial:http1","ok","34b8d74326535a6a13553fc13e328e8ea272208f6faf683a27b3b51691dbe5fb"
"two_math:CHAMP:P_Sequence_21:minimax:r1:neutral_initial","technical_recovery_appendix",1,"exact_original_payload_retry","two_math:CHAMP:P_Sequence_21:minimax:r1:neutral_initial:recovery1:http1","ok","7d4715e82cbacc0cf0bbe87f5a7c4e009bc6ee947b61a62a1548549ee98b1ec8"
"two_math:CHAMP:P_Sequence_21:deepseek:r1:neutral_initial","original",NA,"none","two_math:CHAMP:P_Sequence_21:deepseek:r1:neutral_initial:http1","ok","9761b8999c16a783302c7b971cfa48eab501c0cfbea428f875c33a1864a96d72"
"two_math:CHAMP:P_Inequality_4:deepseek:r1:neutral_initial","original",NA,"none","two_math:CHAMP:P_Inequality_4:deepseek:r1:neutral_initial:http1","ok","3df7bf1af7ec658187cd0c918744b2a8583b3fcddd92ef605f13784cfaa3bfa5"
"two_math:CHAMP:P_Sequence_19:deepseek:r1:neutral_initial","technical_recovery_appendix",1,"token_limit_6144_secondary","two_math:CHAMP:P_Sequence_19:deepseek:r1:neutral_initial:recovery1:http1","ok","b0ab4ee837f1627dbac5323bd05207c562bba9ad4fbd91d153c54d1e289fcc64"
"two_math:CHAMP:P_Combinatorics_21:minimax:r2:neutral_initial","original",NA,"none","two_math:CHAMP:P_Combinatorics_21:minimax:r2:neutral_initial:http1","ok","cb7531ba92744b10c8392179e70fdfdf43ef51c20de9f8186d1ca7f9b19dc5b2"
"two_math:CHAMP:P_Sequence_28:deepseek:r2:neutral_initial","original",NA,"none","two_math:CHAMP:P_Sequence_28:deepseek:r2:neutral_initial:http1","ok","bdb58644bbdfa2b8aa9f56b1589645c74da83fec7bbfb4ba2daeef82ff86062d"
"two_math:CHAMP:P_Number-Theory_67:deepseek:r2:neutral_initial","original",NA,"none","two_math:CHAMP:P_Number-Theory_67:deepseek:r2:neutral_initial:http1","ok","72aeb29207d64a695292994ad391e56e825f69ec2b88ad59c8e7f0f5364f1ef6"
"two_math:CHAMP:P_Combinatorics_20:deepseek:r2:neutral_initial","technical_recovery_appendix",1,"token_limit_6144_secondary","two_math:CHAMP:P_Combinatorics_20:deepseek:r2:neutral_initial:recovery1:http1","ok","2b3cef64ac020d8fcc69c90d9e2b3b49ef6973cea12ee395dbf81f1cbe42d18f"
"two_math:CHAMP:P_Polynomial_11:deepseek:r2:neutral_initial","original",NA,"none","two_math:CHAMP:P_Polynomial_11:deepseek:r2:neutral_initial:http1","ok","04acab9ba1b0fd33f1d74dd58aff2417782e191f643b2933477acfe299e15c70"
"two_math:CHAMP:P_Combinatorics_21:deepseek:r2:neutral_initial","original",NA,"none","two_math:CHAMP:P_Combinatorics_21:deepseek:r2:neutral_initial:http1","ok","9923f9af3585ad52c2fc43f805cf2fd288a625185735207a54d87fec10e299d4"
"two_math:CHAMP:P_Inequality_24:minimax:r2:neutral_initial","original",NA,"none","two_math:CHAMP:P_Inequality_24:minimax:r2:neutral_initial:http1","ok","91469ac8ca2f51901af3a511f6f96cc72328dc242e44072bff3a1b53dd208134"
"two_math:CHAMP:P_Combinatorics_20:minimax:r1:neutral_initial","technical_recovery_appendix",1,"token_limit_6144_secondary","two_math:CHAMP:P_Combinatorics_20:minimax:r1:neutral_initial:recovery1:http1","ok","73d730829d1f30addbb0ca91bc38d688b804f6f56bdb545aa4cb3c5509ea2e62"
"two_math:CHAMP:P_Combinatorics_7:deepseek:r2:neutral_initial","original",NA,"none","two_math:CHAMP:P_Combinatorics_7:deepseek:r2:neutral_initial:http1","ok","92e2dff9829f0d1f8ad39916364262b897999908ff034a6eeff5b79d827ceec4"
"two_math:CHAMP:P_Polynomial_17:deepseek:r1:neutral_initial","original",NA,"none","two_math:CHAMP:P_Polynomial_17:deepseek:r1:neutral_initial:http1","ok","526f92ce54a2a5affc509a861a225a06e9d0b0dcb9c50578a8f70215ad23cf4d"
"two_math:CHAMP:P_Combinatorics_38:minimax:r1:neutral_initial","original",NA,"none","two_math:CHAMP:P_Combinatorics_38:minimax:r1:neutral_initial:http1","ok","ab84bf002a90ad01efbbeb5a97bd4bb21148aaa1f8e7e1524af496f52d8ce970"
"two_math:CHAMP:P_Inequality_26:deepseek:r2:neutral_initial","original",NA,"none","two_math:CHAMP:P_Inequality_26:deepseek:r2:neutral_initial:http1","ok","70072a774944b5199ef501e4d23ec3d9a9068571f9d87fd5c7b68cebcb5e8cf1"
"two_math:CHAMP:P_Combinatorics_5:minimax:r2:neutral_initial","original",NA,"none","two_math:CHAMP:P_Combinatorics_5:minimax:r2:neutral_initial:http1","ok","d607e331cbcd9c147ffac26df4d47c06c5356041808063d2685fe20894998ae9"
"two_math:CHAMP:P_Sequence_28:deepseek:r2:self_check","original",NA,"none","two_math:CHAMP:P_Sequence_28:deepseek:r2:self_check:http1","ok","f7f533979ab485f9b114a38d7058542359b63d066f8f8f14f65e83b912b999f1"
"two_math:CHAMP:P_Inequality_24:deepseek:r1:self_check","original",NA,"none","two_math:CHAMP:P_Inequality_24:deepseek:r1:self_check:http1","ok","0cf2d65af093efb363bb65c9de433ed8c688b83a4b9ba156b9fa00e57789ee95"
"two_math:CHAMP:P_Sequence_20:minimax:r1:self_check","original",NA,"none","two_math:CHAMP:P_Sequence_20:minimax:r1:self_check:http1","ok","242f2ba1a0253848592f2b30196364eeddb28e7bb1ba9958714b802de1ec48c7"
"two_math:CHAMP:P_Number-Theory_17:deepseek:r2:A0_AI","original",NA,"none","two_math:CHAMP:P_Number-Theory_17:deepseek:r2:A0_AI:http1","ok","e6f0db599bd23c5e01ea9104819d49a737136d0eddd8ae459489fe14a6dbf8b2"
"two_math:CHAMP:P_Polynomial_17:deepseek:r1:A0_AI","original",NA,"none","two_math:CHAMP:P_Polynomial_17:deepseek:r1:A0_AI:http1","ok","fd08781061934768128325d5bdab5beec8a3a67fa4deda537d8ebd323107a8d5"
"two_math:CHAMP:P_Inequality_15:deepseek:r1:A0_AI","original",NA,"none","two_math:CHAMP:P_Inequality_15:deepseek:r1:A0_AI:http1","ok","0cd1ea465d6ee7e8899530053f5ee06a756669a2a781a787bd5951afb37e219a"
"two_math:CHAMP:P_Number-Theory_32:minimax:r1:self_check","original",NA,"none","two_math:CHAMP:P_Number-Theory_32:minimax:r1:self_check:http1","ok","f9698462390e19aa8bc0003a4bd43368f35d58f8b2242533296d45087062fc87"
"two_math:CHAMP:P_Polynomial_40:deepseek:r2:self_check","original",NA,"none","two_math:CHAMP:P_Polynomial_40:deepseek:r2:self_check:http1","ok","86bc9a70d615d83369c10818da587644828cc85a42f05d16683c830d382b7891"
"two_math:CHAMP:P_Number-Theory_71:minimax:r1:A0_AI","original",NA,"none","two_math:CHAMP:P_Number-Theory_71:minimax:r1:A0_AI:http1","ok","dbf6eac99a2d86b9d6997004a167a3ad642d2be07c890a2dafd7858e96dd23fd"
"two_math:CHAMP:P_Sequence_19:minimax:r2:A0_AI","technical_recovery_appendix",1,"token_limit_6144_secondary","two_math:CHAMP:P_Sequence_19:minimax:r2:A0_AI:recovery1:http1","ok","30a882695d0e57e9ddca918ff16457d3e3eaf0460e91ab68321905de35b9aa8c"
"two_math:CHAMP:P_Polynomial_47:minimax:r1:A0_AI","technical_recovery_appendix",1,"exact_original_payload_retry","two_math:CHAMP:P_Polynomial_47:minimax:r1:A0_AI:recovery1:http1","ok","93c874b81f59745d50b4e122aada79fadd9114f81a946af9a3a82a40cfc2e16a"
"two_math:CHAMP:P_Number-Theory_67:minimax:r2:self_check","technical_recovery_appendix",1,"exact_original_payload_retry","two_math:CHAMP:P_Number-Theory_67:minimax:r2:self_check:recovery1:http1","ok","351e1340ad950360f402ccf12279d6876d4646613889257c48dc699fd7054d83"
"two_math:CHAMP:P_Inequality_8:minimax:r2:self_check","original",NA,"none","two_math:CHAMP:P_Inequality_8:minimax:r2:self_check:http1","ok","e8c1220919fc273682c7a734942eb2cfc8c4fcc2ed5172a92ba1cd6fb24827c9"
"two_math:CHAMP:P_Inequality_24:minimax:r2:A0_AI","original",NA,"none","two_math:CHAMP:P_Inequality_24:minimax:r2:A0_AI:http1","ok","81036bca0e8506d5c2a7a15f1de58516739207aa0d0f44a9366d8264c7cbb0f0"
"two_math:CHAMP:P_Number-Theory_24:minimax:r1:A0_AI","original",NA,"none","two_math:CHAMP:P_Number-Theory_24:minimax:r1:A0_AI:http1","ok","c9bf6386cf61ff7501cbbcb0843d1e7311cc783af674753c1ce656d6fc2e9c37"
"two_math:CHAMP:P_Number-Theory_67:deepseek:r1:self_check","original",NA,"none","two_math:CHAMP:P_Number-Theory_67:deepseek:r1:self_check:http1","ok","219b0122c985f6d89388eedb440385c47e2656544abe95677b4501a569f7ebb3"
"two_math:CHAMP:P_Sequence_11:minimax:r1:self_check","original",NA,"none","two_math:CHAMP:P_Sequence_11:minimax:r1:self_check:http1","ok","8268a6945a49b7f2dcfed2e5272a605f876a3fae283a37933c30b3bda13336d3"
"two_math:CHAMP:P_Combinatorics_31:minimax:r2:A0_AI","original",NA,"none","two_math:CHAMP:P_Combinatorics_31:minimax:r2:A0_AI:http1","ok","e88abddd9032250d82aaec2aa9efc24a4cff0eb24710ec11c26dfceb876cfbfb"
"two_math:CHAMP:P_Sequence_40:deepseek:r2:self_check","original",NA,"none","two_math:CHAMP:P_Sequence_40:deepseek:r2:self_check:http1","ok","599d9f2d4157c3b91af35e9d7f8a867199dcd33c1efa5d939142fad453707bef"
"two_math:CHAMP:P_Sequence_28:deepseek:r1:self_check","original",NA,"none","two_math:CHAMP:P_Sequence_28:deepseek:r1:self_check:http1","ok","e341af2710a9d67b2517234513a16a043fed09e0e0d85ba4400cf61f8ce7e001"
"two_math:CHAMP:P_Sequence_28:minimax:r2:A0_AI","original",NA,"none","two_math:CHAMP:P_Sequence_28:minimax:r2:A0_AI:http1","ok","15487f213b66e5457461d2dabafc55bd39d6e41d4f61ab8310fc22fad989db05"
"two_math:CHAMP:P_Polynomial_23:minimax:r2:A0_AI","original",NA,"none","two_math:CHAMP:P_Polynomial_23:minimax:r2:A0_AI:http1","ok","68e575ba757bae08bc34583139765e26e9f872c8ec9c91b28a97a3b1ec08535f"
"two_math:CHAMP:P_Inequality_8:deepseek:r2:self_check","original",NA,"none","two_math:CHAMP:P_Inequality_8:deepseek:r2:self_check:http1","ok","74777c8d31bb369af704d456cce29fb9b51c490f0b3517c0341225185febc599"
"two_math:CHAMP:P_Combinatorics_40:deepseek:r1:A0_AI","original",NA,"none","two_math:CHAMP:P_Combinatorics_40:deepseek:r1:A0_AI:http1","ok","9eab793e5fe2525ab01d1436a860b7422d428eb2a954d61b6483ba4b16acd02a"
"two_math:CHAMP:P_Number-Theory_27:deepseek:r1:self_check","original",NA,"none","two_math:CHAMP:P_Number-Theory_27:deepseek:r1:self_check:http1","ok","7bb89d5dacf9e6152f86f1a0f8cb5f6090728298830455d199dbc9a3ea06b513"
"two_math:CHAMP:P_Combinatorics_21:deepseek:r2:self_check","original",NA,"none","two_math:CHAMP:P_Combinatorics_21:deepseek:r2:self_check:http1","ok","4bfadebc3fda967074420b63a684424c9b9ff5728f7f7a4dd3b5a235e45782b4"
"two_math:CHAMP:P_Combinatorics_21:deepseek:r1:self_check","original",NA,"none","two_math:CHAMP:P_Combinatorics_21:deepseek:r1:self_check:http1","ok","9e21532982c7ee8bab713fd002116d8add0fe3da8839b0e46caab875e0af5990"
"two_math:CHAMP:P_Number-Theory_12:deepseek:r2:self_check","original",NA,"none","two_math:CHAMP:P_Number-Theory_12:deepseek:r2:self_check:http1","ok","d75c457f5df1049cd5c73dc17541f702e706b6c6f27571b9bc117ebafd3e5eb9"
"two_math:CHAMP:P_Polynomial_47:deepseek:r1:self_check","original",NA,"none","two_math:CHAMP:P_Polynomial_47:deepseek:r1:self_check:http1","ok","6cc8d053c96e670d9ec1303fac729a72a935722925d09dd566987e82c8591738"
"two_math:CHAMP:P_Inequality_13:deepseek:r2:self_check","original",NA,"none","two_math:CHAMP:P_Inequality_13:deepseek:r2:self_check:http1","ok","1940a0aeb223833c2e10755044cb62b08d8e9205ca937482af8e21d4f29420ad"
"two_math:CHAMP:P_Combinatorics_5:minimax:r1:self_check","original",NA,"none","two_math:CHAMP:P_Combinatorics_5:minimax:r1:self_check:http1","ok","4440d989778f2dfe85ca09e95fa71b038076b103421ead4a57959242d0db113e"
"two_math:CHAMP:P_Number-Theory_32:deepseek:r2:self_check","original",NA,"none","two_math:CHAMP:P_Number-Theory_32:deepseek:r2:self_check:http1","ok","4d3747f42c37888eec6a3cc3c6e27c241885c8877ff8be83d6683c70c5b80eee"
"two_math:CHAMP:P_Number-Theory_32:deepseek:r1:A0_AI","original",NA,"none","two_math:CHAMP:P_Number-Theory_32:deepseek:r1:A0_AI:http1","ok","36868ac3815db4ded7b10f0a73bf1c0a56b009d96c19de643bb4c4059cccb979"
"two_math:CHAMP:P_Inequality_49:minimax:r1:A0_AI","original",NA,"none","two_math:CHAMP:P_Inequality_49:minimax:r1:A0_AI:http1","ok","9c25f162dc51131ffe905cb311d50972a27a12e826178c0e352e4827a3fdb924"
"two_math:CHAMP:P_Combinatorics_7:deepseek:r1:self_check","original",NA,"none","two_math:CHAMP:P_Combinatorics_7:deepseek:r1:self_check:http1","ok","19b438e1f75857cf302009d75153bc9ace3c04a8686db345bdcd1de8c6123e33"
"two_math:CHAMP:P_Number-Theory_71:minimax:r2:A0_AI","original",NA,"none","two_math:CHAMP:P_Number-Theory_71:minimax:r2:A0_AI:http1","ok","b7c6569a884ea9dfcaacd0826c25e837ea5a855a9cc1d288e09057c7fcd0f30f"
"two_math:CHAMP:P_Polynomial_24:minimax:r2:self_check","original",NA,"none","two_math:CHAMP:P_Polynomial_24:minimax:r2:self_check:http1","ok","f348bff090b8caa70636e9f49e7d628c2803a4d24ba653c81e124d4ae980779d"
"two_math:CHAMP:P_Sequence_19:deepseek:r2:self_check","original",NA,"none","two_math:CHAMP:P_Sequence_19:deepseek:r2:self_check:http1","ok","21c14c1b785f2dbf726be07760de23aa17183d26305884694dc2764a9e7cfd9a"
"two_math:CHAMP:P_Inequality_4:deepseek:r1:self_check","original",NA,"none","two_math:CHAMP:P_Inequality_4:deepseek:r1:self_check:http1","ok","db9b7ebf209f0ad07fb4f83a26f8380774682adc20e47cdcf6bad5e3405837e2"
"two_math:CHAMP:P_Sequence_19:minimax:r1:self_check","original",NA,"none","two_math:CHAMP:P_Sequence_19:minimax:r1:self_check:http1","ok","e363be576a3b371021abef6829b44c3605ed13653fa8c10b8098a32c780d4b38"
"two_math:CHAMP:P_Inequality_8:deepseek:r2:A0_AI","original",NA,"none","two_math:CHAMP:P_Inequality_8:deepseek:r2:A0_AI:http1","ok","f572dc81681139fe1f45575964f0194337ff2b432106a973acfaeed997a163ba"
"two_math:CHAMP:P_Combinatorics_38:deepseek:r1:A0_AI","original",NA,"none","two_math:CHAMP:P_Combinatorics_38:deepseek:r1:A0_AI:http1","ok","abb05adb689aff526eef09a71e209d32d20490bd15d3346df4ce17b8340b0769"
"two_math:CHAMP:P_Sequence_11:deepseek:r1:self_check","original",NA,"none","two_math:CHAMP:P_Sequence_11:deepseek:r1:self_check:http1","ok","22fa1bbfbd46ae148ed6316da1ae000a3f635dc4829f939798d2747ab340ef45"
"two_math:CHAMP:P_Polynomial_32:minimax:r1:A0_AI","original",NA,"none","two_math:CHAMP:P_Polynomial_32:minimax:r1:A0_AI:http1","ok","f4a190c65ba65ee3541014189c36689baafff703e0448cbd331a059f48c61ab9"
"two_math:CHAMP:P_Polynomial_40:deepseek:r2:A0_AI","original",NA,"none","two_math:CHAMP:P_Polynomial_40:deepseek:r2:A0_AI:http1","ok","b7f975098dc66925adf8a7fbdedfd0d9ea4316c61555374f30ea052e482eb2df"
"two_math:CHAMP:P_Combinatorics_5:deepseek:r1:self_check","original",NA,"none","two_math:CHAMP:P_Combinatorics_5:deepseek:r1:self_check:http1","ok","632c3aa54ec35a576d815fcf7db25840d3736a1de1ddf077304ce699303eed45"
"two_math:CHAMP:P_Combinatorics_31:deepseek:r2:self_check","original",NA,"none","two_math:CHAMP:P_Combinatorics_31:deepseek:r2:self_check:http1","ok","ba2f3102c62b6da5a0e7f113154798a1ae1b122b995dc5fec12294a53a8fc13b"
"two_math:CHAMP:P_Number-Theory_24:minimax:r2:A0_AI","original",NA,"none","two_math:CHAMP:P_Number-Theory_24:minimax:r2:A0_AI:http1","ok","068f92bb0f610d4f2e1a0b328ae58d5c1af8e963e7f18ba5ddd322068dfc310e"
"two_math:CHAMP:P_Sequence_11:deepseek:r2:A0_AI","original",NA,"none","two_math:CHAMP:P_Sequence_11:deepseek:r2:A0_AI:http1","ok","7b8aacf49690dcaaf9cfdfa45970544041000f560bb487a6c110fbc346ce6e6f"
"two_math:CHAMP:P_Combinatorics_7:deepseek:r1:A0_AI","original",NA,"none","two_math:CHAMP:P_Combinatorics_7:deepseek:r1:A0_AI:http1","ok","8511c969c989c787b7a001bada038f969754f7af4561abc47a608acaf7c412c7"
"two_math:CHAMP:P_Number-Theory_32:deepseek:r2:A0_AI","original",NA,"none","two_math:CHAMP:P_Number-Theory_32:deepseek:r2:A0_AI:http1","ok","cb46f14595dce32f5971c4fef415946b9f7873ead5a962181f5bb056d635ec28"
"two_math:CHAMP:P_Combinatorics_18:minimax:r1:A0_AI","original",NA,"none","two_math:CHAMP:P_Combinatorics_18:minimax:r1:A0_AI:http1","ok","052b363d39d6a06ac0c6ba7d8849e3368e1255b5cb72165d539e061c2aaa491f"
"two_math:CHAMP:P_Combinatorics_21:deepseek:r1:A0_AI","original",NA,"none","two_math:CHAMP:P_Combinatorics_21:deepseek:r1:A0_AI:http1","ok","2f871826890fe86dc2ca0dc4c75d969c5edd935dd4d592563b634c26fc2a7f04"
"two_math:CHAMP:P_Combinatorics_30:deepseek:r1:self_check","original",NA,"none","two_math:CHAMP:P_Combinatorics_30:deepseek:r1:self_check:http1","ok","b6d7c53613c8ef3d10121c035624622cd2b51226c1468c7ed2e35e90018727a0"
"two_math:CHAMP:P_Polynomial_1:minimax:r2:self_check","original",NA,"none","two_math:CHAMP:P_Polynomial_1:minimax:r2:self_check:http1","ok","d3bc94626fb90145747d481e8654e2f04040df5b2cc8ef7ab9a5d59599f71214"
"two_math:CHAMP:P_Polynomial_11:minimax:r1:A0_AI","original",NA,"none","two_math:CHAMP:P_Polynomial_11:minimax:r1:A0_AI:http1","ok","f629a11dfa599fa8b335478af2c08680f32e0247e325e6067137bf69e7b35ce3"
"two_math:CHAMP:P_Number-Theory_17:minimax:r1:self_check","original",NA,"none","two_math:CHAMP:P_Number-Theory_17:minimax:r1:self_check:http1","ok","c004d90107bd130d2965a2d5d0341635f1dc02edbaf53a1d6d1400bcc8e8634e"
"two_math:CHAMP:P_Polynomial_50:minimax:r1:A0_AI","original",NA,"none","two_math:CHAMP:P_Polynomial_50:minimax:r1:A0_AI:http1","ok","473015bf0f75480ca7e283be5116db525a965fe9bc9614965e065c515fb4675c"
"two_math:CHAMP:P_Polynomial_17:minimax:r1:self_check","original",NA,"none","two_math:CHAMP:P_Polynomial_17:minimax:r1:self_check:http1","ok","fc2de395c975ec29a0189ec41042081587cdb60660be630202bdae367b6205ab"
"two_math:CHAMP:P_Polynomial_50:deepseek:r2:A0_AI","original",NA,"none","two_math:CHAMP:P_Polynomial_50:deepseek:r2:A0_AI:http1","ok","c2fb8802c1a2b7ca80aa07f2b52e1e244000fb41ef41fe45eb3b8f1ff2be4e3b"
"two_math:CHAMP:P_Sequence_21:minimax:r2:A0_AI","original",NA,"none","two_math:CHAMP:P_Sequence_21:minimax:r2:A0_AI:http1","ok","f8a778ff856943d0c71fb331d27d108c55e4689bfab76990e64f3b69b305e7d6"
"two_math:CHAMP:P_Number-Theory_71:deepseek:r2:self_check","original",NA,"none","two_math:CHAMP:P_Number-Theory_71:deepseek:r2:self_check:http1","ok","0401320af7ffd74e4f414b17ad09ea40cbf1f9adc3dd3a1b3af7fbcd489f9d99"
"two_math:CHAMP:P_Polynomial_11:minimax:r2:self_check","technical_recovery_appendix",1,"token_limit_6144_secondary","two_math:CHAMP:P_Polynomial_11:minimax:r2:self_check:recovery1:http1","ok","a2a1afa6da627de09575a6956704e085a503f0ba5fa9c1c2cf6a226362945450"
"two_math:CHAMP:P_Inequality_13:minimax:r1:self_check","original",NA,"none","two_math:CHAMP:P_Inequality_13:minimax:r1:self_check:http1","ok","fd4943a3f0e83fc11d15995c910978d8c0845888d5725e11823e1916a4f4102d"
"two_math:CHAMP:P_Combinatorics_40:deepseek:r1:self_check","original",NA,"none","two_math:CHAMP:P_Combinatorics_40:deepseek:r1:self_check:http1","ok","eaf0d5a201019b7c80978b2a62d19d1780ff9b7c3829dd6f5b6def18423ffa62"
"two_math:CHAMP:P_Combinatorics_18:deepseek:r2:self_check","original",NA,"none","two_math:CHAMP:P_Combinatorics_18:deepseek:r2:self_check:http1","ok","1efbf10dcb87386272c63ef8c4471342a83c48a2cfcde94778d7c022fcd71457"
"two_math:CHAMP:P_Polynomial_24:deepseek:r2:self_check","original",NA,"none","two_math:CHAMP:P_Polynomial_24:deepseek:r2:self_check:http1","ok","c9e6bdfaecad7b3edacd274eb976dde40ef13742b3139b44a475151fd91e4f0c"
"two_math:CHAMP:P_Sequence_42:deepseek:r1:A0_AI","original",NA,"none","two_math:CHAMP:P_Sequence_42:deepseek:r1:A0_AI:http1","ok","468d828059aa4d647cb51f7f7351ea071e66bdbea3da9a21feb86e2e47386ade"
"two_math:CHAMP:P_Number-Theory_67:deepseek:r1:A0_AI","original",NA,"none","two_math:CHAMP:P_Number-Theory_67:deepseek:r1:A0_AI:http1","ok","ae490c6f7125033f04b6819011086796948589d079fd5bc0a1c59645f5bcd8ec"
"two_math:CHAMP:P_Polynomial_23:deepseek:r1:A0_AI","original",NA,"none","two_math:CHAMP:P_Polynomial_23:deepseek:r1:A0_AI:http1","ok","8c6efa2c36fc95a45f772512252df4535bfdb8e47ae1eee542abce5178600d33"
"two_math:CHAMP:P_Combinatorics_31:deepseek:r1:self_check","original",NA,"none","two_math:CHAMP:P_Combinatorics_31:deepseek:r1:self_check:http1","ok","7bd31bce415f1937e70d4bc1fee6117adfe97526676a9c7234540ab85e5c6ec3"
"two_math:CHAMP:P_Number-Theory_13:minimax:r2:self_check","original",NA,"none","two_math:CHAMP:P_Number-Theory_13:minimax:r2:self_check:http1","ok","9b459526740a9fae3d12bc754a0e8b79e181a767130f382a7c5cfde695a79daf"
"two_math:CHAMP:P_Number-Theory_27:deepseek:r2:A0_AI","original",NA,"none","two_math:CHAMP:P_Number-Theory_27:deepseek:r2:A0_AI:http1","ok","c242b9cb1b3f8dd348875e58e17b87bbef04d64eed08d769bee016ac68ee156c"
"two_math:CHAMP:P_Inequality_13:deepseek:r1:self_check","original",NA,"none","two_math:CHAMP:P_Inequality_13:deepseek:r1:self_check:http1","ok","947477ec61149b564ddfe102cbc626d6ba252fa1c800f24b078fac6c9be3c7c5"
"two_math:CHAMP:P_Sequence_42:deepseek:r1:self_check","original",NA,"none","two_math:CHAMP:P_Sequence_42:deepseek:r1:self_check:http1","ok","fba69198a91b5cb7f869f39ba442301b42367aaf324be94da8499c0594ae180e"
"two_math:CHAMP:P_Polynomial_40:minimax:r2:self_check","original",NA,"none","two_math:CHAMP:P_Polynomial_40:minimax:r2:self_check:http1","ok","86e8ce0e12f19113709d8848f6aab9dd87a394c09010f28cdf0002bc6aee2d0f"
"two_math:CHAMP:P_Sequence_20:minimax:r2:A0_AI","original",NA,"none","two_math:CHAMP:P_Sequence_20:minimax:r2:A0_AI:http1","ok","0a307b5afac21e52b996256d4b6cbaaf4c7d4ee17af58693a33f8ae4ff96369a"
"two_math:CHAMP:P_Inequality_49:minimax:r1:self_check","original",NA,"none","two_math:CHAMP:P_Inequality_49:minimax:r1:self_check:http1","ok","7fbc462f44162487a0d2c92445a4c7409eee3b98896ab7d27f95b0ead58c56e9"
"two_math:CHAMP:P_Inequality_15:minimax:r1:self_check","original",NA,"none","two_math:CHAMP:P_Inequality_15:minimax:r1:self_check:http1","ok","580735aea4a43b7f48cae058171776fb572548e0a3101272611abccc959555aa"
"two_math:CHAMP:P_Combinatorics_40:minimax:r1:A0_AI","original",NA,"none","two_math:CHAMP:P_Combinatorics_40:minimax:r1:A0_AI:http1","ok","27d275b1d88bff2e97acc800d2b41367a9ba29317fee89f51cd9eff3d8b7cd42"
"two_math:CHAMP:P_Inequality_13:minimax:r2:self_check","original",NA,"none","two_math:CHAMP:P_Inequality_13:minimax:r2:self_check:http1","ok","a6f857c91b2365254684aa4c6540d590db41cc74ff1e81406964c5fbd0489665"
"two_math:CHAMP:P_Sequence_19:minimax:r2:self_check","original",NA,"none","two_math:CHAMP:P_Sequence_19:minimax:r2:self_check:http1","ok","c5378e04172c789d12aed450da7a814027ca0e8d8904696c0f58440af085c678"
"two_math:CHAMP:P_Inequality_49:minimax:r2:self_check","original",NA,"none","two_math:CHAMP:P_Inequality_49:minimax:r2:self_check:http1","ok","f2524b5a64db631a9eea5b51926391da03bd656f1898d613ad7165e2f3b033bb"
"two_math:CHAMP:P_Polynomial_11:deepseek:r1:A0_AI","original",NA,"none","two_math:CHAMP:P_Polynomial_11:deepseek:r1:A0_AI:http1","ok","9c5e8026ce7bb8111cacd299ea46eb5d639ad0125c0315d9bab49b3df8b54fc6"
"two_math:CHAMP:P_Sequence_40:minimax:r2:A0_AI","technical_recovery_appendix",1,"token_limit_6144_secondary","two_math:CHAMP:P_Sequence_40:minimax:r2:A0_AI:recovery1:http1","ok","c935ab88658b83bce5594621ad9928ac7b5d68178c4d9eb33790234e2a097f6f"
"two_math:CHAMP:P_Polynomial_24:minimax:r2:A0_AI","technical_recovery_appendix",2,"exact_original_payload_retry","two_math:CHAMP:P_Polynomial_24:minimax:r2:A0_AI:recovery2:http1","ok","7d8e43a6ece18fb0764964e9a1254dc3b39317c999eeaa8fae1e9fb0b84b295f"
"two_math:CHAMP:P_Number-Theory_27:minimax:r1:self_check","original",NA,"none","two_math:CHAMP:P_Number-Theory_27:minimax:r1:self_check:http1","ok","e3d335bdc4aaec988bf09e3b1e568dac4c4d40ec64d4960d2acfb9777cdb3572"
"two_math:CHAMP:P_Combinatorics_30:deepseek:r1:A0_AI","original",NA,"none","two_math:CHAMP:P_Combinatorics_30:deepseek:r1:A0_AI:http1","ok","5f69164074b655115de6d986c8ec9eef84c7faafe6013a0e9476628dc9b08ca1"
"two_math:CHAMP:P_Combinatorics_38:deepseek:r1:self_check","original",NA,"none","two_math:CHAMP:P_Combinatorics_38:deepseek:r1:self_check:http1","ok","f9c342f3b508267b90a28aeebe3ad8698928a0c8258a68a05be60d64e239fedc"
"two_math:CHAMP:P_Sequence_28:deepseek:r2:A0_AI","original",NA,"none","two_math:CHAMP:P_Sequence_28:deepseek:r2:A0_AI:http1","ok","f60f84366c14722d833ba311e6c0539378dc61c66da194e7a40c7e3e91639d29"
"two_math:CHAMP:P_Number-Theory_17:deepseek:r2:self_check","original",NA,"none","two_math:CHAMP:P_Number-Theory_17:deepseek:r2:self_check:http1","ok","f52ff87d447f183f265e159fa09b6e5c47def68c38d7646724c81d03121d44ec"
"two_math:CHAMP:P_Polynomial_23:minimax:r1:self_check","original",NA,"none","two_math:CHAMP:P_Polynomial_23:minimax:r1:self_check:http1","ok","21567b63ff191cda8e9f854d5b1ee80dc41005ba0db970aad525039306b4fcbc"
"two_math:CHAMP:P_Number-Theory_13:deepseek:r2:self_check","original",NA,"none","two_math:CHAMP:P_Number-Theory_13:deepseek:r2:self_check:http1","ok","a0600ec0800a361b4b58f9b75052a4d746b8a4fc62d87ff2ef5b6a4b49e22925"
"two_math:CHAMP:P_Combinatorics_5:deepseek:r2:A0_AI","original",NA,"none","two_math:CHAMP:P_Combinatorics_5:deepseek:r2:A0_AI:http1","ok","5be4f6e8def0725c9ba803b1a4ff9d9833a8e9301c035cfc8fea11d867d5a63e"
"two_math:CHAMP:P_Number-Theory_67:minimax:r2:A0_AI","original",NA,"none","two_math:CHAMP:P_Number-Theory_67:minimax:r2:A0_AI:http1","ok","1c689ae15652601edfd17fb19cba1c4acfcf2c452ae9484cf61766f3b4f90293"
"two_math:CHAMP:P_Number-Theory_67:minimax:r1:A0_AI","original",NA,"none","two_math:CHAMP:P_Number-Theory_67:minimax:r1:A0_AI:http1","ok","978e56e1f851b00bf0334825ad8f1ab008be91259392e296f0e79069d9b9060c"
"two_math:CHAMP:P_Number-Theory_13:deepseek:r2:A0_AI","original",NA,"none","two_math:CHAMP:P_Number-Theory_13:deepseek:r2:A0_AI:http1","ok","3839b7631006ae364cccd4ab4a8ff0f75fd8818b948e7b7119b9d1d416575eb5"
"two_math:CHAMP:P_Number-Theory_42:deepseek:r2:self_check","original",NA,"none","two_math:CHAMP:P_Number-Theory_42:deepseek:r2:self_check:http1","ok","cd0deb7bd291d8f46c41e3a995f2310be5e3f548733fc7004a9aaac801e79450"
"two_math:CHAMP:P_Inequality_26:deepseek:r1:self_check","original",NA,"none","two_math:CHAMP:P_Inequality_26:deepseek:r1:self_check:http1","ok","4d119b4a6d891464b01122ee701b3b0a136f0eba51db419704c88deedcc76dd3"
"two_math:CHAMP:P_Inequality_24:minimax:r2:self_check","original",NA,"none","two_math:CHAMP:P_Inequality_24:minimax:r2:self_check:http1","ok","1dfc1cbfcf0ea4af0ff28a6e48cbdd77d55d75b475ce953366b0a1cd1a4795d1"
"two_math:CHAMP:P_Combinatorics_7:minimax:r1:self_check","original",NA,"none","two_math:CHAMP:P_Combinatorics_7:minimax:r1:self_check:http1","ok","fadecb555db3d07f213ec7a8b16d7aec7aad11661044e95550ec3911e5db428a"
"two_math:CHAMP:P_Combinatorics_7:deepseek:r2:self_check","original",NA,"none","two_math:CHAMP:P_Combinatorics_7:deepseek:r2:self_check:http1","ok","23b2c1617b0cdd53dff6cdb4a75c0ae0707a7131a75b03cb3d4c34b9a2b54cfc"
"two_math:CHAMP:P_Polynomial_23:minimax:r1:A0_AI","original",NA,"none","two_math:CHAMP:P_Polynomial_23:minimax:r1:A0_AI:http1","ok","42bb99a029471ff882fc53c0984bbf77e25f8c84b8875d7b1a5f4b869bdcde18"
"two_math:CHAMP:P_Inequality_49:deepseek:r2:A0_AI","original",NA,"none","two_math:CHAMP:P_Inequality_49:deepseek:r2:A0_AI:http1","ok","2dbe437887afe85aff2ca165474138434d379f88242f536c0d721711738378c6"
"two_math:CHAMP:P_Sequence_20:deepseek:r2:A0_AI","original",NA,"none","two_math:CHAMP:P_Sequence_20:deepseek:r2:A0_AI:http1","ok","825a42d5358849df353887aa333c24c9a3bd8a18aa640cdbd2a2787fbbfff131"
"two_math:CHAMP:P_Combinatorics_21:minimax:r2:self_check","original",NA,"none","two_math:CHAMP:P_Combinatorics_21:minimax:r2:self_check:http1","ok","fe4ca40523620dd4e74bcf311c38161de3a6cdb21cac7a8527eae92ae7fd383c"
"two_math:CHAMP:P_Polynomial_1:deepseek:r2:A0_AI","original",NA,"none","two_math:CHAMP:P_Polynomial_1:deepseek:r2:A0_AI:http1","ok","508f73b35d4882f2df55086e5b6a3f289448cde4551af05d52d4f760d46e8b62"
"two_math:CHAMP:P_Polynomial_32:deepseek:r1:A0_AI","original",NA,"none","two_math:CHAMP:P_Polynomial_32:deepseek:r1:A0_AI:http1","ok","d661865feac322329050f273cbbd32c51016c6caa7da9c2d9e2f22e9c5846275"
"two_math:CHAMP:P_Number-Theory_67:minimax:r1:self_check","original",NA,"none","two_math:CHAMP:P_Number-Theory_67:minimax:r1:self_check:http1","ok","3614f67f921732c2885523da564a28182e623de5aab4edcae2d277dce855bd62"
"two_math:CHAMP:P_Combinatorics_38:minimax:r1:A0_AI","original",NA,"none","two_math:CHAMP:P_Combinatorics_38:minimax:r1:A0_AI:http1","ok","44bf75e06622cce7459f3dbb0a20c521ffc86e49fa16d4aa7a62cdf33076deb9"
"two_math:CHAMP:P_Polynomial_1:deepseek:r2:self_check","original",NA,"none","two_math:CHAMP:P_Polynomial_1:deepseek:r2:self_check:http1","ok","0736ab59032235ff7e0852a6ccc50d6145b0958e400816c13ea3582506b1eb99"
"two_math:CHAMP:P_Combinatorics_5:deepseek:r2:self_check","original",NA,"none","two_math:CHAMP:P_Combinatorics_5:deepseek:r2:self_check:http1","ok","db3bc5e5ac6ff2b032aaadbe47468bb4e78bd029333b26e8557d920def6b163b"
"two_math:CHAMP:P_Combinatorics_40:minimax:r1:self_check","original",NA,"none","two_math:CHAMP:P_Combinatorics_40:minimax:r1:self_check:http1","ok","0d01610ea715a9b205fa25537f16f8163c82ef16f989cfd4f04122f532f50414"
"two_math:CHAMP:P_Polynomial_50:minimax:r2:self_check","original",NA,"none","two_math:CHAMP:P_Polynomial_50:minimax:r2:self_check:http1","ok","d04577c10ceed17330aa80a1fe831130fffa390a6c13df825e025e18c9e5b510"
"two_math:CHAMP:P_Inequality_26:deepseek:r2:self_check","original",NA,"none","two_math:CHAMP:P_Inequality_26:deepseek:r2:self_check:http1","ok","b3db30dd705c6d8c4e4780e04a42f068a9d2b7f45f43819ad85f877d975db318"
"two_math:CHAMP:P_Sequence_21:deepseek:r2:self_check","original",NA,"none","two_math:CHAMP:P_Sequence_21:deepseek:r2:self_check:http1","ok","e4eea10218adb1b733ca83edc2e197a37ac3bb7cee3c9e7b092f6846325f2f67"
"two_math:CHAMP:P_Combinatorics_30:deepseek:r2:self_check","original",NA,"none","two_math:CHAMP:P_Combinatorics_30:deepseek:r2:self_check:http1","ok","69c6255abde1805c130d42407352303c7c0bf1dc508d7227257c9b521ad7b904"
"two_math:CHAMP:P_Number-Theory_71:minimax:r1:self_check","original",NA,"none","two_math:CHAMP:P_Number-Theory_71:minimax:r1:self_check:http1","ok","feabc0148dbe87c7efdbb3118e3743d6d49f096a9d3a6c6ee102cf40fb59d6df"
"two_math:CHAMP:P_Combinatorics_18:deepseek:r1:self_check","original",NA,"none","two_math:CHAMP:P_Combinatorics_18:deepseek:r1:self_check:http1","ok","72014a8623e899ea53c3ebcc63f24e16411f54b86f3ff3b2fe45e30672c575f6"
"two_math:CHAMP:P_Sequence_20:minimax:r2:self_check","original",NA,"none","two_math:CHAMP:P_Sequence_20:minimax:r2:self_check:http1","ok","9ca7750a3a4894ae5c0481c5129e7098744530a969f76a60257aa68396420fea"
"two_math:CHAMP:P_Sequence_21:deepseek:r2:A0_AI","original",NA,"none","two_math:CHAMP:P_Sequence_21:deepseek:r2:A0_AI:http1","ok","c694cd919c791700440cf20124accd2e1af976e5826525f0e68df4adb8afaa5c"
"two_math:CHAMP:P_Number-Theory_13:deepseek:r1:A0_AI","original",NA,"none","two_math:CHAMP:P_Number-Theory_13:deepseek:r1:A0_AI:http1","ok","2c673ec1e32bd8afced0eeb3e6bcbd865a388144b231e884865fa8265a4efa30"
"two_math:CHAMP:P_Number-Theory_71:deepseek:r1:A0_AI","original",NA,"none","two_math:CHAMP:P_Number-Theory_71:deepseek:r1:A0_AI:http1","ok","d0c6fa89b680c443f36958b1826168b0f79b8ff1d99842c9fcb876037d985a6f"
"two_math:CHAMP:P_Number-Theory_12:minimax:r2:self_check","original",NA,"none","two_math:CHAMP:P_Number-Theory_12:minimax:r2:self_check:http1","ok","013c45d2bd385cabab54ce34f08b3997deef878bfa51c5228fbc0f8a99b2d8fa"
"two_math:CHAMP:P_Sequence_11:minimax:r1:A0_AI","original",NA,"none","two_math:CHAMP:P_Sequence_11:minimax:r1:A0_AI:http1","ok","f2f5d42a6272875586d15e730aca860f95e2f19e00646ab9a0bd40e2c0ec9557"
"two_math:CHAMP:P_Combinatorics_38:deepseek:r2:self_check","original",NA,"none","two_math:CHAMP:P_Combinatorics_38:deepseek:r2:self_check:http1","ok","de45597b43d7425964e0018d6af957fb005974d95aa482087e4d66439f79fcd9"
"two_math:CHAMP:P_Polynomial_1:deepseek:r1:self_check","original",NA,"none","two_math:CHAMP:P_Polynomial_1:deepseek:r1:self_check:http1","ok","141989431cdd76dc437c7a5a0de3d4a4ed5e6eabf1025e7a9f0db5702ed3bdc9"
"two_math:CHAMP:P_Polynomial_32:deepseek:r2:A0_AI","original",NA,"none","two_math:CHAMP:P_Polynomial_32:deepseek:r2:A0_AI:http1","ok","de974323d1f2409161e0f2c319a6c113462e767a1dc0d59ceb4354dfb9cf4653"
"two_math:CHAMP:P_Sequence_11:deepseek:r1:A0_AI","original",NA,"none","two_math:CHAMP:P_Sequence_11:deepseek:r1:A0_AI:http1","ok","1d3971cad5b4806d9a7d733dce2e64b8b8d6fdb5015eb9c2fb37e5039c40ccbe"
"two_math:CHAMP:P_Polynomial_24:minimax:r1:A0_AI","original",NA,"none","two_math:CHAMP:P_Polynomial_24:minimax:r1:A0_AI:http1","ok","509d1e42eba9934aebc15d9f13fa1e9c066c5bc800ffc4766c691dbb0dff9de1"
"two_math:CHAMP:P_Inequality_49:deepseek:r1:self_check","original",NA,"none","two_math:CHAMP:P_Inequality_49:deepseek:r1:self_check:http1","ok","af81698751ac6a0fdea8f3bfe32b8217ce7feea551a28a3583ea9dde93092e7b"
"two_math:CHAMP:P_Number-Theory_71:minimax:r2:self_check","original",NA,"none","two_math:CHAMP:P_Number-Theory_71:minimax:r2:self_check:http1","ok","5969dff3274e404ceec22d3a9ecba2a254462ff627792f6dea9ed0f60844ff3e"
"two_math:CHAMP:P_Sequence_21:deepseek:r1:self_check","original",NA,"none","two_math:CHAMP:P_Sequence_21:deepseek:r1:self_check:http1","ok","112ac29384333bd124c84d648267c5e7957fc05722848afdbcd3b291ada6fe97"
"two_math:CHAMP:P_Number-Theory_24:deepseek:r2:self_check","original",NA,"none","two_math:CHAMP:P_Number-Theory_24:deepseek:r2:self_check:http1","ok","b586fabde7e128419a700314542a091e793207397e2bb4bd10a5bff3beabdfc2"
"two_math:CHAMP:P_Combinatorics_30:minimax:r2:A0_AI","original",NA,"none","two_math:CHAMP:P_Combinatorics_30:minimax:r2:A0_AI:http1","ok","f067c30b829ee61cb38a7deabc0bdf172cdc587058ecfb62237610e1167f6988"
"two_math:CHAMP:P_Number-Theory_17:minimax:r2:A0_AI","original",NA,"none","two_math:CHAMP:P_Number-Theory_17:minimax:r2:A0_AI:http1","ok","783c798c724f1e416bb1eafec7d2f59053810d30959f578cfa2ae837b2efcd2e"
"two_math:CHAMP:P_Polynomial_32:minimax:r2:A0_AI","original",NA,"none","two_math:CHAMP:P_Polynomial_32:minimax:r2:A0_AI:http1","ok","36a9c1522f3b122cac83ef4eacc1c05504d68ed18c7c7ef16346c41a1f72a9e7"
"two_math:CHAMP:P_Polynomial_50:minimax:r2:A0_AI","original",NA,"none","two_math:CHAMP:P_Polynomial_50:minimax:r2:A0_AI:http1","ok","dfcd939ba769bfdb27a9b865d3dafb1b51b34cd22dd99f7622cfe8c988db6929"
"two_math:CHAMP:P_Inequality_49:deepseek:r2:self_check","original",NA,"none","two_math:CHAMP:P_Inequality_49:deepseek:r2:self_check:http1","ok","1b39b2c255c0923a4900d10ff28c93572ccb338f3e1f65545eb8085b9be2cea4"
"two_math:CHAMP:P_Number-Theory_42:minimax:r1:self_check","original",NA,"none","two_math:CHAMP:P_Number-Theory_42:minimax:r1:self_check:http1","ok","b176dabc88f88bdc51211dfdd332635ac9c012e5cb498fa3c99cfbb77cd395b5"
"two_math:CHAMP:P_Inequality_4:minimax:r2:A0_AI","original",NA,"none","two_math:CHAMP:P_Inequality_4:minimax:r2:A0_AI:http1","ok","17cc31b2a9a4472a02c81551cc39c8f4ad25ac3969739292d537c41ae016f37a"
"two_math:CHAMP:P_Inequality_26:minimax:r1:self_check","original",NA,"none","two_math:CHAMP:P_Inequality_26:minimax:r1:self_check:http1","ok","1a5dbac022b3dec68547400016bd7de27be9b6c859209e38d95e8a459b337ff3"
"two_math:CHAMP:P_Polynomial_47:minimax:r2:A0_AI","original",NA,"none","two_math:CHAMP:P_Polynomial_47:minimax:r2:A0_AI:http1","ok","6bd769d55aadfecd9e82c0addf2491b8384ccb6a2a5569d2cee41f55f12e79b7"
"two_math:CHAMP:P_Sequence_42:minimax:r1:A0_AI","original",NA,"none","two_math:CHAMP:P_Sequence_42:minimax:r1:A0_AI:http1","ok","b5e610a11761c4f7fac76ba763895271baf33d8b9ecb37aa42f94aa7d1eb12ae"
"two_math:CHAMP:P_Combinatorics_38:deepseek:r2:A0_AI","original",NA,"none","two_math:CHAMP:P_Combinatorics_38:deepseek:r2:A0_AI:http1","ok","3473f77c9fdac87af030d7acd76150ec13a639b8ec82e7a9839b1336cae9cef0"
"two_math:CHAMP:P_Inequality_13:minimax:r2:A0_AI","original",NA,"none","two_math:CHAMP:P_Inequality_13:minimax:r2:A0_AI:http1","ok","3577d23520c62dae9e751df7f5381d22023afc51c2539a9e5ceb700e58bbef01"
"two_math:CHAMP:P_Polynomial_47:minimax:r1:self_check","original",NA,"none","two_math:CHAMP:P_Polynomial_47:minimax:r1:self_check:http1","ok","e06126285418e7794c0e22108201854a5ff1ddc3b25aad32a78e1f529a3c71db"
"two_math:CHAMP:P_Sequence_19:deepseek:r2:A0_AI","technical_recovery_appendix",1,"token_limit_6144_secondary","two_math:CHAMP:P_Sequence_19:deepseek:r2:A0_AI:recovery1:http1","ok","d74c472f0441b19f8c55e4735856b320e383bdf53649a96dfe380aa0e9ebc3bc"
"two_math:CHAMP:P_Number-Theory_42:deepseek:r2:A0_AI","original",NA,"none","two_math:CHAMP:P_Number-Theory_42:deepseek:r2:A0_AI:http1","ok","94346e70aaa223bda6519dda4863c6adb657d8ba241c462ae08b8e204829878e"
"two_math:CHAMP:P_Sequence_40:minimax:r2:self_check","original",NA,"none","two_math:CHAMP:P_Sequence_40:minimax:r2:self_check:http1","ok","0411a5a541178e55f9d5061d3dc393e21eb7180e8795c70c9c5bc5e24ceb40e9"
"two_math:CHAMP:P_Combinatorics_21:deepseek:r2:A0_AI","original",NA,"none","two_math:CHAMP:P_Combinatorics_21:deepseek:r2:A0_AI:http1","ok","be38315eb6fed17eaaac59e834a1dd1e02b5f4eccc08eca4b0639990ffcac87d"
"two_math:CHAMP:P_Polynomial_47:minimax:r2:self_check","original",NA,"none","two_math:CHAMP:P_Polynomial_47:minimax:r2:self_check:http1","ok","e7fdab45615cfd7a8108aa49d687cccef68a3df21f399900e1cd69358862d29d"
"two_math:CHAMP:P_Polynomial_23:minimax:r2:self_check","original",NA,"none","two_math:CHAMP:P_Polynomial_23:minimax:r2:self_check:http1","ok","8e4b883d319eb1e3d80205cf2791fe859e5d7867927d62604f780fe2425c6db8"
"two_math:CHAMP:P_Inequality_13:minimax:r1:A0_AI","original",NA,"none","two_math:CHAMP:P_Inequality_13:minimax:r1:A0_AI:http1","ok","47901164e549550080a635a91e8e5527dc5c5c3305501f02e142f0b9bdee118e"
"two_math:CHAMP:P_Combinatorics_7:deepseek:r2:A0_AI","original",NA,"none","two_math:CHAMP:P_Combinatorics_7:deepseek:r2:A0_AI:http1","ok","4be8617bbacf5d5cbff24bdeb19ffce34ea6cbae440e7a856aa99a671058c565"
"two_math:CHAMP:P_Polynomial_47:deepseek:r2:self_check","original",NA,"none","two_math:CHAMP:P_Polynomial_47:deepseek:r2:self_check:http1","ok","a0eb851a37f45bb58b20f8e319c86f9b7bb9784ca9be2df76305e8195a670e1b"
"two_math:CHAMP:P_Polynomial_17:deepseek:r1:self_check","original",NA,"none","two_math:CHAMP:P_Polynomial_17:deepseek:r1:self_check:http1","ok","1bf3d88e5827a4e4dfec33db1d7538964aa3b5f6950479b5634819694aa4f468"
"two_math:CHAMP:P_Combinatorics_7:minimax:r1:A0_AI","original",NA,"none","two_math:CHAMP:P_Combinatorics_7:minimax:r1:A0_AI:http1","ok","7c9648b3edacb0aad532607cd6ea76192e244c6d7596b397c9b8a59abe5d48be"
"two_math:CHAMP:P_Sequence_40:deepseek:r2:A0_AI","technical_recovery_appendix",1,"token_limit_6144_secondary","two_math:CHAMP:P_Sequence_40:deepseek:r2:A0_AI:recovery1:http1","ok","0b758ac33dd123901d7cb63f51690a1bc152451224445a578d06281dd9195f59"
"two_math:CHAMP:P_Inequality_4:deepseek:r1:A0_AI","original",NA,"none","two_math:CHAMP:P_Inequality_4:deepseek:r1:A0_AI:http1","ok","376c6b91257d495175fb831a828ac389d524531e080511e814a02721321d3e9a"
"two_math:CHAMP:P_Number-Theory_17:minimax:r2:self_check","original",NA,"none","two_math:CHAMP:P_Number-Theory_17:minimax:r2:self_check:http1","ok","2835ad59122362e40b66b809494f7e269e24de338cb4f167f20cec0bea3cb1da"
"two_math:CHAMP:P_Inequality_8:minimax:r2:A0_AI","original",NA,"none","two_math:CHAMP:P_Inequality_8:minimax:r2:A0_AI:http1","ok","c77e15a5dcc09ca910d14b72fef9ad48eb618c43dc32b673ed281443ca28c895"
"two_math:CHAMP:P_Polynomial_50:deepseek:r1:self_check","original",NA,"none","two_math:CHAMP:P_Polynomial_50:deepseek:r1:self_check:http1","ok","ad94570dd1c02fc237e8259735c0d8a8c4cddf18e25974103b77e56b8f71b613"
"two_math:CHAMP:P_Combinatorics_31:deepseek:r2:A0_AI","original",NA,"none","two_math:CHAMP:P_Combinatorics_31:deepseek:r2:A0_AI:http1","ok","8fee4e7843fdc4ed1377d4701e14d75e0dfe7c08d47aa1efb3ddf24ab2015f9e"
"two_math:CHAMP:P_Combinatorics_38:minimax:r1:self_check","original",NA,"none","two_math:CHAMP:P_Combinatorics_38:minimax:r1:self_check:http1","ok","d7beba81b36b4ca71efa127258f35b556625837dcbf3203ca49894bcec3e7259"
"two_math:CHAMP:P_Polynomial_1:minimax:r1:self_check","original",NA,"none","two_math:CHAMP:P_Polynomial_1:minimax:r1:self_check:http1","ok","2571de4d52528f19a6b0712fd4e51a54f338d05af852357afee28379cdaf278e"
"two_math:CHAMP:P_Combinatorics_5:minimax:r2:self_check","original",NA,"none","two_math:CHAMP:P_Combinatorics_5:minimax:r2:self_check:http1","ok","e1d08b136478b32afd60dfd1d8a4d605b6bc27e61dcda567c724812a40326be5"
"two_math:CHAMP:P_Number-Theory_12:deepseek:r1:self_check","original",NA,"none","two_math:CHAMP:P_Number-Theory_12:deepseek:r1:self_check:http1","ok","433f4c4de2d55c0a8c3a1038ab5aa71a0be34f66c4d62bed90506fc32ac3154d"
"two_math:CHAMP:P_Combinatorics_30:minimax:r1:self_check","original",NA,"none","two_math:CHAMP:P_Combinatorics_30:minimax:r1:self_check:http1","ok","3edf3c791087be2fb256119f8129e0c9cb8d6172686e80c35371bfc0884d7a9a"
"two_math:CHAMP:P_Number-Theory_71:deepseek:r1:self_check","original",NA,"none","two_math:CHAMP:P_Number-Theory_71:deepseek:r1:self_check:http1","ok","ffa9a0fb927e1f6f6d43c4eeac789a5cc9024eb6d8872885d6e62638236ff18f"
"two_math:CHAMP:P_Number-Theory_71:deepseek:r2:A0_AI","original",NA,"none","two_math:CHAMP:P_Number-Theory_71:deepseek:r2:A0_AI:http1","ok","e97bb26fae4db2a2beaa1c96af3051cd91ac01d4611260525d584ca849f9dbb1"
"two_math:CHAMP:P_Inequality_4:minimax:r2:self_check","original",NA,"none","two_math:CHAMP:P_Inequality_4:minimax:r2:self_check:http1","ok","bcfbb15a0cfc20635662ba860ace5f95e07832c0f07f06e80f36a6debfc84e62"
"two_math:CHAMP:P_Inequality_24:deepseek:r1:A0_AI","original",NA,"none","two_math:CHAMP:P_Inequality_24:deepseek:r1:A0_AI:http1","ok","3fc9557033a28472bc765a868fb667f36b1d18de55d56e9a765f2f7d5b7fcea3"
"two_math:CHAMP:P_Polynomial_24:deepseek:r1:self_check","original",NA,"none","two_math:CHAMP:P_Polynomial_24:deepseek:r1:self_check:http1","ok","ccea5c958adba5fefdea9dcfb349da9b5fb2dc1cd66e8b0d278088f9a2f94e10"
"two_math:CHAMP:P_Polynomial_40:minimax:r1:self_check","original",NA,"none","two_math:CHAMP:P_Polynomial_40:minimax:r1:self_check:http1","ok","4dac3ceac423e7280beea4ef42d6b9d48f522b417e79ca85592eaea62b8a7e1a"
"two_math:CHAMP:P_Number-Theory_17:minimax:r1:A0_AI","original",NA,"none","two_math:CHAMP:P_Number-Theory_17:minimax:r1:A0_AI:http1","ok","3d28661be2f0f682b902b1bac7d506d7030fa70dd0b04156d9b7e48499e72faa"
"two_math:CHAMP:P_Polynomial_24:deepseek:r1:A0_AI","original",NA,"none","two_math:CHAMP:P_Polynomial_24:deepseek:r1:A0_AI:http1","ok","26179a42c94aa9ca5d383ff468904d0400c230799fc29d5cc9d74a015ba12a5f"
"two_math:CHAMP:P_Number-Theory_24:deepseek:r1:self_check","original",NA,"none","two_math:CHAMP:P_Number-Theory_24:deepseek:r1:self_check:http1","ok","f0c27d6877ba5f2d814d2653865b6497c2e82c1f55a37670a03b7266e614af00"
"two_math:CHAMP:P_Number-Theory_67:deepseek:r2:self_check","original",NA,"none","two_math:CHAMP:P_Number-Theory_67:deepseek:r2:self_check:http1","ok","94bb896db3c74c74aa190ebacb31d1982713650d4e8ac81fdad8ccd2f2d2ac2a"
"two_math:CHAMP:P_Combinatorics_20:deepseek:r1:self_check","original",NA,"none","two_math:CHAMP:P_Combinatorics_20:deepseek:r1:self_check:http1","ok","e7316c1cf3fe89420e4ab4b3043e4a407aaee1fae43bfc0837df949ba565edac"
"two_math:CHAMP:P_Polynomial_23:deepseek:r2:self_check","original",NA,"none","two_math:CHAMP:P_Polynomial_23:deepseek:r2:self_check:http1","ok","a43656fec2468271a956ce63985f08bb23c435983dc0c65e20e207241666d317"
"two_math:CHAMP:P_Inequality_24:minimax:r1:A0_AI","original",NA,"none","two_math:CHAMP:P_Inequality_24:minimax:r1:A0_AI:http1","ok","a500da4ad586f6ae5f2668c886141be267a90939c9578cac4e51c0fe8c2ea946"
"two_math:CHAMP:P_Inequality_4:deepseek:r2:A0_AI","original",NA,"none","two_math:CHAMP:P_Inequality_4:deepseek:r2:A0_AI:http1","ok","be8c06307ce36467896b9b75518f8e2ca1b53f7a28e23f694979f9e7cc4f196a"
"two_math:CHAMP:P_Sequence_42:deepseek:r2:A0_AI","original",NA,"none","two_math:CHAMP:P_Sequence_42:deepseek:r2:A0_AI:http1","ok","02f0a20251d9313c71aa7a07f44da9c62d58589cb2cd07e12b20d6c00987a745"
"two_math:CHAMP:P_Sequence_20:deepseek:r1:self_check","original",NA,"none","two_math:CHAMP:P_Sequence_20:deepseek:r1:self_check:http1","ok","1218c4104d1e6244441bdbd978c20bcb375cd038f247bf9831b0ccdf269e9b8c"
"two_math:CHAMP:P_Polynomial_1:minimax:r1:A0_AI","original",NA,"none","two_math:CHAMP:P_Polynomial_1:minimax:r1:A0_AI:http1","ok","adaccfdf9575957567b82a7172d1ee3f0e746081cac8e46625a6665a1da243ae"
"two_math:CHAMP:P_Number-Theory_13:minimax:r1:self_check","original",NA,"none","two_math:CHAMP:P_Number-Theory_13:minimax:r1:self_check:http1","ok","ff257c265b331e677abca781b755616f4dbbf5aa69b5c41d5a892bbb639406e3"
"two_math:CHAMP:P_Combinatorics_38:minimax:r2:self_check","original",NA,"none","two_math:CHAMP:P_Combinatorics_38:minimax:r2:self_check:http1","ok","ea835e31ec64bdedb5a7c12ef098d8dc26ec4e903a3b3012e991df0f0e5e3631"
"two_math:CHAMP:P_Polynomial_47:deepseek:r2:A0_AI","original",NA,"none","two_math:CHAMP:P_Polynomial_47:deepseek:r2:A0_AI:http1","ok","9f323b8e8b44c1d44b4bf581e5a26625e517c2b2857ed1393f12b3b1e45c0d99"
"two_math:CHAMP:P_Sequence_42:deepseek:r2:self_check","original",NA,"none","two_math:CHAMP:P_Sequence_42:deepseek:r2:self_check:http1","ok","0bb5937adba3c06fe2ee356f756d879b79adfce23c1ab7c02c2614ae845b8a69"
"two_math:CHAMP:P_Sequence_20:deepseek:r1:A0_AI","original",NA,"none","two_math:CHAMP:P_Sequence_20:deepseek:r1:A0_AI:http1","ok","5573dd4daf9b606e0451525f45a71630d0fdce1c0dab4a1cea0ba9480a2bb44d"
"two_math:CHAMP:P_Polynomial_17:minimax:r2:self_check","original",NA,"none","two_math:CHAMP:P_Polynomial_17:minimax:r2:self_check:http1","ok","68665c1888c3eeb69bc4be1f5a965d109409aba06a10fe656b8be7742c3ac2f9"
"two_math:CHAMP:P_Combinatorics_18:minimax:r1:self_check","technical_recovery_appendix",1,"exact_original_payload_retry","two_math:CHAMP:P_Combinatorics_18:minimax:r1:self_check:recovery1:http1","ok","a43d3acd1b744bc0b23569bf54f6922e1c09799c9d9fbb2db8b239d02430228e"
"two_math:CHAMP:P_Polynomial_40:deepseek:r1:A0_AI","original",NA,"none","two_math:CHAMP:P_Polynomial_40:deepseek:r1:A0_AI:http1","ok","0d42453629c94686d2571a873c9034c167ec602568d5015c42eddb460e326cb2"
"two_math:CHAMP:P_Number-Theory_13:deepseek:r1:self_check","original",NA,"none","two_math:CHAMP:P_Number-Theory_13:deepseek:r1:self_check:http1","ok","694c79683a9fcbe4cf473162bfec215e3295673a031cd90aa5e09f28b97f40d0"
"two_math:CHAMP:P_Polynomial_11:deepseek:r2:A0_AI","original",NA,"none","two_math:CHAMP:P_Polynomial_11:deepseek:r2:A0_AI:http1","ok","1fe70d1a8bb9784cd353bf23cd1ab60aa47261f9a3310da9af20ec2b2a40b1c6"
"two_math:CHAMP:P_Inequality_24:deepseek:r2:self_check","original",NA,"none","two_math:CHAMP:P_Inequality_24:deepseek:r2:self_check:http1","ok","26d4d7bbee35763f8fa86de638ba454a799be17caa2a4ea2b7461bbe7c0254a3"
"two_math:CHAMP:P_Number-Theory_24:minimax:r2:self_check","original",NA,"none","two_math:CHAMP:P_Number-Theory_24:minimax:r2:self_check:http1","ok","7abcee4f0c131921ed652000224af11ea3eae6eb1155a741e4958c94d077c488"
"two_math:CHAMP:P_Sequence_42:minimax:r2:A0_AI","original",NA,"none","two_math:CHAMP:P_Sequence_42:minimax:r2:A0_AI:http1","ok","a8035f42b78c60f2341925d4d07cc9eb283c3518ad84f39659c42997000ffa18"
"two_math:CHAMP:P_Combinatorics_7:minimax:r2:A0_AI","technical_recovery_appendix",1,"exact_original_payload_retry","two_math:CHAMP:P_Combinatorics_7:minimax:r2:A0_AI:recovery1:http1","ok","36261a0deef14560b571faf8f2ed30c6a29e80ae8402fbfe39fa0abf1ab171e8"
"two_math:CHAMP:P_Combinatorics_30:deepseek:r2:A0_AI","original",NA,"none","two_math:CHAMP:P_Combinatorics_30:deepseek:r2:A0_AI:http1","ok","d5afef28edded978763f7e68bfd682be0a60e07aaadfaad82a5f3b0b42a31ad3"
"two_math:CHAMP:P_Polynomial_50:deepseek:r2:self_check","original",NA,"none","two_math:CHAMP:P_Polynomial_50:deepseek:r2:self_check:http1","ok","251c89be3a90d51f6e05e634f9516ea2d12d7aae7065dce135644a0f3c0b0933"
"two_math:CHAMP:P_Polynomial_32:deepseek:r1:self_check","original",NA,"none","two_math:CHAMP:P_Polynomial_32:deepseek:r1:self_check:http1","ok","42d1803f1af8070155e0b12b95d67f9ffefe0249cdaddbf7dc73e0a59afa6bba"
"two_math:CHAMP:P_Polynomial_50:deepseek:r1:A0_AI","original",NA,"none","two_math:CHAMP:P_Polynomial_50:deepseek:r1:A0_AI:http1","ok","6b19aee896c7060cbf8301e0331b8755f69b4c0d2196909c2eeda203fc9f536a"
"two_math:CHAMP:P_Polynomial_17:minimax:r1:A0_AI","original",NA,"none","two_math:CHAMP:P_Polynomial_17:minimax:r1:A0_AI:http1","ok","6a8b5b39b50683ba40c98d46fcff92dea8e2ec601a5e18163c36ff6d273eea0b"
"two_math:CHAMP:P_Number-Theory_24:deepseek:r1:A0_AI","original",NA,"none","two_math:CHAMP:P_Number-Theory_24:deepseek:r1:A0_AI:http1","ok","76e60c2c26e9d99dbfc87157db5a59b2ef0d72b3b1171d0f4ff28adf493cf9d2"
"two_math:CHAMP:P_Inequality_13:deepseek:r2:A0_AI","original",NA,"none","two_math:CHAMP:P_Inequality_13:deepseek:r2:A0_AI:http1","ok","6c60aa0dc9bbc14685a5a0bf3e597ef6b79b75d01cc19f829244d99bb236016c"
"two_math:CHAMP:P_Number-Theory_27:minimax:r2:self_check","technical_recovery_appendix",1,"exact_original_payload_retry","two_math:CHAMP:P_Number-Theory_27:minimax:r2:self_check:recovery1:http1","ok","06dfd4e270fcd7753428d936fc431ae65d8ff09f7e05e0c0d56153c5c793e50d"
"two_math:CHAMP:P_Inequality_49:minimax:r2:A0_AI","technical_recovery_appendix",1,"exact_original_payload_retry","two_math:CHAMP:P_Inequality_49:minimax:r2:A0_AI:recovery1:http1","ok","cfdb2a718b26082ad12ca06cfd50244475315055a15d2b525b4a6d4697291e46"
"two_math:CHAMP:P_Combinatorics_31:deepseek:r1:A0_AI","original",NA,"none","two_math:CHAMP:P_Combinatorics_31:deepseek:r1:A0_AI:http1","ok","399c167173f6bb1243049b1bf23bc0d9a197a006da61c40edf989461cbea8354"
"two_math:CHAMP:P_Number-Theory_12:minimax:r2:A0_AI","original",NA,"none","two_math:CHAMP:P_Number-Theory_12:minimax:r2:A0_AI:http1","ok","89d1bd7542c47f6f93893cf2429917bbbc0f669a3f67edf60da1f99f5e48ce78"
"two_math:CHAMP:P_Combinatorics_21:minimax:r2:A0_AI","original",NA,"none","two_math:CHAMP:P_Combinatorics_21:minimax:r2:A0_AI:http1","ok","7c23069356701773fbf5e51809575e753c2a6a8c40f9aa4805c0aaf45cd6de3c"
"two_math:CHAMP:P_Combinatorics_21:minimax:r1:self_check","technical_recovery_appendix",1,"exact_original_payload_retry","two_math:CHAMP:P_Combinatorics_21:minimax:r1:self_check:recovery1:http1","ok","031c4c231d226504187ac5d3f4bfc625e270b168ad1cc5579c4d3abdf3bcbdcf"
"two_math:CHAMP:P_Sequence_20:minimax:r1:A0_AI","original",NA,"none","two_math:CHAMP:P_Sequence_20:minimax:r1:A0_AI:http1","ok","1e0c5ce4fdf3dcfb75aa8ae2a9045dc535c260ad1e1b11368121e0168b8b8b6e"
"two_math:CHAMP:P_Inequality_13:deepseek:r1:A0_AI","original",NA,"none","two_math:CHAMP:P_Inequality_13:deepseek:r1:A0_AI:http1","ok","37f21f0bdc8719e2a2db33091ea2cd9112e3f8b059ae2f916d0ea98e610e894b"
"two_math:CHAMP:P_Number-Theory_42:minimax:r2:A0_AI","original",NA,"none","two_math:CHAMP:P_Number-Theory_42:minimax:r2:A0_AI:http1","ok","f2767be30125d67203892c96b42942f5a8955d5a3722f613714b9794f98b0a10"
"two_math:CHAMP:P_Combinatorics_38:minimax:r2:A0_AI","original",NA,"none","two_math:CHAMP:P_Combinatorics_38:minimax:r2:A0_AI:http1","ok","75edb9d7ccc8b0f9816d9af85fbf08b51a9a3f0498373016afc0a16918dee311"
"two_math:CHAMP:P_Sequence_21:minimax:r2:self_check","original",NA,"none","two_math:CHAMP:P_Sequence_21:minimax:r2:self_check:http1","ok","2bc6431f2efbc864a45f0c1aa37c2acba77b3705fe90f1f4e43cf138fe09525d"
"two_math:CHAMP:P_Combinatorics_30:minimax:r1:A0_AI","original",NA,"none","two_math:CHAMP:P_Combinatorics_30:minimax:r1:A0_AI:http1","ok","1a554c9c33d516a40cf5e3f675101338b1288a8d9784a22b70ae3367305cd7fe"
"two_math:CHAMP:P_Sequence_20:deepseek:r2:self_check","original",NA,"none","two_math:CHAMP:P_Sequence_20:deepseek:r2:self_check:http1","ok","7fad6d8509d7f01f7589e001f210112bd74d84a6ff9cc554b170beb2c79148f6"
"two_math:CHAMP:P_Sequence_11:deepseek:r2:self_check","original",NA,"none","two_math:CHAMP:P_Sequence_11:deepseek:r2:self_check:http1","ok","74a1750805cb93159ebbe77539ea21855762f1f5cca2bbc95cc3adda80ec71a4"
"two_math:CHAMP:P_Inequality_4:minimax:r1:self_check","original",NA,"none","two_math:CHAMP:P_Inequality_4:minimax:r1:self_check:http1","ok","001cec6e8f6770371040c71680a192a448bcae13d85236db9947cb27ea9a6a10"
"two_math:CHAMP:P_Inequality_15:minimax:r1:A0_AI","original",NA,"none","two_math:CHAMP:P_Inequality_15:minimax:r1:A0_AI:http1","ok","efb1567adebd8aa1ac6c81c003ba0fea82d25443b3894385a87d1d019ed493bb"
"two_math:CHAMP:P_Number-Theory_12:deepseek:r2:A0_AI","original",NA,"none","two_math:CHAMP:P_Number-Theory_12:deepseek:r2:A0_AI:http1","ok","5c72093398056b13f110797be6843a6876fdfd6123966db2dfe4a9877130b0db"
"two_math:CHAMP:P_Polynomial_1:minimax:r2:A0_AI","original",NA,"none","two_math:CHAMP:P_Polynomial_1:minimax:r2:A0_AI:http1","ok","6db9a087d8aa1bb9207c6cfd5731a8b75cae86222ca52c8b08034298f683b93a"
"two_math:CHAMP:P_Number-Theory_32:minimax:r2:A0_AI","original",NA,"none","two_math:CHAMP:P_Number-Theory_32:minimax:r2:A0_AI:http1","ok","807f92a2d7debf6c1662efdce56a5247e1004cac8702593d93ee07b6d46c0715"
"two_math:CHAMP:P_Number-Theory_32:minimax:r2:self_check","original",NA,"none","two_math:CHAMP:P_Number-Theory_32:minimax:r2:self_check:http1","ok","0d3f4693a2303e88db732c05644739b055579f127f8802513973124a9c795458"
"two_math:CHAMP:P_Combinatorics_31:minimax:r2:self_check","original",NA,"none","two_math:CHAMP:P_Combinatorics_31:minimax:r2:self_check:http1","ok","22b4c870badf1abc6848859c62294e77397b581c021df76fb2678d5b12d1d38c"
"two_math:CHAMP:P_Polynomial_23:deepseek:r2:A0_AI","original",NA,"none","two_math:CHAMP:P_Polynomial_23:deepseek:r2:A0_AI:http1","ok","540e9ceb0b7758d67569705e99cfcaaf25ea03b1b3d15cb0ec41b4aadce53df1"
"two_math:CHAMP:P_Inequality_15:deepseek:r1:self_check","original",NA,"none","two_math:CHAMP:P_Inequality_15:deepseek:r1:self_check:http1","ok","6ccf6e2da8338cf1dc35a8d5fa3057a76e6e3ee276552685be7c98722536c3e9"
"two_math:CHAMP:P_Polynomial_32:minimax:r2:self_check","original",NA,"none","two_math:CHAMP:P_Polynomial_32:minimax:r2:self_check:http1","ok","ba2a437e42253e6ed382c26c79d45f3fbce3c1a32d4ad4551f7807a2c63cbda7"
"two_math:CHAMP:P_Sequence_28:minimax:r2:self_check","original",NA,"none","two_math:CHAMP:P_Sequence_28:minimax:r2:self_check:http1","ok","d690e13872db2da6423c62690ec20f19d28dcb12c1f5e5c399bfe9a38a063ba8"
"two_math:CHAMP:P_Number-Theory_67:deepseek:r2:A0_AI","original",NA,"none","two_math:CHAMP:P_Number-Theory_67:deepseek:r2:A0_AI:http1","ok","a57c8ed4323ff36d82894aa1920ed90c184490134eff49ee5f37b29b4d728fa7"
"two_math:CHAMP:P_Number-Theory_24:minimax:r1:self_check","original",NA,"none","two_math:CHAMP:P_Number-Theory_24:minimax:r1:self_check:http1","ok","cfdc2f38c30e881bdf91368ff40b7bb855bfecd3b08e9fdd91e560832539cc3f"
"two_math:CHAMP:P_Combinatorics_7:minimax:r2:self_check","original",NA,"none","two_math:CHAMP:P_Combinatorics_7:minimax:r2:self_check:http1","ok","92bc5ec5dd5cf79fb41b049dfe96f5641d0daf1e5effa156d3ed51f0c7c47d2c"
"two_math:CHAMP:P_Combinatorics_30:minimax:r2:self_check","original",NA,"none","two_math:CHAMP:P_Combinatorics_30:minimax:r2:self_check:http1","ok","f74841b6e686b26a6f8a9f57f303a408112c418ad476f5b500cffe3f78efe2d4"
"two_math:CHAMP:P_Combinatorics_31:minimax:r1:A0_AI","original",NA,"none","two_math:CHAMP:P_Combinatorics_31:minimax:r1:A0_AI:http1","ok","443485ea7127c19b65d2e112b3f2b2d8174da7af67cfc40e677a7e541b54f2f5"
"two_math:CHAMP:P_Inequality_49:deepseek:r1:A0_AI","original",NA,"none","two_math:CHAMP:P_Inequality_49:deepseek:r1:A0_AI:http1","ok","3e82a9cdb17c3fc8bd7b9cf676c30562017b999081e886d931e5380c0cc57f9d"
"two_math:CHAMP:P_Sequence_11:minimax:r2:A0_AI","original",NA,"none","two_math:CHAMP:P_Sequence_11:minimax:r2:A0_AI:http1","ok","09549f6f66837c86d1a3b23f84f73cd91322147d023c09f7c59f31148c801809"
"two_math:CHAMP:P_Sequence_42:minimax:r1:self_check","original",NA,"none","two_math:CHAMP:P_Sequence_42:minimax:r1:self_check:http1","ok","30047b96956d3f56dc15a66a0e19d655a9bd863da2e321cf37d8eedc13290ff5"
"two_math:CHAMP:P_Number-Theory_27:minimax:r1:A0_AI","original",NA,"none","two_math:CHAMP:P_Number-Theory_27:minimax:r1:A0_AI:http1","ok","a4f85e043ea140107c3708a42de6c435d51a0aadb94ce43f4fae88914112cb23"
"two_math:CHAMP:P_Combinatorics_31:minimax:r1:self_check","original",NA,"none","two_math:CHAMP:P_Combinatorics_31:minimax:r1:self_check:http1","ok","6e137c419f5d56d4b3fccfe1f3c9e77092f2967a0280c22f0fe0947cb0c839de"
"two_math:CHAMP:P_Polynomial_11:minimax:r2:A0_AI","original",NA,"none","two_math:CHAMP:P_Polynomial_11:minimax:r2:A0_AI:http1","ok","45a94689272a20e7015f04667700e3c56a158b87d7266e59798516f70c100637"
"two_math:CHAMP:P_Polynomial_32:minimax:r1:self_check","original",NA,"none","two_math:CHAMP:P_Polynomial_32:minimax:r1:self_check:http1","ok","86709fb4d410a0a58b265c975b41c1d57594e710b19532df3181a94271d101f6"
"two_math:CHAMP:P_Combinatorics_21:minimax:r1:A0_AI","technical_recovery_appendix",1,"exact_original_payload_retry","two_math:CHAMP:P_Combinatorics_21:minimax:r1:A0_AI:recovery1:http1","ok","5015b5d4610e300ba3c40fd8e2f218763b2f52c9e672be7eb73660933fbc1795"
"two_math:CHAMP:P_Polynomial_11:deepseek:r1:self_check","original",NA,"none","two_math:CHAMP:P_Polynomial_11:deepseek:r1:self_check:http1","ok","20580c64602bed4dd0c9f37f41eaa8a575de7a547dd1989546a3171482d0c84a"
"two_math:CHAMP:P_Combinatorics_40:deepseek:r2:self_check","original",NA,"none","two_math:CHAMP:P_Combinatorics_40:deepseek:r2:self_check:http1","ok","8d8e58c8716620d8a049538166c9af99122781639fdae0d54c9574cfa74e5f00"
"two_math:CHAMP:P_Inequality_8:minimax:r1:self_check","original",NA,"none","two_math:CHAMP:P_Inequality_8:minimax:r1:self_check:http1","ok","1b331a9b7c6a75610ca4ff0a84e5d7b7328320aab4ccd05d8dc36546ffdaee43"
"two_math:CHAMP:P_Polynomial_24:minimax:r1:self_check","technical_recovery_appendix",1,"exact_original_payload_retry","two_math:CHAMP:P_Polynomial_24:minimax:r1:self_check:recovery1:http1","ok","c60db5b90dc7a3b365d696ad023e4ad98559bfa587f6ece5e3e763836ede19c0"
"two_math:CHAMP:P_Polynomial_11:minimax:r1:self_check","technical_recovery_appendix",1,"exact_original_payload_retry","two_math:CHAMP:P_Polynomial_11:minimax:r1:self_check:recovery1:http1","ok","699baa515c9820ea455af3f70b7d8b34b8e7bdc4be270fd0f99a9d73efe37775"
"two_math:CHAMP:P_Number-Theory_24:deepseek:r2:A0_AI","original",NA,"none","two_math:CHAMP:P_Number-Theory_24:deepseek:r2:A0_AI:http1","ok","cbfc14bbd9f92e1e229928f37a07f700ccc678bd76d411051d8446b959b57770"
"two_math:CHAMP:P_Number-Theory_32:minimax:r1:A0_AI","technical_recovery_appendix",1,"exact_original_payload_retry","two_math:CHAMP:P_Number-Theory_32:minimax:r1:A0_AI:recovery1:http1","ok","3fe493d25a8e371c97cc68258888ac64f910fe1b252d3dc57033b2f4d223590d"
"two_math:CHAMP:P_Polynomial_40:deepseek:r1:self_check","original",NA,"none","two_math:CHAMP:P_Polynomial_40:deepseek:r1:self_check:http1","ok","242d280c525d98470a6ef27b3d06ec67ffa058cbc9f67c672c5ce48a07d6bbd9"
"two_math:CHAMP:P_Polynomial_23:deepseek:r1:self_check","original",NA,"none","two_math:CHAMP:P_Polynomial_23:deepseek:r1:self_check:http1","ok","e01352a72e3831801a5aa8651395f12a933bb7fae8ebc8cb4f7b3f6a91848f2a"
"two_math:CHAMP:P_Combinatorics_5:deepseek:r1:A0_AI","original",NA,"none","two_math:CHAMP:P_Combinatorics_5:deepseek:r1:A0_AI:http1","ok","6413697c22b2e66dccff5d09b479090a5b4e766ec29c2e2dd1208a9d4b1140bf"
"two_math:CHAMP:P_Polynomial_1:deepseek:r1:A0_AI","original",NA,"none","two_math:CHAMP:P_Polynomial_1:deepseek:r1:A0_AI:http1","ok","34d340efdc131efa68e8c51ca67e082b8c06a828c0a4f65a564c993640e0acc2"
"two_math:CHAMP:P_Number-Theory_17:deepseek:r1:A0_AI","original",NA,"none","two_math:CHAMP:P_Number-Theory_17:deepseek:r1:A0_AI:http1","ok","7c622a5a31f8a5cdb499877608e643dd2192ef3be6ffeb035443d49599402e7a"
"two_math:CHAMP:P_Number-Theory_13:minimax:r2:A0_AI","technical_recovery_appendix",1,"exact_original_payload_retry","two_math:CHAMP:P_Number-Theory_13:minimax:r2:A0_AI:recovery1:http1","ok","2ee767037f51656d2a75440b35b35cfd2b7490cdfd01864f2599e035ddb83227"
"two_math:CHAMP:P_Combinatorics_18:deepseek:r1:A0_AI","original",NA,"none","two_math:CHAMP:P_Combinatorics_18:deepseek:r1:A0_AI:http1","ok","295fad427b71ffc58f45487e9aa0c275bd127ba7e661ac5add4f2c20fafc9f20"
"two_math:CHAMP:P_Inequality_24:deepseek:r2:A0_AI","original",NA,"none","two_math:CHAMP:P_Inequality_24:deepseek:r2:A0_AI:http1","ok","4e0f2da2e787eb2d0e14cf6fc122f91689a9977bee1e4bf9a43e92ff01402ef6"
"two_math:CHAMP:P_Polynomial_11:deepseek:r2:self_check","technical_recovery_appendix",1,"exact_original_payload_retry","two_math:CHAMP:P_Polynomial_11:deepseek:r2:self_check:recovery1:http1","ok","e4ade5d91c45125a98f00bb034a58b1bfcacc76e24f52baa248e02daf1a73016"
"two_math:CHAMP:P_Number-Theory_13:minimax:r1:A0_AI","technical_recovery_appendix",1,"exact_original_payload_retry","two_math:CHAMP:P_Number-Theory_13:minimax:r1:A0_AI:recovery1:http1","ok","b02c5905d8fa7d84bd93d3d02f64e4c6cfbb88ac5e9958a7e4aafd1fc4807bc7"
"two_math:CHAMP:P_Combinatorics_5:minimax:r1:A0_AI","technical_recovery_appendix",1,"exact_original_payload_retry","two_math:CHAMP:P_Combinatorics_5:minimax:r1:A0_AI:recovery1:http1","ok","428aca45f60e94e419b4e3cb7a90ce21e30ed671b6d93dcdf3ec246f11f0b0d9"
"two_math:CHAMP:P_Number-Theory_32:deepseek:r1:self_check","original",NA,"none","two_math:CHAMP:P_Number-Theory_32:deepseek:r1:self_check:http1","ok","386396cd179b380ddda0b6476216790d0f88d88436d5d3649cf761d9720a4062"
"two_math:CHAMP:P_Combinatorics_5:minimax:r2:A0_AI","technical_recovery_appendix",1,"exact_original_payload_retry","two_math:CHAMP:P_Combinatorics_5:minimax:r2:A0_AI:recovery1:http1","ok","574a76e75291f04357e46904e3c0b4a55f29d36663f18b9619ad6b3adb05c39e"
"two_math:CHAMP:P_Inequality_26:deepseek:r1:A0_AI","original",NA,"none","two_math:CHAMP:P_Inequality_26:deepseek:r1:A0_AI:http1","ok","f262677b7323e02f38dafae1c375eb68468c2ffbd92b44623aa72df7d93ab54e"
"two_math:CHAMP:P_Sequence_11:minimax:r2:self_check","technical_recovery_appendix",1,"exact_original_payload_retry","two_math:CHAMP:P_Sequence_11:minimax:r2:self_check:recovery1:http1","ok","d0ef17260eb04c3add602246bcecfd75ccffd66558476a761b20c04e1ac1360d"
"two_math:CHAMP:P_Inequality_15:deepseek:r2:self_check","original",NA,"none","two_math:CHAMP:P_Inequality_15:deepseek:r2:self_check:http1","ok","2c5b9b71d8cf930c900fa12f7c9ef3633ebda8fe81ade182a6cc75b999d60cc4"
"two_math:CHAMP:P_Number-Theory_42:minimax:r2:self_check","technical_recovery_appendix",1,"exact_original_payload_retry","two_math:CHAMP:P_Number-Theory_42:minimax:r2:self_check:recovery1:http1","ok","c2625544232295e9101e5a397008cbd95a0b9d0ab1ce0b53bfe1c108f2ca3b57"
"two_math:CHAMP:P_Polynomial_40:minimax:r1:A0_AI","original",NA,"none","two_math:CHAMP:P_Polynomial_40:minimax:r1:A0_AI:http1","ok","d3f3128fe04876e497df7e3d942cbc64db1182d6b949a4e3cd13a5f3e570d7b8"
"two_math:CHAMP:P_Number-Theory_27:deepseek:r2:self_check","original",NA,"none","two_math:CHAMP:P_Number-Theory_27:deepseek:r2:self_check:http1","ok","3f5087df16e75f24c3731eca4027e1e6b38e48283daf3bda411f6628fb2b2282"
"two_math:CHAMP:P_Polynomial_47:deepseek:r1:A0_AI","original",NA,"none","two_math:CHAMP:P_Polynomial_47:deepseek:r1:A0_AI:http1","ok","04535c37b3ca2827f6e62ed5bc917eda45898f703fdf327f41008d74654167ef"
"two_math:CHAMP:P_Number-Theory_17:deepseek:r1:self_check","original",NA,"none","two_math:CHAMP:P_Number-Theory_17:deepseek:r1:self_check:http1","ok","746f9ea3d120a88d111aecccb99d7c3dec48d4dad13c7cdd1c34e7b77e2bdbc0"
"two_math:CHAMP:P_Inequality_4:minimax:r1:A0_AI","original",NA,"none","two_math:CHAMP:P_Inequality_4:minimax:r1:A0_AI:http1","ok","d38f4e5302ed5357eb8bed6b480e689924a2d8d4c3ce62f4767258b1bb858305"
"two_math:CHAMP:P_Inequality_26:minimax:r1:A0_AI","technical_recovery_appendix",1,"exact_original_payload_retry","two_math:CHAMP:P_Inequality_26:minimax:r1:A0_AI:recovery1:http1","ok","76b5f70c5606c3306c3d3947f3daf159a20d1301f9d0e92390e6824ef3eaf772"
"two_math:CHAMP:P_Inequality_4:deepseek:r2:self_check","original",NA,"none","two_math:CHAMP:P_Inequality_4:deepseek:r2:self_check:http1","ok","dadcce9c910dc0a5e6a062ea7e9e0bdb6922681f5f03f9bbf991914e5fb41f3d"
"two_math:CHAMP:P_Polynomial_24:deepseek:r2:A0_AI","original",NA,"none","two_math:CHAMP:P_Polynomial_24:deepseek:r2:A0_AI:http1","ok","b760f4f6d93a080e3ecf4f51b4a994fb90718b131a26a8280a7d45398c44c167"
"two_math:CHAMP:P_Inequality_24:minimax:r1:self_check","original",NA,"none","two_math:CHAMP:P_Inequality_24:minimax:r1:self_check:http1","ok","57f8a9a3b55f04c694540a8f5b2eb58fc323e8f871a0ce1570a7a03ed06553e2"
"two_math:CHAMP:P_Polynomial_50:minimax:r1:self_check","technical_recovery_appendix",2,"exact_original_payload_retry","two_math:CHAMP:P_Polynomial_50:minimax:r1:self_check:recovery2:http1","ok","9ef66f2d9946f014316015f70f67a1bf2bb3b332b11eb96d695a232d7426d71d"
"two_math:CHAMP:P_Sequence_42:minimax:r2:self_check","technical_recovery_appendix",1,"exact_original_payload_retry","two_math:CHAMP:P_Sequence_42:minimax:r2:self_check:recovery1:http1","ok","c54e86949df66b1cbaa6475c811db0eb57774672c78a03a111e8731d3404a545"
"two_math:CHAMP:P_Number-Theory_27:deepseek:r1:A0_AI","original",NA,"none","two_math:CHAMP:P_Number-Theory_27:deepseek:r1:A0_AI:http1","ok","3ba8a7bb37372fc39052ebf30feab71962ece24493b0a64f55f2f12dcaf876c5"
"two_math:CHAMP:P_Number-Theory_27:minimax:r2:A0_AI","technical_recovery_appendix",1,"exact_original_payload_retry","two_math:CHAMP:P_Number-Theory_27:minimax:r2:A0_AI:recovery1:http1","ok","046e019c7c4eb3c8a80ab650312578c8df66432f2a8407eba1745316b87c026d"
"two_math:CHAMP:P_Polynomial_40:minimax:r2:A0_AI","technical_recovery_appendix",1,"exact_original_payload_retry","two_math:CHAMP:P_Polynomial_40:minimax:r2:A0_AI:recovery1:http1","ok","e676ad9320fbc723830b222e2264ba1c931dfa1ddd329bd7312dd32855485a8c"
"two_math:CHAMP:P_Polynomial_32:deepseek:r2:self_check","original",NA,"none","two_math:CHAMP:P_Polynomial_32:deepseek:r2:self_check:http1","ok","ada220cfc48dbb5fab11c6853e020d316c7dbf489fab9fef718eb352fcf19c7f"
"two_math:CHAMP:P_Inequality_13:minimax:r2:misconception_initial","technical_recovery_appendix",1,"exact_original_payload_retry","two_math:CHAMP:P_Inequality_13:minimax:r2:misconception_initial:recovery1:http1","ok","9c9a9a0c59815eba2538b82edb7219b6e54e247b7545b845b7a85fcc06ca938a"
"two_math:CHAMP:P_Inequality_24:minimax:r2:misconception_initial","technical_recovery_appendix",1,"exact_original_payload_retry","two_math:CHAMP:P_Inequality_24:minimax:r2:misconception_initial:recovery1:http1","ok","ac1d972f928f2b7e408178d50d4c0297033fbffc30a67d5c48422d658a489050"
"two_math:CHAMP:P_Sequence_42:deepseek:r2:misconception_initial","technical_recovery_appendix",1,"exact_original_payload_retry","two_math:CHAMP:P_Sequence_42:deepseek:r2:misconception_initial:recovery1:http1","ok","96b8bf47b231812a295d3b45773d9f0110aafbd6f7e1d1a3f33ef0fe33740501"
"two_math:CHAMP:P_Polynomial_40:deepseek:r1:misconception_initial","technical_recovery_appendix",1,"exact_original_payload_retry","two_math:CHAMP:P_Polynomial_40:deepseek:r1:misconception_initial:recovery1:http1","ok","517b7295ed83f0f5ed62b5b67341ae5e9e60b483ca582ca68f833162e5554588"
"two_math:CHAMP:P_Polynomial_47:deepseek:r1:misconception_initial","original",NA,"none","two_math:CHAMP:P_Polynomial_47:deepseek:r1:misconception_initial:http1","ok","edf3e253303d8d1dc078c6582dff37172abc28be61019009916ea85333966f3e"
"two_math:CHAMP:P_Inequality_15:deepseek:r1:misconception_initial","original",NA,"none","two_math:CHAMP:P_Inequality_15:deepseek:r1:misconception_initial:http1","ok","d38c51787ce06697aace5bfabed032b0348d1bac5f98d81f4feb8348efe504e4"
"two_math:CHAMP:P_Polynomial_47:minimax:r1:misconception_initial","original",NA,"none","two_math:CHAMP:P_Polynomial_47:minimax:r1:misconception_initial:http1","ok","3be3455b124d65794cf5f0636622e17a3a4c7a1f3135bf6162636503d41f9add"
"two_math:CHAMP:P_Polynomial_23:deepseek:r1:misconception_initial","original",NA,"none","two_math:CHAMP:P_Polynomial_23:deepseek:r1:misconception_initial:http1","ok","8341e8d129abff0c67d159ae659a8bdd62149367e95c97d257d2c016a8b4ece6"
"two_math:CHAMP:P_Sequence_42:minimax:r2:misconception_initial","technical_recovery_appendix",1,"exact_original_payload_retry","two_math:CHAMP:P_Sequence_42:minimax:r2:misconception_initial:recovery1:http1","ok","e2d40355a58fafcfca797763964d7d039dee69cadc4079eb9ccc72568e50f5bc"
"two_math:CHAMP:P_Number-Theory_24:minimax:r2:misconception_initial","technical_recovery_appendix",1,"exact_original_payload_retry","two_math:CHAMP:P_Number-Theory_24:minimax:r2:misconception_initial:recovery1:http1","ok","52e3fdf1912b1df0896ed59d57ef4b880435e7bc386993448825c7974b36158d"
"two_math:CHAMP:P_Polynomial_40:minimax:r1:misconception_initial","technical_recovery_appendix",2,"exact_original_payload_retry","two_math:CHAMP:P_Polynomial_40:minimax:r1:misconception_initial:recovery2:http1","ok","c947b8390519c881880cccc7dccb1d56ca10af8fafe5fb0f5fa87e6814d30dac"
"two_math:CHAMP:P_Sequence_28:deepseek:r1:misconception_initial","technical_recovery_appendix",1,"exact_original_payload_retry","two_math:CHAMP:P_Sequence_28:deepseek:r1:misconception_initial:recovery1:http1","ok","ce24c0d576106fb08b24cfb23b1b64a7ef7aaf73733fabf35a1fe16b9a5b6c17"
"two_math:CHAMP:P_Number-Theory_24:deepseek:r2:misconception_initial","original",NA,"none","two_math:CHAMP:P_Number-Theory_24:deepseek:r2:misconception_initial:http1","ok","7a9265df2d1d382e10fe548d816962811ba7731c07617b3f84244af28819ae72"
"two_math:CHAMP:P_Inequality_13:deepseek:r1:misconception_initial","original",NA,"none","two_math:CHAMP:P_Inequality_13:deepseek:r1:misconception_initial:http1","ok","b41ff14a871a6d37638798300d9826a9fe574a0a7fd5f05ef2f86d15dd49b0f2"
"two_math:CHAMP:P_Number-Theory_27:minimax:r2:misconception_initial","technical_recovery_appendix",1,"exact_original_payload_retry","two_math:CHAMP:P_Number-Theory_27:minimax:r2:misconception_initial:recovery1:http1","ok","b8de03588586754ed87bf1461f6d9ab1638722dc0ba1f4b88e9691b8daa01ffb"
"two_math:CHAMP:P_Inequality_24:minimax:r1:misconception_initial","technical_recovery_appendix",1,"exact_original_payload_retry","two_math:CHAMP:P_Inequality_24:minimax:r1:misconception_initial:recovery1:http1","ok","ac1d972f928f2b7e408178d50d4c0297033fbffc30a67d5c48422d658a489050"
"two_math:CHAMP:P_Sequence_28:minimax:r1:misconception_initial","technical_recovery_appendix",2,"token_limit_6144_secondary","two_math:CHAMP:P_Sequence_28:minimax:r1:misconception_initial:recovery2:http1","ok","e7600ab0f7693e2dd58bb6c8edb42e10a8c076fbb9a81767c22d6e5327a8e055"
"two_math:CHAMP:P_Number-Theory_27:minimax:r1:misconception_initial","technical_recovery_appendix",2,"exact_original_payload_retry","two_math:CHAMP:P_Number-Theory_27:minimax:r1:misconception_initial:recovery2:http1","ok","b8de03588586754ed87bf1461f6d9ab1638722dc0ba1f4b88e9691b8daa01ffb"
"two_math:CHAMP:P_Number-Theory_67:minimax:r2:misconception_initial","technical_recovery_appendix",2,"exact_original_payload_retry","two_math:CHAMP:P_Number-Theory_67:minimax:r2:misconception_initial:recovery2:http1","ok","1dcb1501c100c697884354c4490ccb15d083ae7144e2eb95e7f709ff2acb8efc"
"two_math:CHAMP:P_Number-Theory_24:deepseek:r1:misconception_initial","original",NA,"none","two_math:CHAMP:P_Number-Theory_24:deepseek:r1:misconception_initial:http1","ok","7a9265df2d1d382e10fe548d816962811ba7731c07617b3f84244af28819ae72"
"two_math:CHAMP:P_Number-Theory_27:deepseek:r1:misconception_initial","original",NA,"none","two_math:CHAMP:P_Number-Theory_27:deepseek:r1:misconception_initial:http1","ok","839c0e912bd0aa5c8f3a0d82af93b65bbe43a0225c74b21ff0783abd38821a16"
"two_math:CHAMP:P_Sequence_28:deepseek:r2:misconception_initial","original",NA,"none","two_math:CHAMP:P_Sequence_28:deepseek:r2:misconception_initial:http1","ok","ce24c0d576106fb08b24cfb23b1b64a7ef7aaf73733fabf35a1fe16b9a5b6c17"
"two_math:CHAMP:P_Combinatorics_5:minimax:r2:misconception_initial","original",NA,"none","two_math:CHAMP:P_Combinatorics_5:minimax:r2:misconception_initial:http1","ok","f56e57c6128b210d64f40bd2efc56039cd28534f532abe5335b23b6ce45e6204"
"two_math:CHAMP:P_Inequality_15:minimax:r1:misconception_initial","original",NA,"none","two_math:CHAMP:P_Inequality_15:minimax:r1:misconception_initial:http1","ok","242c10da8a2f2d75faf1079d359d79ff10ad2b86be0724e5d9195e5d0d680f58"
"two_math:CHAMP:P_Number-Theory_67:minimax:r1:misconception_initial","original",NA,"none","two_math:CHAMP:P_Number-Theory_67:minimax:r1:misconception_initial:http1","ok","1dcb1501c100c697884354c4490ccb15d083ae7144e2eb95e7f709ff2acb8efc"
"two_math:CHAMP:P_Combinatorics_5:deepseek:r1:misconception_initial","original",NA,"none","two_math:CHAMP:P_Combinatorics_5:deepseek:r1:misconception_initial:http1","ok","173b64f9185521ecbfaf1c286e53b35258080b4808896347093cfb727b3dfd95"
"two_math:CHAMP:P_Combinatorics_18:minimax:r2:misconception_initial","original",NA,"none","two_math:CHAMP:P_Combinatorics_18:minimax:r2:misconception_initial:http1","ok","97f7aefef5f4cdc440ea72fcae3c12d2ebc465768b15c7c499b70eaa5476038a"
"two_math:CHAMP:P_Number-Theory_67:deepseek:r1:misconception_initial","original",NA,"none","two_math:CHAMP:P_Number-Theory_67:deepseek:r1:misconception_initial:http1","ok","41cce4e6b9eb9decfea5ddaf6a9bb7b10d98eaa6beac33ae638eb1721d1ac5f4"
"two_math:CHAMP:P_Inequality_13:deepseek:r2:misconception_initial","original",NA,"none","two_math:CHAMP:P_Inequality_13:deepseek:r2:misconception_initial:http1","ok","b41ff14a871a6d37638798300d9826a9fe574a0a7fd5f05ef2f86d15dd49b0f2"
"two_math:CHAMP:P_Sequence_20:deepseek:r2:misconception_initial","original",NA,"none","two_math:CHAMP:P_Sequence_20:deepseek:r2:misconception_initial:http1","ok","6e214a36f742d48fb1a8ce5d82046a1dcfce1adda3aab266cf1a37e3ab3aa9b0"
"two_math:CHAMP:P_Number-Theory_67:deepseek:r2:misconception_initial","original",NA,"none","two_math:CHAMP:P_Number-Theory_67:deepseek:r2:misconception_initial:http1","ok","41cce4e6b9eb9decfea5ddaf6a9bb7b10d98eaa6beac33ae638eb1721d1ac5f4"
"two_math:CHAMP:P_Polynomial_47:minimax:r2:misconception_initial","original",NA,"none","two_math:CHAMP:P_Polynomial_47:minimax:r2:misconception_initial:http1","ok","3be3455b124d65794cf5f0636622e17a3a4c7a1f3135bf6162636503d41f9add"
"two_math:CHAMP:P_Inequality_24:deepseek:r2:misconception_initial","original",NA,"none","two_math:CHAMP:P_Inequality_24:deepseek:r2:misconception_initial:http1","ok","68e9e7d19829b727d69943bcce6a227112b58aa4ab8efc0a856ee20ab6b6ecde"
"two_math:CHAMP:P_Combinatorics_30:minimax:r2:misconception_initial","original",NA,"none","two_math:CHAMP:P_Combinatorics_30:minimax:r2:misconception_initial:http1","ok","0459bfec060252e22474b393e490a591e85d1397655fe72ed27e34c140277881"
"two_math:CHAMP:P_Sequence_42:minimax:r1:misconception_initial","technical_recovery_appendix",2,"exact_original_payload_retry","two_math:CHAMP:P_Sequence_42:minimax:r1:misconception_initial:recovery2:http1","ok","e2d40355a58fafcfca797763964d7d039dee69cadc4079eb9ccc72568e50f5bc"
"two_math:CHAMP:P_Inequality_13:minimax:r1:misconception_initial","technical_recovery_appendix",2,"exact_original_payload_retry","two_math:CHAMP:P_Inequality_13:minimax:r1:misconception_initial:recovery2:http1","ok","9c9a9a0c59815eba2538b82edb7219b6e54e247b7545b845b7a85fcc06ca938a"
"two_math:CHAMP:P_Polynomial_40:deepseek:r2:misconception_initial","original",NA,"none","two_math:CHAMP:P_Polynomial_40:deepseek:r2:misconception_initial:http1","ok","517b7295ed83f0f5ed62b5b67341ae5e9e60b483ca582ca68f833162e5554588"
"two_math:CHAMP:P_Combinatorics_18:deepseek:r1:misconception_initial","original",NA,"none","two_math:CHAMP:P_Combinatorics_18:deepseek:r1:misconception_initial:http1","ok","b6e3b2ebf784b97718dc0d1d0c721b407dc0502595c99b9a1a48a8a3d32505b3"
"two_math:CHAMP:P_Polynomial_47:deepseek:r2:misconception_initial","original",NA,"none","two_math:CHAMP:P_Polynomial_47:deepseek:r2:misconception_initial:http1","ok","edf3e253303d8d1dc078c6582dff37172abc28be61019009916ea85333966f3e"
"two_math:CHAMP:P_Sequence_28:minimax:r2:misconception_initial","original",NA,"none","two_math:CHAMP:P_Sequence_28:minimax:r2:misconception_initial:http1","ok","c71c45e97cfa1f48748247a638dd590c071a1c57eac62e4cac74395cba8f989a"
"two_math:CHAMP:P_Number-Theory_27:deepseek:r2:misconception_initial","original",NA,"none","two_math:CHAMP:P_Number-Theory_27:deepseek:r2:misconception_initial:http1","ok","839c0e912bd0aa5c8f3a0d82af93b65bbe43a0225c74b21ff0783abd38821a16"
"two_math:CHAMP:P_Sequence_42:deepseek:r1:misconception_initial","original",NA,"none","two_math:CHAMP:P_Sequence_42:deepseek:r1:misconception_initial:http1","ok","96b8bf47b231812a295d3b45773d9f0110aafbd6f7e1d1a3f33ef0fe33740501"
"two_math:CHAMP:P_Number-Theory_24:minimax:r1:misconception_initial","original",NA,"none","two_math:CHAMP:P_Number-Theory_24:minimax:r1:misconception_initial:http1","ok","52e3fdf1912b1df0896ed59d57ef4b880435e7bc386993448825c7974b36158d"
"two_math:CHAMP:P_Inequality_24:deepseek:r1:misconception_initial","original",NA,"none","two_math:CHAMP:P_Inequality_24:deepseek:r1:misconception_initial:http1","ok","68e9e7d19829b727d69943bcce6a227112b58aa4ab8efc0a856ee20ab6b6ecde"
"two_math:CHAMP:P_Inequality_15:deepseek:r2:misconception_initial","original",NA,"none","two_math:CHAMP:P_Inequality_15:deepseek:r2:misconception_initial:http1","ok","d38c51787ce06697aace5bfabed032b0348d1bac5f98d81f4feb8348efe504e4"
"two_math:CHAMP:P_Sequence_20:minimax:r2:misconception_initial","original",NA,"none","two_math:CHAMP:P_Sequence_20:minimax:r2:misconception_initial:http1","ok","c93fe5aea7b52cb93ab319159c93dd802fbf9b5501d35229731dec0ae1a32e58"
"two_math:CHAMP:P_Combinatorics_30:deepseek:r2:misconception_initial","original",NA,"none","two_math:CHAMP:P_Combinatorics_30:deepseek:r2:misconception_initial:http1","ok","aa54d7eda6dc3e644e174004bf1d9dcc84df14cfd7334625ba51c3c8c74ecb70"
"two_math:CHAMP:P_Combinatorics_18:minimax:r1:misconception_initial","original",NA,"none","two_math:CHAMP:P_Combinatorics_18:minimax:r1:misconception_initial:http1","ok","97f7aefef5f4cdc440ea72fcae3c12d2ebc465768b15c7c499b70eaa5476038a"
"two_math:CHAMP:P_Polynomial_23:deepseek:r2:misconception_initial","original",NA,"none","two_math:CHAMP:P_Polynomial_23:deepseek:r2:misconception_initial:http1","ok","8341e8d129abff0c67d159ae659a8bdd62149367e95c97d257d2c016a8b4ece6"
"two_math:CHAMP:P_Sequence_20:deepseek:r1:misconception_initial","original",NA,"none","two_math:CHAMP:P_Sequence_20:deepseek:r1:misconception_initial:http1","ok","6e214a36f742d48fb1a8ce5d82046a1dcfce1adda3aab266cf1a37e3ab3aa9b0"
"two_math:CHAMP:P_Polynomial_23:minimax:r2:misconception_initial","original",NA,"none","two_math:CHAMP:P_Polynomial_23:minimax:r2:misconception_initial:http1","ok","a87204aa53ab181cb3ddd256a26da64a44e9db3eddbfdd1e8517933871b6852b"
"two_math:CHAMP:P_Combinatorics_5:minimax:r1:misconception_initial","original",NA,"none","two_math:CHAMP:P_Combinatorics_5:minimax:r1:misconception_initial:http1","ok","f56e57c6128b210d64f40bd2efc56039cd28534f532abe5335b23b6ce45e6204"
"two_math:CHAMP:P_Sequence_20:minimax:r1:misconception_initial","original",NA,"none","two_math:CHAMP:P_Sequence_20:minimax:r1:misconception_initial:http1","ok","c93fe5aea7b52cb93ab319159c93dd802fbf9b5501d35229731dec0ae1a32e58"
"two_math:CHAMP:P_Combinatorics_5:deepseek:r2:misconception_initial","original",NA,"none","two_math:CHAMP:P_Combinatorics_5:deepseek:r2:misconception_initial:http1","ok","173b64f9185521ecbfaf1c286e53b35258080b4808896347093cfb727b3dfd95"
"two_math:CHAMP:P_Combinatorics_30:deepseek:r1:misconception_initial","original",NA,"none","two_math:CHAMP:P_Combinatorics_30:deepseek:r1:misconception_initial:http1","ok","aa54d7eda6dc3e644e174004bf1d9dcc84df14cfd7334625ba51c3c8c74ecb70"
"two_math:CHAMP:P_Combinatorics_30:minimax:r1:misconception_initial","original",NA,"none","two_math:CHAMP:P_Combinatorics_30:minimax:r1:misconception_initial:http1","ok","0459bfec060252e22474b393e490a591e85d1397655fe72ed27e34c140277881"
"two_math:CHAMP:P_Polynomial_40:minimax:r2:misconception_initial","original",NA,"none","two_math:CHAMP:P_Polynomial_40:minimax:r2:misconception_initial:http1","ok","c947b8390519c881880cccc7dccb1d56ca10af8fafe5fb0f5fa87e6814d30dac"
"two_math:CHAMP:P_Inequality_15:minimax:r2:misconception_initial","original",NA,"none","two_math:CHAMP:P_Inequality_15:minimax:r2:misconception_initial:http1","ok","242c10da8a2f2d75faf1079d359d79ff10ad2b86be0724e5d9195e5d0d680f58"
"two_math:CHAMP:P_Combinatorics_18:deepseek:r2:misconception_initial","original",NA,"none","two_math:CHAMP:P_Combinatorics_18:deepseek:r2:misconception_initial:http1","ok","b6e3b2ebf784b97718dc0d1d0c721b407dc0502595c99b9a1a48a8a3d32505b3"
"two_math:CHAMP:P_Polynomial_23:minimax:r1:misconception_initial","original",NA,"none","two_math:CHAMP:P_Polynomial_23:minimax:r1:misconception_initial:http1","ok","a87204aa53ab181cb3ddd256a26da64a44e9db3eddbfdd1e8517933871b6852b"
"two_math:CHAMP:P_Number-Theory_27:deepseek:r2:A0_Human","original",NA,"none","two_math:CHAMP:P_Number-Theory_27:deepseek:r2:A0_Human:http1","ok","9a1a5aa5ee630a4bb77aca56f3682f6005e3eb5f370ffe3f26c7aaafc563e1e0"
"two_math:CHAMP:P_Inequality_13:deepseek:r1:A0_Human","original",NA,"none","two_math:CHAMP:P_Inequality_13:deepseek:r1:A0_Human:http1","ok","85246be0259cf1760c7530e90468b6fd2607018a827aefea1270460125b62be9"
"two_math:CHAMP:P_Sequence_42:deepseek:r1:A0_Human","original",NA,"none","two_math:CHAMP:P_Sequence_42:deepseek:r1:A0_Human:http1","ok","3c36367d5af2e7a26464f5b2dbe6bc0b5ac9c252eb69e3458e08dadec1287ddd"
"two_math:CHAMP:P_Inequality_13:minimax:r2:A0_Human","original",NA,"none","two_math:CHAMP:P_Inequality_13:minimax:r2:A0_Human:http1","ok","d05677ad18f0bf8a2c6818a8f84cc6a12be8c1704c1627911a3464cd42ec02c3"
"two_math:CHAMP:P_Combinatorics_5:deepseek:r2:A1_Human","original",NA,"none","two_math:CHAMP:P_Combinatorics_5:deepseek:r2:A1_Human:http1","ok","c63437880755ffbc6ae0f18a3414efddd4be656c6a31c95356c48f71508efc15"
"two_math:CHAMP:P_Combinatorics_30:minimax:r2:A1_AI","original",NA,"none","two_math:CHAMP:P_Combinatorics_30:minimax:r2:A1_AI:http1","ok","36255864571f7e2a32b3b57692a96daa869fc4cb6af92fc47bfa70f937dec9ac"
"two_math:CHAMP:P_Number-Theory_67:minimax:r1:A0_Human","original",NA,"none","two_math:CHAMP:P_Number-Theory_67:minimax:r1:A0_Human:http1","ok","f2e13be2cbf6c51724a933a1b1bfec8481757bf394fd193bf5cc18a8e8b83baf"
"two_math:CHAMP:P_Number-Theory_24:minimax:r2:A0_Human","original",NA,"none","two_math:CHAMP:P_Number-Theory_24:minimax:r2:A0_Human:http1","ok","14522c23aeaee5afed34c45161d293e4d222f5c80ca968393e9722377220dbf8"
"two_math:CHAMP:P_Number-Theory_67:minimax:r1:A1_AI","original",NA,"none","two_math:CHAMP:P_Number-Theory_67:minimax:r1:A1_AI:http1","ok","ff2e2a694efce553d30699f4fd24b1779e872298f42729707073301774d10839"
"two_math:CHAMP:P_Number-Theory_27:minimax:r2:A1_Human","original",NA,"none","two_math:CHAMP:P_Number-Theory_27:minimax:r2:A1_Human:http1","ok","9120f7ba9bbc6241ade5c8729a6b37b201ddf611cb958a00fccb6212d309daad"
"two_math:CHAMP:P_Polynomial_23:minimax:r1:A0_Human","original",NA,"none","two_math:CHAMP:P_Polynomial_23:minimax:r1:A0_Human:http1","ok","b22b1a34cc184177a0a60991e74e2a286df158c02c6dd5b2cdd7104cf9059192"
"two_math:CHAMP:P_Inequality_24:deepseek:r1:A0_Human","original",NA,"none","two_math:CHAMP:P_Inequality_24:deepseek:r1:A0_Human:http1","ok","e48751328041080a73539f75429d9de6566117653330e8254d41883e9222921a"
"two_math:CHAMP:P_Polynomial_47:deepseek:r2:A1_AI","original",NA,"none","two_math:CHAMP:P_Polynomial_47:deepseek:r2:A1_AI:http1","ok","6590d357803ca9f349642452bb2ca78ce4be8ef17ce103f951d968eda6edf55f"
"two_math:CHAMP:P_Number-Theory_67:minimax:r2:A1_Human","original",NA,"none","two_math:CHAMP:P_Number-Theory_67:minimax:r2:A1_Human:http1","ok","d01588cc371c96e238111483b0bd8f5e602828fe0c01d525994dc927cba94f57"
"two_math:CHAMP:P_Sequence_28:deepseek:r2:A1_Human","original",NA,"none","two_math:CHAMP:P_Sequence_28:deepseek:r2:A1_Human:http1","ok","303382a2e9f32e490f99b9d215f9ccc676c18dcffda1fb8cb05324d565f621fa"
"two_math:CHAMP:P_Sequence_20:deepseek:r1:A0_Human","original",NA,"none","two_math:CHAMP:P_Sequence_20:deepseek:r1:A0_Human:http1","ok","e26dab838502e6f83b3dde9e185c887ddc809fac5afa0b95bba3d03627d553ca"
"two_math:CHAMP:P_Combinatorics_18:deepseek:r1:A1_Human","original",NA,"none","two_math:CHAMP:P_Combinatorics_18:deepseek:r1:A1_Human:http1","ok","4805271e3d3ab8daf58bee83ad7f6902be7e811eacf89b7a2bbc142fedd6fa59"
"two_math:CHAMP:P_Combinatorics_5:deepseek:r1:A1_AI","original",NA,"none","two_math:CHAMP:P_Combinatorics_5:deepseek:r1:A1_AI:http1","ok","d5eec4dc735827b6d3f285da4b6fbbccacdebf2c11a233b002c688012c35a6cc"
"two_math:CHAMP:P_Polynomial_23:deepseek:r1:A1_AI","original",NA,"none","two_math:CHAMP:P_Polynomial_23:deepseek:r1:A1_AI:http1","ok","261fc52d113f5e14982698a60c43d33828b48f08a90a400e23976cc0533c8d01"
"two_math:CHAMP:P_Number-Theory_27:minimax:r1:A1_Human","original",NA,"none","two_math:CHAMP:P_Number-Theory_27:minimax:r1:A1_Human:http1","ok","290d3a13a5993c05644f554f69fe362bbb5afdd9fc31be9d7961af8b384ebaf7"
"two_math:CHAMP:P_Combinatorics_5:minimax:r2:A1_Human","original",NA,"none","two_math:CHAMP:P_Combinatorics_5:minimax:r2:A1_Human:http1","ok","ef21a117b331936156a09a2f916775c87cc30a3eaeeb00b87234ed72cde226d3"
"two_math:CHAMP:P_Number-Theory_67:deepseek:r1:A1_Human","original",NA,"none","two_math:CHAMP:P_Number-Theory_67:deepseek:r1:A1_Human:http1","ok","50ddc5c617eec17305910758b25f7471bbd3140c5626f2507bb31eab9bcf4f35"
"two_math:CHAMP:P_Inequality_15:minimax:r1:A1_AI","original",NA,"none","two_math:CHAMP:P_Inequality_15:minimax:r1:A1_AI:http1","ok","f508f04066129f8cc2f31d0645978f5626624223cbd69f30009ef871469a7bbb"
"two_math:CHAMP:P_Inequality_13:minimax:r1:A0_Human","original",NA,"none","two_math:CHAMP:P_Inequality_13:minimax:r1:A0_Human:http1","ok","1b76c65d67ffd0287bc8dc7c9877532ec9dc40cd06a0431e6d92876cbebf375c"
"two_math:CHAMP:P_Combinatorics_30:deepseek:r2:A0_Human","original",NA,"none","two_math:CHAMP:P_Combinatorics_30:deepseek:r2:A0_Human:http1","ok","1802442734ebf37828a9864aa50a299a69e566fd98fae99d45119f7cd0347d5f"
"two_math:CHAMP:P_Inequality_15:deepseek:r2:A1_Human","original",NA,"none","two_math:CHAMP:P_Inequality_15:deepseek:r2:A1_Human:http1","ok","46d6be90af361b88aa9f47d13d512eae92588633a17291d5b9f3014945f99018"
"two_math:CHAMP:P_Inequality_15:minimax:r1:A0_Human","original",NA,"none","two_math:CHAMP:P_Inequality_15:minimax:r1:A0_Human:http1","ok","700da05975c17ccb7c787cd2f70ff350e807c4b0d8d34f16bd128980f0ef018d"
"two_math:CHAMP:P_Inequality_24:minimax:r1:A0_Human","original",NA,"none","two_math:CHAMP:P_Inequality_24:minimax:r1:A0_Human:http1","ok","1f233e1762e71a5b508a56f6971764c1ca827aca623a93fab85bd9bab3aab189"
"two_math:CHAMP:P_Polynomial_47:minimax:r1:A1_Human","original",NA,"none","two_math:CHAMP:P_Polynomial_47:minimax:r1:A1_Human:http1","ok","ee021875b19c5540efea5c9c22d54e010eef9463024922fd9b5fb9038e2323e8"
"two_math:CHAMP:P_Polynomial_47:deepseek:r2:A0_Human","original",NA,"none","two_math:CHAMP:P_Polynomial_47:deepseek:r2:A0_Human:http1","ok","09b5c422df1760c7e3571d09f296e34c4819a30fdca4052ae9e32f8d84efe3e8"
"two_math:CHAMP:P_Combinatorics_30:minimax:r1:A0_Human","original",NA,"none","two_math:CHAMP:P_Combinatorics_30:minimax:r1:A0_Human:http1","ok","5e1d3aa1c972d345e8df2a448b26a98d8ba287d8afcb9980fb5a5c56078cc809"
"two_math:CHAMP:P_Inequality_24:deepseek:r2:A0_Human","original",NA,"none","two_math:CHAMP:P_Inequality_24:deepseek:r2:A0_Human:http1","ok","493b8d9c501b9f677989b49f97c35476939be699b1ea1dc5d3aee60e0f29c0a8"
"two_math:CHAMP:P_Number-Theory_27:minimax:r1:A0_Human","original",NA,"none","two_math:CHAMP:P_Number-Theory_27:minimax:r1:A0_Human:http1","ok","470626e77b6666a7cd9c2b3b5a82b8ba6c2928f39fa0d4f3bd28d32aeff5bc0d"
"two_math:CHAMP:P_Number-Theory_24:minimax:r1:A1_Human","original",NA,"none","two_math:CHAMP:P_Number-Theory_24:minimax:r1:A1_Human:http1","ok","ede0ba79bb227c793712307985b6ea8523d2294ccd4e69d9269d459dfb1fc9d9"
"two_math:CHAMP:P_Polynomial_40:deepseek:r2:A0_Human","original",NA,"none","two_math:CHAMP:P_Polynomial_40:deepseek:r2:A0_Human:http1","ok","15cec12959f4ae38f0fdf06e254c8313ddec68723d6cd31129cf1c146ce1533e"
"two_math:CHAMP:P_Combinatorics_30:minimax:r2:A1_Human","original",NA,"none","two_math:CHAMP:P_Combinatorics_30:minimax:r2:A1_Human:http1","ok","a1ec6a9f03526c8f01d2b4687bda04ab91b46c886319c92558f0875f870732d1"
"two_math:CHAMP:P_Inequality_24:minimax:r1:A1_AI","original",NA,"none","two_math:CHAMP:P_Inequality_24:minimax:r1:A1_AI:http1","ok","3017c09987a104d26767a75610e23bd8f80875d9731bb0b66f76696a7f01f150"
"two_math:CHAMP:P_Combinatorics_30:deepseek:r1:A1_Human","original",NA,"none","two_math:CHAMP:P_Combinatorics_30:deepseek:r1:A1_Human:http1","ok","d69b76dd090f73876ad47519b23c55ffbd71917c3e9a15e0a543099925463518"
"two_math:CHAMP:P_Combinatorics_30:deepseek:r2:A1_AI","original",NA,"none","two_math:CHAMP:P_Combinatorics_30:deepseek:r2:A1_AI:http1","ok","494ab995057225da9b9a7fae31a9f8eb22e0432e2ccb19adf8b4d37e2ee3d4d4"
"two_math:CHAMP:P_Combinatorics_5:minimax:r2:A0_Human","original",NA,"none","two_math:CHAMP:P_Combinatorics_5:minimax:r2:A0_Human:http1","ok","3ef64082027aa15a7eeed3aa477ea0fed6f7496bb092f562c53f32d2c9939b62"
"two_math:CHAMP:P_Combinatorics_5:deepseek:r1:A0_Human","original",NA,"none","two_math:CHAMP:P_Combinatorics_5:deepseek:r1:A0_Human:http1","ok","dc678d6a6ea4d6a020d0283920a0ab1c1451ca9d68f54b1192d70d56a5d61be4"
"two_math:CHAMP:P_Number-Theory_24:deepseek:r1:A1_Human","original",NA,"none","two_math:CHAMP:P_Number-Theory_24:deepseek:r1:A1_Human:http1","ok","46f1fd35d9234351ccef35ba1776e7983f235a96d8de057599e491427bf81c23"
"two_math:CHAMP:P_Polynomial_23:deepseek:r2:A1_Human","original",NA,"none","two_math:CHAMP:P_Polynomial_23:deepseek:r2:A1_Human:http1","ok","277989b4eca1540d8ac39590a6be8ba9627a18dac1f9739b4b4791c09f3c83a8"
"two_math:CHAMP:P_Combinatorics_30:minimax:r1:A1_AI","original",NA,"none","two_math:CHAMP:P_Combinatorics_30:minimax:r1:A1_AI:http1","ok","e591bba6c763ee02ce1677fd49cb7a424b3d077237d4d7dab0a70a3e8b8e958d"
"two_math:CHAMP:P_Combinatorics_5:minimax:r1:A0_Human","original",NA,"none","two_math:CHAMP:P_Combinatorics_5:minimax:r1:A0_Human:http1","ok","44c7219535d5a57c79e6d7614f2634bfab8141c3594a525e426d83a9f4564b83"
"two_math:CHAMP:P_Sequence_28:deepseek:r2:A0_Human","original",NA,"none","two_math:CHAMP:P_Sequence_28:deepseek:r2:A0_Human:http1","ok","3126636b30bf8afbe7fdaa9580744b5ecb6a1cfb2207e93e3316cd5c6b9f0907"
"two_math:CHAMP:P_Combinatorics_5:minimax:r1:A1_Human","original",NA,"none","two_math:CHAMP:P_Combinatorics_5:minimax:r1:A1_Human:http1","ok","4b5b4906ba438897d18f2fe912d36efd394873114f6ab9ef21a2f27df445d3d7"
"two_math:CHAMP:P_Combinatorics_5:minimax:r1:A1_AI","original",NA,"none","two_math:CHAMP:P_Combinatorics_5:minimax:r1:A1_AI:http1","ok","f11606ff9fe7c45029012c984ca575171c9b79f95bd3541dd5932779bc3f6945"
"two_math:CHAMP:P_Polynomial_47:minimax:r1:A1_AI","original",NA,"none","two_math:CHAMP:P_Polynomial_47:minimax:r1:A1_AI:http1","ok","cc08f4c6ff77b11be7c7949e8a7efbc416bb39e1cd9e5c7a899b1527913c9289"
"two_math:CHAMP:P_Sequence_20:minimax:r1:A1_AI","original",NA,"none","two_math:CHAMP:P_Sequence_20:minimax:r1:A1_AI:http1","ok","297ca21c65b67f98f7c492d1e12a68f1bca00ef5e5f1e936f9e19eda58fe44fb"
"two_math:CHAMP:P_Polynomial_47:minimax:r2:A1_AI","technical_recovery_appendix",1,"token_limit_6144_secondary","two_math:CHAMP:P_Polynomial_47:minimax:r2:A1_AI:recovery1:http1","ok","9cc116114a7765269d0568c572286fc726d40454cbe543810cbf169533421fc8"
"two_math:CHAMP:P_Polynomial_23:minimax:r1:A1_Human","technical_recovery_appendix",1,"exact_original_payload_retry","two_math:CHAMP:P_Polynomial_23:minimax:r1:A1_Human:recovery1:http1","ok","50e107ddf6688b32b4560e5e78e79c655ce88a46eb696efff6d142e028b303a7"
"two_math:CHAMP:P_Sequence_20:deepseek:r2:A1_Human","original",NA,"none","two_math:CHAMP:P_Sequence_20:deepseek:r2:A1_Human:http1","ok","56fac5e67a5fe0db0949dadd9ef3118fe819e67bc899ac1da1f94206b3ead1ed"
"two_math:CHAMP:P_Inequality_15:deepseek:r1:A1_Human","original",NA,"none","two_math:CHAMP:P_Inequality_15:deepseek:r1:A1_Human:http1","ok","627fe23eb59787b6a43008b1ddfed01aaea9e032a7c1c54f4dfd9e568b83eb83"
"two_math:CHAMP:P_Number-Theory_24:deepseek:r2:A0_Human","original",NA,"none","two_math:CHAMP:P_Number-Theory_24:deepseek:r2:A0_Human:http1","ok","1f6656f1870a316ed63dfc948569cf0f2d3116b216df7a9846e7e0900679fadf"
"two_math:CHAMP:P_Number-Theory_67:minimax:r1:A1_Human","original",NA,"none","two_math:CHAMP:P_Number-Theory_67:minimax:r1:A1_Human:http1","ok","eb85dd72ecacb0705c2bc68d6ba3758c2766dfdf2f84fc5ac31e9eb1245fb4da"
"two_math:CHAMP:P_Polynomial_23:deepseek:r2:A0_Human","original",NA,"none","two_math:CHAMP:P_Polynomial_23:deepseek:r2:A0_Human:http1","ok","67f3cbf11123ff59c8652f11a4ef77dbd4777cea55f8cd13c776fa3d97a2e133"
"two_math:CHAMP:P_Polynomial_40:deepseek:r2:A1_AI","original",NA,"none","two_math:CHAMP:P_Polynomial_40:deepseek:r2:A1_AI:http1","ok","2eab148f6d8073909de7f967112569b10cd2bde9eefd334f47017fa3321b960a"
"two_math:CHAMP:P_Combinatorics_18:deepseek:r2:A1_Human","original",NA,"none","two_math:CHAMP:P_Combinatorics_18:deepseek:r2:A1_Human:http1","ok","47db5ac1bbf0a7e47e5b8caceb14ed8e112726fe91f6107f69dd6cbdeb5b8a98"
"two_math:CHAMP:P_Polynomial_23:deepseek:r2:A1_AI","original",NA,"none","two_math:CHAMP:P_Polynomial_23:deepseek:r2:A1_AI:http1","ok","580586941768f32f9040645ffe19768fd3ef6aae1d49c4507d8283ceb9e4b57a"
"two_math:CHAMP:P_Inequality_13:minimax:r2:A1_AI","original",NA,"none","two_math:CHAMP:P_Inequality_13:minimax:r2:A1_AI:http1","ok","cc7de46ca422a1561f8a905c49049a03c501adfee34f0ce2c20cadc782e8d0b6"
"two_math:CHAMP:P_Inequality_15:minimax:r1:A1_Human","original",NA,"none","two_math:CHAMP:P_Inequality_15:minimax:r1:A1_Human:http1","ok","9070d35ea28c87dda300cf1513021c58b659d425479676fb1f4d57a07979203f"
"two_math:CHAMP:P_Polynomial_23:deepseek:r1:A0_Human","original",NA,"none","two_math:CHAMP:P_Polynomial_23:deepseek:r1:A0_Human:http1","ok","d8f7ba28499c8317551bff58a109fe4959c63e485a5bf62f9f340742c19c2cb2"
"two_math:CHAMP:P_Polynomial_40:minimax:r2:A1_AI","original",NA,"none","two_math:CHAMP:P_Polynomial_40:minimax:r2:A1_AI:http1","ok","3be781aee64f194a18fb3275b52a1a698b0a0b40421158d6bf97f7553a3f4e0e"
"two_math:CHAMP:P_Combinatorics_30:minimax:r1:A1_Human","original",NA,"none","two_math:CHAMP:P_Combinatorics_30:minimax:r1:A1_Human:http1","ok","e28e0ed7a3cf8cef0f569ba606152b1820fd3fe9ffd1e3894a88846ec7443ae7"
"two_math:CHAMP:P_Polynomial_23:minimax:r2:A1_Human","original",NA,"none","two_math:CHAMP:P_Polynomial_23:minimax:r2:A1_Human:http1","ok","28e19f4e81558974eaff83d35bc0377c9fbc774f51ed89f5cacd369ddd3c233b"
"two_math:CHAMP:P_Number-Theory_67:deepseek:r2:A0_Human","original",NA,"none","two_math:CHAMP:P_Number-Theory_67:deepseek:r2:A0_Human:http1","ok","3c3ccaedeeae1bacf450f0f804c048022c23290967840fc9c59aabb0d3a93c9e"
"two_math:CHAMP:P_Sequence_28:minimax:r2:A1_AI","original",NA,"none","two_math:CHAMP:P_Sequence_28:minimax:r2:A1_AI:http1","ok","421450ecf3234e1687c70d77dcb759d859e74e3bcc6992b8f775e8c198f27ba8"
"two_math:CHAMP:P_Polynomial_40:deepseek:r2:A1_Human","original",NA,"none","two_math:CHAMP:P_Polynomial_40:deepseek:r2:A1_Human:http1","ok","43130521e24d02c372234693c31573673fe7e1d23244116371b195a28f6c6e25"
"two_math:CHAMP:P_Sequence_20:minimax:r1:A0_Human","original",NA,"none","two_math:CHAMP:P_Sequence_20:minimax:r1:A0_Human:http1","ok","9bbad860aca1709dee0efc56c134f640dc3f530de25a28c90c891aa967e99286"
"two_math:CHAMP:P_Inequality_15:deepseek:r1:A1_AI","original",NA,"none","two_math:CHAMP:P_Inequality_15:deepseek:r1:A1_AI:http1","ok","c59ea7c58551bd024f7bc8eae1e527f049e739f4a7351bfe2932e3b424c0d1dc"
"two_math:CHAMP:P_Polynomial_47:deepseek:r1:A1_Human","original",NA,"none","two_math:CHAMP:P_Polynomial_47:deepseek:r1:A1_Human:http1","ok","8483484518900a41a6d41af0d8801afd7fc7ff6c9aa853f0e1c9907bd09cd6f3"
"two_math:CHAMP:P_Inequality_24:minimax:r2:A1_AI","original",NA,"none","two_math:CHAMP:P_Inequality_24:minimax:r2:A1_AI:http1","ok","b59498a4583253193ecf09322b13c4e5bf70d9628b653db769cb793098da1f53"
"two_math:CHAMP:P_Combinatorics_18:minimax:r1:A1_Human","original",NA,"none","two_math:CHAMP:P_Combinatorics_18:minimax:r1:A1_Human:http1","ok","facd0180411ffe2ebee2582769792ca7db9312c3744c7ecea4272b0bf9216ae7"
"two_math:CHAMP:P_Number-Theory_67:deepseek:r1:A0_Human","original",NA,"none","two_math:CHAMP:P_Number-Theory_67:deepseek:r1:A0_Human:http1","ok","cfa2fe8283b385939c877f873f7378a598964b90a05f4f47eafeddd335627145"
"two_math:CHAMP:P_Number-Theory_27:minimax:r2:A0_Human","original",NA,"none","two_math:CHAMP:P_Number-Theory_27:minimax:r2:A0_Human:http1","ok","0c3f7d9a198a5c0e7c79c61eaf9d2f023f5443cd74c30279cda27d5637213855"
"two_math:CHAMP:P_Number-Theory_24:minimax:r2:A1_Human","original",NA,"none","two_math:CHAMP:P_Number-Theory_24:minimax:r2:A1_Human:http1","ok","8cb53ee91961c203941eb1740cfa3a67f4386b8b0888b1080a1b1d4ca674ec18"
"two_math:CHAMP:P_Combinatorics_18:minimax:r1:A0_Human","original",NA,"none","two_math:CHAMP:P_Combinatorics_18:minimax:r1:A0_Human:http1","ok","b58d46306e8b84115772e77dcab605be3e76db69d7032f87af525cc4bd9b6b3b"
"two_math:CHAMP:P_Number-Theory_24:minimax:r1:A1_AI","original",NA,"none","two_math:CHAMP:P_Number-Theory_24:minimax:r1:A1_AI:http1","ok","1b6fb7075b7cf00451a5b18038fe048f6202fb381cfa7ad37993dd8fd743c0f5"
"two_math:CHAMP:P_Combinatorics_30:deepseek:r2:A1_Human","original",NA,"none","two_math:CHAMP:P_Combinatorics_30:deepseek:r2:A1_Human:http1","ok","3dd77512a15fdfb8694f5f144631041d9a9a045e40e4b2993e970909b48efb52"
"two_math:CHAMP:P_Polynomial_47:minimax:r2:A0_Human","technical_recovery_appendix",1,"token_limit_6144_secondary","two_math:CHAMP:P_Polynomial_47:minimax:r2:A0_Human:recovery1:http1","ok","a295d58bd7f4048376ad6e2ca5d453a84fa88d86957d87d1cc0eb9b4ad2d227a"
"two_math:CHAMP:P_Number-Theory_27:minimax:r1:A1_AI","original",NA,"none","two_math:CHAMP:P_Number-Theory_27:minimax:r1:A1_AI:http1","ok","6a886fb28a63d0cd5402b5296427a6d563fedfc15c83d5d9307161b7f050e534"
"two_math:CHAMP:P_Number-Theory_27:deepseek:r1:A0_Human","original",NA,"none","two_math:CHAMP:P_Number-Theory_27:deepseek:r1:A0_Human:http1","ok","e1d7222e5050d2f359843746f41a41cf09fe6619b49fc778feb5d51c56fa219f"
"two_math:CHAMP:P_Number-Theory_67:minimax:r2:A1_AI","technical_recovery_appendix",1,"exact_original_payload_retry","two_math:CHAMP:P_Number-Theory_67:minimax:r2:A1_AI:recovery1:http1","ok","c8f969ccc6afb6953dd6f6fe552060102ca8789ad550f2204f7f25c80bd4846b"
"two_math:CHAMP:P_Polynomial_23:minimax:r2:A1_AI","original",NA,"none","two_math:CHAMP:P_Polynomial_23:minimax:r2:A1_AI:http1","ok","a50d029355e696f188c9b721126c02e62e27c7450a11b1ead0dbc4b53d38dc8d"
"two_math:CHAMP:P_Number-Theory_24:minimax:r2:A1_AI","original",NA,"none","two_math:CHAMP:P_Number-Theory_24:minimax:r2:A1_AI:http1","ok","096fd3de21c605673d6d178d5fa099b6061463c90d019114328d6402d4d74146"
"two_math:CHAMP:P_Polynomial_23:deepseek:r1:A1_Human","original",NA,"none","two_math:CHAMP:P_Polynomial_23:deepseek:r1:A1_Human:http1","ok","a8c6823c3c0f86c3f49505b26993793d9bd83d3896b33f69b121e4daea18f8e8"
"two_math:CHAMP:P_Sequence_20:minimax:r1:A1_Human","original",NA,"none","two_math:CHAMP:P_Sequence_20:minimax:r1:A1_Human:http1","ok","e92382647ce8b808ad9ef620d18bdd19922b50ef8f9138dcc9820933893796b0"
"two_math:CHAMP:P_Combinatorics_5:deepseek:r2:A1_AI","original",NA,"none","two_math:CHAMP:P_Combinatorics_5:deepseek:r2:A1_AI:http1","ok","8f4fe459fd05d213e29d6d1c182b4f0eec1707481079b8898fd8735cb141cd2c"
"two_math:CHAMP:P_Number-Theory_24:deepseek:r1:A0_Human","original",NA,"none","two_math:CHAMP:P_Number-Theory_24:deepseek:r1:A0_Human:http1","ok","c7bffc68da206124031c505f40643a0270ca73978fc33c45ceb5c77a41e5e2bf"
"two_math:CHAMP:P_Sequence_42:minimax:r2:A0_Human","original",NA,"none","two_math:CHAMP:P_Sequence_42:minimax:r2:A0_Human:http1","ok","2d0ecf23de857ba64283d3ca4c9f4a7d12719ce459d011df3f82de9c1e4c12d9"
"two_math:CHAMP:P_Sequence_20:deepseek:r2:A0_Human","original",NA,"none","two_math:CHAMP:P_Sequence_20:deepseek:r2:A0_Human:http1","ok","5e0eafcd35bc12eb6598511e88308f529024b471e3aa059444bedeb869246fc7"
"two_math:CHAMP:P_Sequence_28:minimax:r2:A0_Human","original",NA,"none","two_math:CHAMP:P_Sequence_28:minimax:r2:A0_Human:http1","ok","8e92e39ced8024cc0db860dc16e6ceb124760669fceb5fd624b006af375c697d"
"two_math:CHAMP:P_Sequence_20:deepseek:r2:A1_AI","original",NA,"none","two_math:CHAMP:P_Sequence_20:deepseek:r2:A1_AI:http1","ok","66f2ede99cb6fdd274bac3cccad4a184c487611938d458a97592205490c0507e"
"two_math:CHAMP:P_Polynomial_40:minimax:r2:A1_Human","original",NA,"none","two_math:CHAMP:P_Polynomial_40:minimax:r2:A1_Human:http1","ok","9c238e4a08388cdb82229ab035f0d8df9533ae2a3e9343b7d142642aa110813e"
"two_math:CHAMP:P_Combinatorics_5:minimax:r2:A1_AI","original",NA,"none","two_math:CHAMP:P_Combinatorics_5:minimax:r2:A1_AI:http1","ok","45e09a7b45354e6bea59041af875dd6451e1d4e416bff9716c27be70eccf8e18"
"two_math:CHAMP:P_Polynomial_40:minimax:r1:A0_Human","original",NA,"none","two_math:CHAMP:P_Polynomial_40:minimax:r1:A0_Human:http1","ok","0bcc8f959b2edbc0a114a06a15d72162278583d90a063a4b8e13dd3260337e2d"
"two_math:CHAMP:P_Polynomial_23:minimax:r2:A0_Human","original",NA,"none","two_math:CHAMP:P_Polynomial_23:minimax:r2:A0_Human:http1","ok","246a5b402fb94e20ba39a3597d6b44882211b8adab68bec6ce2e5fe2cdba6916"
"two_math:CHAMP:P_Polynomial_47:deepseek:r2:A1_Human","original",NA,"none","two_math:CHAMP:P_Polynomial_47:deepseek:r2:A1_Human:http1","ok","a71f7988806c55ac0cd42e226d45f68ccced540d0ddc709953178bdce2fc797f"
"two_math:CHAMP:P_Sequence_42:minimax:r1:A1_AI","original",NA,"none","two_math:CHAMP:P_Sequence_42:minimax:r1:A1_AI:http1","ok","7cc1b740a7429c3df9e151a26f354b5cd474bbd71f7985571f6458fa9522f56b"
"two_math:CHAMP:P_Combinatorics_18:deepseek:r1:A1_AI","original",NA,"none","two_math:CHAMP:P_Combinatorics_18:deepseek:r1:A1_AI:http1","ok","55795e61a10f6fd797b3ea74585f6fe59a4a80d5792e96d77eaecd5cf2aa7c37"
"two_math:CHAMP:P_Sequence_42:minimax:r1:A1_Human","original",NA,"none","two_math:CHAMP:P_Sequence_42:minimax:r1:A1_Human:http1","ok","70cd5716746e520682e46149a0c5e58f5171574bec99f355ab8b69f9330deee4"
"two_math:CHAMP:P_Number-Theory_24:minimax:r1:A0_Human","original",NA,"none","two_math:CHAMP:P_Number-Theory_24:minimax:r1:A0_Human:http1","ok","c8422d627814c9c52f9975f41c756a1c256c0f49c269ae1780072fb815b2f8e3"
"two_math:CHAMP:P_Polynomial_47:deepseek:r1:A1_AI","original",NA,"none","two_math:CHAMP:P_Polynomial_47:deepseek:r1:A1_AI:http1","ok","5e6690ae868dbbae7ce4b3d590857fd952869fcfc32e172fc267852218f07039"
"two_math:CHAMP:P_Number-Theory_67:minimax:r2:A0_Human","original",NA,"none","two_math:CHAMP:P_Number-Theory_67:minimax:r2:A0_Human:http1","ok","07a2464a5ada8486efce66e22c78d9db96e2154627d315df68e69a5c231ec688"
"two_math:CHAMP:P_Inequality_13:minimax:r1:A1_Human","original",NA,"none","two_math:CHAMP:P_Inequality_13:minimax:r1:A1_Human:http1","ok","fa9ef4301c840421551d70000bf8fdd1786b20a6c445eda93aa3780a610f74b4"
"two_math:CHAMP:P_Sequence_28:deepseek:r2:A1_AI","original",NA,"none","two_math:CHAMP:P_Sequence_28:deepseek:r2:A1_AI:http1","ok","9845b5373d79b1aeb21fea306a62024f54873491911dcce4f269f635c3d32416"
"two_math:CHAMP:P_Polynomial_47:minimax:r1:A0_Human","original",NA,"none","two_math:CHAMP:P_Polynomial_47:minimax:r1:A0_Human:http1","ok","c5f5fab4505bf6abb4d62b8c6bc19627365925ac01f425b2b42592b27363d812"
"two_math:CHAMP:P_Number-Theory_24:deepseek:r1:A1_AI","original",NA,"none","two_math:CHAMP:P_Number-Theory_24:deepseek:r1:A1_AI:http1","ok","cb05aa8b106c37bb4d7f6eb2de8e84092138d9e5da0c37428fa2843c4d61328c"
"two_math:CHAMP:P_Inequality_13:minimax:r1:A1_AI","original",NA,"none","two_math:CHAMP:P_Inequality_13:minimax:r1:A1_AI:http1","ok","433bef32c809f9621c9c1d9f589f03d86f5ceab5ceac613b5632bd303af2f73b"
"two_math:CHAMP:P_Polynomial_40:minimax:r2:A0_Human","original",NA,"none","two_math:CHAMP:P_Polynomial_40:minimax:r2:A0_Human:http1","ok","818fd720142d5630f495b0ae41fdd648a8acb1402b240c13f0111a7c1a86c3d7"
"two_math:CHAMP:P_Combinatorics_18:deepseek:r1:A0_Human","original",NA,"none","two_math:CHAMP:P_Combinatorics_18:deepseek:r1:A0_Human:http1","ok","2cfd2ef0c88c7d84513f47eb314434b3dd9780a8e41006bb0de39228e834bfac"
"two_math:CHAMP:P_Inequality_15:deepseek:r2:A1_AI","original",NA,"none","two_math:CHAMP:P_Inequality_15:deepseek:r2:A1_AI:http1","ok","9b3859ee4ae01acaf2425c923ea52b77991a1caac45ce376eb1a98ac0b1fc4be"
"two_math:CHAMP:P_Sequence_42:deepseek:r2:A0_Human","original",NA,"none","two_math:CHAMP:P_Sequence_42:deepseek:r2:A0_Human:http1","ok","5dc6d99dc14d83b1c3e714d0c79fe4df6b08205e606a0716ce1700f90d535122"
"two_math:CHAMP:P_Polynomial_47:deepseek:r1:A0_Human","original",NA,"none","two_math:CHAMP:P_Polynomial_47:deepseek:r1:A0_Human:http1","ok","11b24eff47afb9eb36f8b06c01e6ed9d03f1e605fe64e5a4d971489d9c533f21"
"two_math:CHAMP:P_Combinatorics_18:deepseek:r2:A1_AI","original",NA,"none","two_math:CHAMP:P_Combinatorics_18:deepseek:r2:A1_AI:http1","ok","a1a3eb8daba43d465d186e7a8380e20f5070bc094dc03998dd3d818b79281554"
"two_math:CHAMP:P_Sequence_20:minimax:r2:A0_Human","original",NA,"none","two_math:CHAMP:P_Sequence_20:minimax:r2:A0_Human:http1","ok","4c3ada1507b4d53de0c7fa0c7c33516d292083cbdbcd1414be5afdd26fe3bc50"
"two_math:CHAMP:P_Number-Theory_27:minimax:r2:A1_AI","original",NA,"none","two_math:CHAMP:P_Number-Theory_27:minimax:r2:A1_AI:http1","ok","06406603d52861e24a5d622f9ec53532890b8bc4b56108c63bddd1787e909046"
"two_math:CHAMP:P_Combinatorics_30:minimax:r2:A0_Human","original",NA,"none","two_math:CHAMP:P_Combinatorics_30:minimax:r2:A0_Human:http1","ok","772cadd78fe5fe2ac0f477f53a2828edff3cc7f5304859a49eadd460caf87369"
"two_math:CHAMP:P_Sequence_20:deepseek:r1:A1_AI","original",NA,"none","two_math:CHAMP:P_Sequence_20:deepseek:r1:A1_AI:http1","ok","b40aca1afd1ceb73af4348a148fa384c75beabb8e17b806fcb46af08400af606"
"two_math:CHAMP:P_Number-Theory_67:deepseek:r1:A1_AI","original",NA,"none","two_math:CHAMP:P_Number-Theory_67:deepseek:r1:A1_AI:http1","ok","83381657dede924aa4b625b8d9509ed69c12f2437917e4aff8b5467a3f282143"
"two_math:CHAMP:P_Polynomial_23:minimax:r1:A1_AI","original",NA,"none","two_math:CHAMP:P_Polynomial_23:minimax:r1:A1_AI:http1","ok","508fb06fb30a250a848629080533da3371d2d977db05a2e1741f8080136a4a63"
"two_math:CHAMP:P_Inequality_24:minimax:r2:A0_Human","original",NA,"none","two_math:CHAMP:P_Inequality_24:minimax:r2:A0_Human:http1","ok","f3fe0da27370158e50ac199eb4703043cd982bde585abd66bfba53fa2633a64d"
"two_math:CHAMP:P_Sequence_20:deepseek:r1:A1_Human","original",NA,"none","two_math:CHAMP:P_Sequence_20:deepseek:r1:A1_Human:http1","ok","157a9708ef98ea6b25518d3a80e5bff99a064ffdca807d8d8675312efa2a3821"
"two_math:CHAMP:P_Inequality_24:minimax:r1:A1_Human","original",NA,"none","two_math:CHAMP:P_Inequality_24:minimax:r1:A1_Human:http1","ok","ebd215983b3e3cdebc7ac4a35ad8f5e73dec953b46dc7eda2cd818e1da995aa4"
"two_math:CHAMP:P_Inequality_15:deepseek:r1:A0_Human","original",NA,"none","two_math:CHAMP:P_Inequality_15:deepseek:r1:A0_Human:http1","ok","8458fb1bc25972a9273b02af30b9c6831fa107a2ed3cafb622447eed423dc015"
"two_math:CHAMP:P_Combinatorics_18:minimax:r1:A1_AI","original",NA,"none","two_math:CHAMP:P_Combinatorics_18:minimax:r1:A1_AI:http1","ok","99ac1e90289225b91a65755c72f770e789e29cf0ae4a1fcb5e779cee44e2c6df"
"two_math:CHAMP:P_Polynomial_40:deepseek:r1:A0_Human","original",NA,"none","two_math:CHAMP:P_Polynomial_40:deepseek:r1:A0_Human:http1","ok","a45de2f15e552beb84d5d2162c07412914be018775705d4fc6230f0c5cb9e4ed"
"two_math:CHAMP:P_Inequality_24:minimax:r2:A1_Human","original",NA,"none","two_math:CHAMP:P_Inequality_24:minimax:r2:A1_Human:http1","ok","54cdebbc42ccaef5fa088752762c1698762f3e095fdd04d6cd409de6b5a76deb"
"two_math:CHAMP:P_Combinatorics_30:deepseek:r1:A1_AI","original",NA,"none","two_math:CHAMP:P_Combinatorics_30:deepseek:r1:A1_AI:http1","ok","dc1262750a5bbd2e1f54a98bc48a11e01e425eaf91a03b541f498a5092fa5eab"
"two_math:CHAMP:P_Combinatorics_30:deepseek:r1:A0_Human","original",NA,"none","two_math:CHAMP:P_Combinatorics_30:deepseek:r1:A0_Human:http1","ok","5e23b232c05bed16cfbf03fe1d99b71575de5d8267a1c4adfefd207532e82314"
"two_math:CHAMP:P_Combinatorics_5:deepseek:r2:A0_Human","original",NA,"none","two_math:CHAMP:P_Combinatorics_5:deepseek:r2:A0_Human:http1","ok","03914775f0e6c17348f0cfedd4e2b6451d84439df85abbc4b882711c2e0eb8ba"
"two_math:CHAMP:P_Sequence_28:minimax:r2:A1_Human","original",NA,"none","two_math:CHAMP:P_Sequence_28:minimax:r2:A1_Human:http1","ok","b7a73dc93e3fe62a8f84a230af42d289d72ed5fcd1f9500fdb9bee4055b55ced"
"two_math:CHAMP:P_Inequality_13:deepseek:r2:A0_Human","original",NA,"none","two_math:CHAMP:P_Inequality_13:deepseek:r2:A0_Human:http1","ok","357a210cdbbd13ab772337cca599f31193793bb20c900a8279e33563497311d5"
"two_math:CHAMP:P_Polynomial_47:minimax:r2:A1_Human","original",NA,"none","two_math:CHAMP:P_Polynomial_47:minimax:r2:A1_Human:http1","ok","15c46244b2c4908e8ac385a1be8dd003f081bdfb51f2a5f16d4803307083a367"
"two_math:CHAMP:P_Combinatorics_5:deepseek:r1:A1_Human","original",NA,"none","two_math:CHAMP:P_Combinatorics_5:deepseek:r1:A1_Human:http1","ok","abeca715299627b0526e7a4df3e70975296379ab7c8f2a8c5cf8ca95b7f88e54"
"two_math:CHAMP:P_Sequence_42:minimax:r1:A0_Human","original",NA,"none","two_math:CHAMP:P_Sequence_42:minimax:r1:A0_Human:http1","ok","0e36acda4c6a189c499c5765e18e778b022a7d21647ab66678f95e84d87d1593"
"two_math:CHAMP:P_Inequality_13:minimax:r2:A1_Human","original",NA,"none","two_math:CHAMP:P_Inequality_13:minimax:r2:A1_Human:http1","ok","70ab29eded6c1a17dd4c1838e2a9753b4bb3d7b10008a88a9764725bbde8ef6b"
"two_math:CHAMP:P_Sequence_20:minimax:r2:A1_Human","original",NA,"none","two_math:CHAMP:P_Sequence_20:minimax:r2:A1_Human:http1","ok","fcc74700b175db4616a2099d45d61b4261700ad6c9279d16bfa6a1d216416557"
"two_math:CHAMP:P_Sequence_20:minimax:r2:A1_AI","original",NA,"none","two_math:CHAMP:P_Sequence_20:minimax:r2:A1_AI:http1","ok","6a68d7a7853e452584f15a6ae98a1d1571307b4947d7efbc15a644468d822950"
"two_math:CHAMP:P_Sequence_21:deepseek:r1:A0_AI","technical_recovery_appendix",1,"previously_skipped_dependency_now_available","two_math:CHAMP:P_Sequence_21:deepseek:r1:A0_AI:recovery1:http1","ok","d057085ea0a67ebc775ea4990b116df3589cba68ed02cb539c3e8ce7dc803929"
"two_math:CHAMP:P_Combinatorics_20:minimax:r1:self_check","technical_recovery_appendix",1,"previously_skipped_dependency_now_available","two_math:CHAMP:P_Combinatorics_20:minimax:r1:self_check:recovery1:http1","ok","93936d11bd8b522075770ef036ece4c9a4ba0feb165d16e2ea74800c1adb8527"
"two_math:CHAMP:P_Combinatorics_40:minimax:r2:A0_AI","technical_recovery_appendix",1,"previously_skipped_dependency_now_available","two_math:CHAMP:P_Combinatorics_40:minimax:r2:A0_AI:recovery1:http1","ok","6fe633e26df8b16625647b6ee7776c51fee357285b7d1cc5f21243cb56bd9118"
"two_math:CHAMP:P_Sequence_19:minimax:r1:A0_AI","technical_recovery_appendix",1,"previously_skipped_dependency_now_available","two_math:CHAMP:P_Sequence_19:minimax:r1:A0_AI:recovery1:http1","ok","d28b23d8a7d837874467916fcf37fb83de2909ecefbd313626341ff59db5b24c"
"two_math:CHAMP:P_Sequence_21:minimax:r1:self_check","technical_recovery_appendix",2,"exact_original_payload_retry","two_math:CHAMP:P_Sequence_21:minimax:r1:self_check:recovery2:http1","ok","7b8a9ef508f37a42213d7faec9a9841cf0521c545e8ab9966a98ddb553d6ba2f"
"two_math:CHAMP:P_Inequality_8:minimax:r1:A0_AI","technical_recovery_appendix",1,"previously_skipped_dependency_now_available","two_math:CHAMP:P_Inequality_8:minimax:r1:A0_AI:recovery1:http1","ok","fc850860338f8bd9338000b083c017e2a7516fc6f8e34bbffe230ee1f7b14c4a"
"two_math:CHAMP:P_Polynomial_17:minimax:r2:A0_AI","technical_recovery_appendix",2,"exact_original_payload_retry","two_math:CHAMP:P_Polynomial_17:minimax:r2:A0_AI:recovery2:http1","ok","4ad716167f17b2f7d91bc24f6007f29c57178ce73726957ecf19d1fc466b3f85"
"two_math:CHAMP:P_Sequence_40:minimax:r1:self_check","technical_recovery_appendix",1,"previously_skipped_dependency_now_available","two_math:CHAMP:P_Sequence_40:minimax:r1:self_check:recovery1:http1","ok","be490d1e697e526707197be05acfd99d04fefe62f1695c8ce73a4403bc391b50"
"two_math:CHAMP:P_Combinatorics_20:minimax:r2:A0_AI","technical_recovery_appendix",1,"previously_skipped_dependency_now_available","two_math:CHAMP:P_Combinatorics_20:minimax:r2:A0_AI:recovery1:http1","ok","07ab7eaab83999aa9729328afa83ef0c39eff3aa334e46bc24afb4eb6e94e6e3"
"two_math:CHAMP:P_Number-Theory_42:deepseek:r1:self_check","technical_recovery_appendix",1,"previously_skipped_dependency_now_available","two_math:CHAMP:P_Number-Theory_42:deepseek:r1:self_check:recovery1:http1","ok","25c4d0ba0e1a52a0167e7fee29c99915bb440ebfe7148f1a870bb99233b51f93"
"two_math:CHAMP:P_Number-Theory_42:minimax:r1:A0_AI","technical_recovery_appendix",1,"previously_skipped_dependency_now_available","two_math:CHAMP:P_Number-Theory_42:minimax:r1:A0_AI:recovery1:http1","ok","a64f0772f4ab0aea6605ea504608178070a9119286a8b12fcbd53345fbedeece"
"two_math:CHAMP:P_Combinatorics_20:deepseek:r2:self_check","technical_recovery_appendix",1,"previously_skipped_dependency_now_available","two_math:CHAMP:P_Combinatorics_20:deepseek:r2:self_check:recovery1:http1","ok","941a41a4387987be3beb14c064d120cf275a6e31ec9d8e5214c1038d304a9bd9"
"two_math:CHAMP:P_Number-Theory_12:deepseek:r1:A0_AI","technical_recovery_appendix",1,"previously_skipped_dependency_now_available","two_math:CHAMP:P_Number-Theory_12:deepseek:r1:A0_AI:recovery1:http1","ok","961b14902eec7f2837b7828894a356bdf80078ff61a059bc26ecf3a109c3b4bd"
"two_math:CHAMP:P_Inequality_26:minimax:r2:self_check","technical_recovery_appendix",1,"previously_skipped_dependency_now_available","two_math:CHAMP:P_Inequality_26:minimax:r2:self_check:recovery1:http1","ok","871423c8cb94b0f9045236eca053bc0846a0b3ab8ec94d4220e23b3785c3e721"
"two_math:CHAMP:P_Inequality_8:deepseek:r1:self_check","technical_recovery_appendix",1,"previously_skipped_dependency_now_available","two_math:CHAMP:P_Inequality_8:deepseek:r1:self_check:recovery1:http1","ok","eda8ea33ce8a6199f62bb49e6b912d782d281d25b1a8cef55afb11f0c1346fb7"
"two_math:CHAMP:P_Sequence_40:deepseek:r1:self_check","technical_recovery_appendix",1,"previously_skipped_dependency_now_available","two_math:CHAMP:P_Sequence_40:deepseek:r1:self_check:recovery1:http1","ok","4bbf73f9b231706d1ccea2e0ab4962b307a9653ebf1585a25ea5d4722cbd84de"
"two_math:CHAMP:P_Combinatorics_40:deepseek:r2:A0_AI","technical_recovery_appendix",1,"previously_skipped_dependency_now_available","two_math:CHAMP:P_Combinatorics_40:deepseek:r2:A0_AI:recovery1:http1","ok","a6d2a6526f269e570eb700c569c7384eb9344d5c0c2b46f4708567efea36a944"
"two_math:CHAMP:P_Number-Theory_42:deepseek:r1:A0_AI","technical_recovery_appendix",2,"token_limit_6144_secondary","two_math:CHAMP:P_Number-Theory_42:deepseek:r1:A0_AI:recovery2:http1","ok","22a7ff52892815b06c87df31d7b0ffc045f2d40ae717ad64f3c5ed49f98fe505"
"two_math:CHAMP:P_Sequence_28:minimax:r1:A0_AI","technical_recovery_appendix",1,"previously_skipped_dependency_now_available","two_math:CHAMP:P_Sequence_28:minimax:r1:A0_AI:recovery1:http1","ok","5427082846df1a0f02ebb42623a66386cc3ce04eb6020007320959ff44b42d79"
"two_math:CHAMP:P_Number-Theory_12:minimax:r1:A0_AI","technical_recovery_appendix",1,"previously_skipped_dependency_now_available","two_math:CHAMP:P_Number-Theory_12:minimax:r1:A0_AI:recovery1:http1","ok","b53bf3edf41b73e3e061808def946cff806110e3f6db8fdd24a5501e715c1121"
"two_math:CHAMP:P_Sequence_19:deepseek:r1:A0_AI","technical_recovery_appendix",1,"previously_skipped_dependency_now_available","two_math:CHAMP:P_Sequence_19:deepseek:r1:A0_AI:recovery1:http1","ok","2125579280c998b28d7d908755735c78247b232d8ef31ad42571d73f444b6b69"
"two_math:CHAMP:P_Sequence_40:minimax:r1:A0_AI","technical_recovery_appendix",1,"previously_skipped_dependency_now_available","two_math:CHAMP:P_Sequence_40:minimax:r1:A0_AI:recovery1:http1","ok","e23bec7e43c1d966ec8e16cebb8984bef9d320c81d242b593016a9e5c8238434"
"two_math:CHAMP:P_Number-Theory_12:minimax:r1:self_check","technical_recovery_appendix",1,"previously_skipped_dependency_now_available","two_math:CHAMP:P_Number-Theory_12:minimax:r1:self_check:recovery1:http1","ok","4b6b985520779201883af621a6884cfbe52685958ccbcf40c99dd5b726481043"
"two_math:CHAMP:P_Sequence_21:minimax:r1:A0_AI","technical_recovery_appendix",1,"previously_skipped_dependency_now_available","two_math:CHAMP:P_Sequence_21:minimax:r1:A0_AI:recovery1:http1","ok","e8138bca7a53dfd0154f4a66cb3edbb3dc4f79b68dd44e88103e83a3023c53df"
"two_math:CHAMP:P_Polynomial_17:deepseek:r2:self_check","technical_recovery_appendix",1,"previously_skipped_dependency_now_available","two_math:CHAMP:P_Polynomial_17:deepseek:r2:self_check:recovery1:http1","ok","5578e3f7ade60f8bdfa5de8ff9b5ae6d9f4825c3a2782d5fdcf8aae32ca369c2"
"two_math:CHAMP:P_Combinatorics_40:minimax:r2:self_check","technical_recovery_appendix",1,"previously_skipped_dependency_now_available","two_math:CHAMP:P_Combinatorics_40:minimax:r2:self_check:recovery1:http1","ok","5a84deb30a322aec8f22391a5dabe485278c7a341c11be37e9cb0936fa3950fb"
"two_math:CHAMP:P_Inequality_8:deepseek:r1:A0_AI","technical_recovery_appendix",1,"previously_skipped_dependency_now_available","two_math:CHAMP:P_Inequality_8:deepseek:r1:A0_AI:recovery1:http1","ok","4f0618ed3858b198da57636f44cd298431e02dae4668fe53d1929c24582e0c94"
"two_math:CHAMP:P_Inequality_15:minimax:r2:self_check","technical_recovery_appendix",1,"previously_skipped_dependency_now_available","two_math:CHAMP:P_Inequality_15:minimax:r2:self_check:recovery1:http1","ok","b6450a4fe9b27b274d0d06edbea96823d0b58663387f34aa62d68ac1a57240ba"
"two_math:CHAMP:P_Combinatorics_20:deepseek:r1:A0_AI","technical_recovery_appendix",1,"previously_skipped_dependency_now_available","two_math:CHAMP:P_Combinatorics_20:deepseek:r1:A0_AI:recovery1:http1","ok","5ef4eb4ec3c968b24612d432a83e176ec8553b0d346155eec4c593fddaf61491"
"two_math:CHAMP:P_Sequence_28:deepseek:r1:A0_AI","technical_recovery_appendix",1,"previously_skipped_dependency_now_available","two_math:CHAMP:P_Sequence_28:deepseek:r1:A0_AI:recovery1:http1","ok","e997b57c61724a6b4ed1663d3028a4c296bc3bc24d6f32b7c483c9c036db6f38"
"two_math:CHAMP:P_Combinatorics_20:deepseek:r2:A0_AI","technical_recovery_appendix",1,"previously_skipped_dependency_now_available","two_math:CHAMP:P_Combinatorics_20:deepseek:r2:A0_AI:recovery1:http1","ok","3264271a5f926c69dd7bb293836ee41f4fab6aed129a70e6a206bb75227072df"
"two_math:CHAMP:P_Inequality_26:deepseek:r2:A0_AI","technical_recovery_appendix",1,"previously_skipped_dependency_now_available","two_math:CHAMP:P_Inequality_26:deepseek:r2:A0_AI:recovery1:http1","ok","677104af59a214c6c655ad62e2cb58633e8dfa73306f47a6e8a6685328287490"
"two_math:CHAMP:P_Inequality_15:deepseek:r2:A0_AI","technical_recovery_appendix",1,"previously_skipped_dependency_now_available","two_math:CHAMP:P_Inequality_15:deepseek:r2:A0_AI:recovery1:http1","ok","a3a7ac7c2f7616a9c55d4602926faa633deaa2530bcec920b4fadb5ddb5ab08b"
"two_math:CHAMP:P_Combinatorics_18:minimax:r2:A0_AI","technical_recovery_appendix",1,"previously_skipped_dependency_now_available","two_math:CHAMP:P_Combinatorics_18:minimax:r2:A0_AI:recovery1:http1","ok","6305161a845edb3b10eb742914fbca40e5d8f2ef78f0933e994918ece226ed47"
"two_math:CHAMP:P_Sequence_28:minimax:r1:self_check","technical_recovery_appendix",1,"previously_skipped_dependency_now_available","two_math:CHAMP:P_Sequence_28:minimax:r1:self_check:recovery1:http1","ok","a818ba114ffa71563f5a33f9dbcd56eb5648dc099054f2b6120b3d77a30b7512"
"two_math:CHAMP:P_Polynomial_17:deepseek:r2:A0_AI","technical_recovery_appendix",1,"previously_skipped_dependency_now_available","two_math:CHAMP:P_Polynomial_17:deepseek:r2:A0_AI:recovery1:http1","ok","f16c799e10c56fe940c66f14d26b7b652b7494e1e672c8dc418e0d99e4e5234a"
"two_math:CHAMP:P_Inequality_15:minimax:r2:A0_AI","technical_recovery_appendix",1,"previously_skipped_dependency_now_available","two_math:CHAMP:P_Inequality_15:minimax:r2:A0_AI:recovery1:http1","ok","2d07e756cd76cef76bc9265969c8a9bf7aeb1f0c279cb93a9c68c2b297cd69e6"
"two_math:CHAMP:P_Combinatorics_18:deepseek:r2:A0_AI","technical_recovery_appendix",1,"previously_skipped_dependency_now_available","two_math:CHAMP:P_Combinatorics_18:deepseek:r2:A0_AI:recovery1:http1","ok","11953621b76acba7cdaabef3a9a6839d570135228e9fbe362f7b9b2481e13159"
"two_math:CHAMP:P_Combinatorics_18:minimax:r2:self_check","technical_recovery_appendix",1,"previously_skipped_dependency_now_available","two_math:CHAMP:P_Combinatorics_18:minimax:r2:self_check:recovery1:http1","ok","06e6f630eb4bca0eca5c7b94dfd42afbd11dca2e2b4954de0503880999ba5694"
"two_math:CHAMP:P_Inequality_26:minimax:r2:A0_AI","technical_recovery_appendix",1,"previously_skipped_dependency_now_available","two_math:CHAMP:P_Inequality_26:minimax:r2:A0_AI:recovery1:http1","ok","ac941061589a439a9bee4b480c23feeb75324894fb3c7a5f260809ef665971e5"
"two_math:CHAMP:P_Sequence_19:deepseek:r1:self_check","technical_recovery_appendix",1,"previously_skipped_dependency_now_available","two_math:CHAMP:P_Sequence_19:deepseek:r1:self_check:recovery1:http1","ok","71e48d6f0a3f3f47521d001a87c0ba7eb23aa8dd0256d953f956c18f8e7d872b"
"two_math:CHAMP:P_Combinatorics_20:minimax:r1:A0_AI","technical_recovery_appendix",2,"exact_original_payload_retry","two_math:CHAMP:P_Combinatorics_20:minimax:r1:A0_AI:recovery2:http1","ok","4fa8ffb6ad272d70ca55a7c89c13c1b832fa39a723fa479557b8790cdbeb2f3b"
"two_math:CHAMP:P_Combinatorics_20:minimax:r2:self_check","technical_recovery_appendix",1,"previously_skipped_dependency_now_available","two_math:CHAMP:P_Combinatorics_20:minimax:r2:self_check:recovery1:http1","ok","a150081a6cc62bea902268681295708ade97a15ce14396303d7f5ba47b37afdf"
"two_math:CHAMP:P_Sequence_40:deepseek:r1:A0_AI","technical_recovery_appendix",2,"token_limit_6144_secondary","two_math:CHAMP:P_Sequence_40:deepseek:r1:A0_AI:recovery2:http1","ok","b7f82cbfff5f801eb64d420feaf667c6d2a439454fcafa39a951f4f259414410"
"two_math:CHAMP:P_Sequence_42:minimax:r2:A1_Human","technical_recovery_appendix",1,"previously_skipped_dependency_now_available","two_math:CHAMP:P_Sequence_42:minimax:r2:A1_Human:recovery1:http1","ok","571a6f5b2c815a12b3cc9272eb4ed9b026cd1f9f87f0e5c60c077d410ff3a5a2"
"two_math:CHAMP:P_Inequality_15:minimax:r2:A1_AI","technical_recovery_appendix",1,"previously_skipped_dependency_now_available","two_math:CHAMP:P_Inequality_15:minimax:r2:A1_AI:recovery1:http1","ok","b5d637b955d1a686e72998ad47a8a86825c2ddcff6c0431487f5697bb5fe2de9"
"two_math:CHAMP:P_Number-Theory_27:deepseek:r2:A1_Human","technical_recovery_appendix",1,"previously_skipped_dependency_now_available","two_math:CHAMP:P_Number-Theory_27:deepseek:r2:A1_Human:recovery1:http1","ok","fd190a66b6e8a92a4f52aba1091041f7934c02949ffa5bd37d0bc0f99635a2c7"
"two_math:CHAMP:P_Inequality_15:deepseek:r2:A0_Human","technical_recovery_appendix",1,"previously_skipped_dependency_now_available","two_math:CHAMP:P_Inequality_15:deepseek:r2:A0_Human:recovery1:http1","ok","b52c0f946a94ff996f94b9fb4ac08944a9996177771d9e69d0192cc3a4973137"
"two_math:CHAMP:P_Sequence_28:minimax:r1:A0_Human","technical_recovery_appendix",1,"previously_skipped_dependency_now_available","two_math:CHAMP:P_Sequence_28:minimax:r1:A0_Human:recovery1:http1","ok","5f8582003456d60d5aa7f1566c264f55fc0dbd453bc6c7441802ca3f4b4179dc"
"two_math:CHAMP:P_Inequality_13:deepseek:r1:A1_AI","technical_recovery_appendix",1,"previously_skipped_dependency_now_available","two_math:CHAMP:P_Inequality_13:deepseek:r1:A1_AI:recovery1:http1","ok","d137bb45e82e5be2d9f470747e06eef30f825312785e5cbb1f23ca248215ae5d"
"two_math:CHAMP:P_Inequality_15:minimax:r2:A0_Human","technical_recovery_appendix",1,"previously_skipped_dependency_now_available","two_math:CHAMP:P_Inequality_15:minimax:r2:A0_Human:recovery1:http1","ok","b8f14d0354e688183d70853a58d2d9e65a1a20f7838a23964d3817c26c1e675e"
"two_math:CHAMP:P_Sequence_28:deepseek:r1:A1_Human","technical_recovery_appendix",1,"previously_skipped_dependency_now_available","two_math:CHAMP:P_Sequence_28:deepseek:r1:A1_Human:recovery1:http1","ok","a4e694d9d63b30d727d9bf4118ffa4f33430dccaefd889fa87390d274ebc193c"
"two_math:CHAMP:P_Polynomial_40:deepseek:r1:A1_AI","technical_recovery_appendix",1,"previously_skipped_dependency_now_available","two_math:CHAMP:P_Polynomial_40:deepseek:r1:A1_AI:recovery1:http1","ok","c704dc38a6e12cb1db4f0f3b9cee60b588529c219e65582fd48440fd1caa7bf6"
"two_math:CHAMP:P_Polynomial_40:minimax:r1:A1_Human","technical_recovery_appendix",1,"previously_skipped_dependency_now_available","two_math:CHAMP:P_Polynomial_40:minimax:r1:A1_Human:recovery1:http1","ok","11a89dea9828722b07b52bd4d791fb88ec20a71d6e821bd2232f28dfbee2eb5f"
"two_math:CHAMP:P_Number-Theory_27:deepseek:r1:A1_AI","technical_recovery_appendix",1,"previously_skipped_dependency_now_available","two_math:CHAMP:P_Number-Theory_27:deepseek:r1:A1_AI:recovery1:http1","ok","b471e195e8596548760e659ff2af262cb66314b699b4c2aa50f34c1851b71096"
"two_math:CHAMP:P_Inequality_13:deepseek:r1:A1_Human","technical_recovery_appendix",1,"previously_skipped_dependency_now_available","two_math:CHAMP:P_Inequality_13:deepseek:r1:A1_Human:recovery1:http1","ok","e70280f386eab2388fde681bde916a9120ed45c5e816e6b58a81968c42ff3ecb"
"two_math:CHAMP:P_Sequence_42:minimax:r2:A1_AI","technical_recovery_appendix",1,"previously_skipped_dependency_now_available","two_math:CHAMP:P_Sequence_42:minimax:r2:A1_AI:recovery1:http1","ok","5ccaa873762e449af5c969025d00e16f4d88464f28f8b5c7d1e9617061081322"
"two_math:CHAMP:P_Sequence_42:deepseek:r1:A1_Human","technical_recovery_appendix",1,"previously_skipped_dependency_now_available","two_math:CHAMP:P_Sequence_42:deepseek:r1:A1_Human:recovery1:http1","ok","896aae1f728b1f35a70c8e6eec247c96105673997898290d7e1ae7beceb2bf86"
"two_math:CHAMP:P_Sequence_42:deepseek:r2:A1_AI","technical_recovery_appendix",1,"previously_skipped_dependency_now_available","two_math:CHAMP:P_Sequence_42:deepseek:r2:A1_AI:recovery1:http1","ok","64e04f4ed7c5efc246c56ab1dce23fce83824c9cf8ef9d2ca65ff5fde7eb2fb4"
"two_math:CHAMP:P_Inequality_13:deepseek:r2:A1_Human","technical_recovery_appendix",1,"previously_skipped_dependency_now_available","two_math:CHAMP:P_Inequality_13:deepseek:r2:A1_Human:recovery1:http1","ok","27682421ec300fa460cb41610d8607d9a62019ddd1280a93f6f1524eaa9b3080"
"two_math:CHAMP:P_Combinatorics_18:minimax:r2:A1_Human","technical_recovery_appendix",1,"previously_skipped_dependency_now_available","two_math:CHAMP:P_Combinatorics_18:minimax:r2:A1_Human:recovery1:http1","ok","f800c7586850bc727322b8e0bcd240702068ebcc65dedb82e4ec73f65f91c5a7"
"two_math:CHAMP:P_Sequence_28:deepseek:r1:A0_Human","technical_recovery_appendix",1,"previously_skipped_dependency_now_available","two_math:CHAMP:P_Sequence_28:deepseek:r1:A0_Human:recovery1:http1","ok","c876a8152bac8141ef425edde474aacb12e37c0ecd861a0b02ecf493953eac52"
"two_math:CHAMP:P_Number-Theory_67:deepseek:r2:A1_Human","technical_recovery_appendix",1,"previously_skipped_dependency_now_available","two_math:CHAMP:P_Number-Theory_67:deepseek:r2:A1_Human:recovery1:http1","ok","542421afdc4da0b89a2bfc2927867554875c37187e25ebc1855c86d5781acdcf"
"two_math:CHAMP:P_Inequality_13:deepseek:r2:A1_AI","technical_recovery_appendix",1,"previously_skipped_dependency_now_available","two_math:CHAMP:P_Inequality_13:deepseek:r2:A1_AI:recovery1:http1","ok","77f233a66328ae81a6d90dfe8fbc45320c439e837edccd11c164a307d9b14ecd"
"two_math:CHAMP:P_Polynomial_40:minimax:r1:A1_AI","technical_recovery_appendix",1,"previously_skipped_dependency_now_available","two_math:CHAMP:P_Polynomial_40:minimax:r1:A1_AI:recovery1:http1","ok","33c574b26c5e8533e7f7d7b816c44a1e00e2ef7149c7b01ac22b90dab1066974"
"two_math:CHAMP:P_Number-Theory_27:deepseek:r2:A1_AI","technical_recovery_appendix",1,"previously_skipped_dependency_now_available","two_math:CHAMP:P_Number-Theory_27:deepseek:r2:A1_AI:recovery1:http1","ok","a085b274256a825f2423d84ab3c68d1e3a562a5e8099ef67a084d6260601b906"
"two_math:CHAMP:P_Inequality_24:deepseek:r2:A1_Human","technical_recovery_appendix",1,"previously_skipped_dependency_now_available","two_math:CHAMP:P_Inequality_24:deepseek:r2:A1_Human:recovery1:http1","ok","50283260a61ddaa4311e9ae58890a7009ccd45a88a2b0e9d50bdd5ff31042d65"
"two_math:CHAMP:P_Sequence_42:deepseek:r2:A1_Human","technical_recovery_appendix",1,"previously_skipped_dependency_now_available","two_math:CHAMP:P_Sequence_42:deepseek:r2:A1_Human:recovery1:http1","ok","d5f7f3dcab4af402fbe2ab88a6798c4d0f0a72a76b9ef0143843820c5907cf02"
"two_math:CHAMP:P_Sequence_42:deepseek:r1:A1_AI","technical_recovery_appendix",1,"previously_skipped_dependency_now_available","two_math:CHAMP:P_Sequence_42:deepseek:r1:A1_AI:recovery1:http1","ok","f16f6f00298e3ee4f60e81b24bef994454f251170944ec9147550dae61601590"
"two_math:CHAMP:P_Polynomial_40:deepseek:r1:A1_Human","technical_recovery_appendix",1,"previously_skipped_dependency_now_available","two_math:CHAMP:P_Polynomial_40:deepseek:r1:A1_Human:recovery1:http1","ok","4152e137af8e1f162e153a237627176982cafbacc9fc77a51397572e6c0fe608"
"two_math:CHAMP:P_Sequence_28:deepseek:r1:A1_AI","technical_recovery_appendix",1,"previously_skipped_dependency_now_available","two_math:CHAMP:P_Sequence_28:deepseek:r1:A1_AI:recovery1:http1","ok","a880618b500db5caea9cf7b07c752d1037e83defbd305f225332e9bec19f1cb2"
"two_math:CHAMP:P_Number-Theory_67:deepseek:r2:A1_AI","technical_recovery_appendix",1,"previously_skipped_dependency_now_available","two_math:CHAMP:P_Number-Theory_67:deepseek:r2:A1_AI:recovery1:http1","ok","62f51ad21b3a4d0d54b4624efe51829ef75ac6ab5472db2888500471303cd6e4"
"two_math:CHAMP:P_Inequality_24:deepseek:r2:A1_AI","technical_recovery_appendix",1,"previously_skipped_dependency_now_available","two_math:CHAMP:P_Inequality_24:deepseek:r2:A1_AI:recovery1:http1","ok","1e2676e066de9d592dbfa70cef16c7dedc8c22c2409d4a006e1db850093bbf1c"
"two_math:CHAMP:P_Number-Theory_27:deepseek:r1:A1_Human","technical_recovery_appendix",1,"previously_skipped_dependency_now_available","two_math:CHAMP:P_Number-Theory_27:deepseek:r1:A1_Human:recovery1:http1","ok","8d5138144c7195bde1207ef5414afb7cb61ee3a24b0415927611c517dd1edd54"
"two_math:CHAMP:P_Inequality_24:deepseek:r1:A1_Human","technical_recovery_appendix",1,"previously_skipped_dependency_now_available","two_math:CHAMP:P_Inequality_24:deepseek:r1:A1_Human:recovery1:http1","ok","bdd9eb24850c99ca17875ce38ae7788ea6c4f2012735c1c1f16017dcab2c41b1"
"two_math:CHAMP:P_Inequality_24:deepseek:r1:A1_AI","technical_recovery_appendix",1,"previously_skipped_dependency_now_available","two_math:CHAMP:P_Inequality_24:deepseek:r1:A1_AI:recovery1:http1","ok","6bb6cc33109e2ac836a41d3306d3eb88addffce2bc661db465a36e5a1c749a93"
"two_math:CHAMP:P_Combinatorics_18:minimax:r2:A1_AI","technical_recovery_appendix",1,"previously_skipped_dependency_now_available","two_math:CHAMP:P_Combinatorics_18:minimax:r2:A1_AI:recovery1:http1","ok","678e16ef0a83a4fa06ab3384dd4d15a70e180952356d0f7f1ca6d25ced5bdefc"
"two_math:CHAMP:P_Sequence_28:minimax:r1:A1_Human","technical_recovery_appendix",1,"previously_skipped_dependency_now_available","two_math:CHAMP:P_Sequence_28:minimax:r1:A1_Human:recovery1:http1","ok","aa39b4cf945a3929bdef6d677c68a62272d466a269cd9b77c7fac79eb5ef4672"
"two_math:CHAMP:P_Sequence_28:minimax:r1:A1_AI","technical_recovery_appendix",1,"previously_skipped_dependency_now_available","two_math:CHAMP:P_Sequence_28:minimax:r1:A1_AI:recovery1:http1","ok","54b441544adf411f078265b9619975a9b0f01b5495c7eac538d5ff6ad0cc43a2"
"two_math:CHAMP:P_Combinatorics_18:deepseek:r2:A0_Human","technical_recovery_appendix",1,"previously_skipped_dependency_now_available","two_math:CHAMP:P_Combinatorics_18:deepseek:r2:A0_Human:recovery1:http1","ok","e56bfdd142914133b891e4d699737bd207cf187049ffe39ac6a2724d6ecb3af9"
"two_math:CHAMP:P_Number-Theory_24:deepseek:r2:A1_Human","technical_recovery_appendix",1,"previously_skipped_dependency_now_available","two_math:CHAMP:P_Number-Theory_24:deepseek:r2:A1_Human:recovery1:http1","ok","1dee7a0eec4c97e85fe811c9c83ea0fd7a43eed00aff1baae47f0848f4f30d9a"
"two_math:CHAMP:P_Number-Theory_24:deepseek:r2:A1_AI","technical_recovery_appendix",1,"previously_skipped_dependency_now_available","two_math:CHAMP:P_Number-Theory_24:deepseek:r2:A1_AI:recovery1:http1","ok","8caa6a958c0a6c44b05bf704cd68a90934ef750f05ea400c07fbfcc4901bc79b"
"two_math:CHAMP:P_Inequality_15:minimax:r2:A1_Human","technical_recovery_appendix",1,"previously_skipped_dependency_now_available","two_math:CHAMP:P_Inequality_15:minimax:r2:A1_Human:recovery1:http1","ok","4468f4ed0414b3a5090ea96ec8d8060bdcbd83308c9956513eb16a24ae57e302"
"two_math:CHAMP:P_Combinatorics_18:minimax:r2:A0_Human","technical_recovery_appendix",1,"previously_skipped_dependency_now_available","two_math:CHAMP:P_Combinatorics_18:minimax:r2:A0_Human:recovery1:http1","ok","0f04d26f4d63ea30c5d0d6472e62ad2e4806e331acfaf14f3fe658a12f324391"
