"id","question_id","domain","family","provider","donor","repeat_id","condition","baseline_id","donor_id","phase","mechanism_selected","order","status","grade"
"two_math:CHAMP:P_Sequence_19:deepseek:r2:neutral_initial","CHAMP:P_Sequence_19","math","Sequence","deepseek","",2,"neutral_initial","","",1,FALSE,1,"ok","correct"
"two_math:CHAMP:P_Combinatorics_38:minimax:r2:neutral_initial","CHAMP:P_Combinatorics_38","math","Combinatorics","minimax","",2,"neutral_initial","","",1,FALSE,2,"ok","correct"
"two_math:CHAMP:P_Sequence_11:minimax:r2:neutral_initial","CHAMP:P_Sequence_11","math","Sequence","minimax","",2,"neutral_initial","","",1,FALSE,3,"ok","correct"
"two_math:CHAMP:P_Number-Theory_17:minimax:r2:neutral_initial","CHAMP:P_Number-Theory_17","math","Number-Theory","minimax","",2,"neutral_initial","","",1,FALSE,4,"ok","correct"
"two_math:CHAMP:P_Sequence_40:deepseek:r1:neutral_initial","CHAMP:P_Sequence_40","math","Sequence","deepseek","",1,"neutral_initial","","",1,FALSE,5,"incomplete","unscorable"
"two_math:CHAMP:P_Polynomial_1:minimax:r1:neutral_initial","CHAMP:P_Polynomial_1","math","Polynomial","minimax","",1,"neutral_initial","","",1,FALSE,6,"ok","correct"
"two_math:CHAMP:P_Sequence_11:deepseek:r2:neutral_initial","CHAMP:P_Sequence_11","math","Sequence","deepseek","",2,"neutral_initial","","",1,FALSE,7,"ok","correct"
"two_math:CHAMP:P_Polynomial_47:deepseek:r2:neutral_initial","CHAMP:P_Polynomial_47","math","Polynomial","deepseek","",2,"neutral_initial","","",1,TRUE,8,"ok","correct"
"two_math:CHAMP:P_Inequality_4:minimax:r2:neutral_initial","CHAMP:P_Inequality_4","math","Inequality","minimax","",2,"neutral_initial","","",1,FALSE,9,"ok","correct"
"two_math:CHAMP:P_Polynomial_11:deepseek:r1:neutral_initial","CHAMP:P_Polynomial_11","math","Polynomial","deepseek","",1,"neutral_initial","","",1,FALSE,10,"ok","correct"
"two_math:CHAMP:P_Combinatorics_20:minimax:r2:neutral_initial","CHAMP:P_Combinatorics_20","math","Combinatorics","minimax","",2,"neutral_initial","","",1,FALSE,11,"incomplete","unscorable"
"two_math:CHAMP:P_Combinatorics_21:deepseek:r1:neutral_initial","CHAMP:P_Combinatorics_21","math","Combinatorics","deepseek","",1,"neutral_initial","","",1,FALSE,12,"ok","correct"
"two_math:CHAMP:P_Inequality_24:deepseek:r2:neutral_initial","CHAMP:P_Inequality_24","math","Inequality","deepseek","",2,"neutral_initial","","",1,TRUE,13,"ok","correct"
"two_math:CHAMP:P_Polynomial_47:minimax:r1:neutral_initial","CHAMP:P_Polynomial_47","math","Polynomial","minimax","",1,"neutral_initial","","",1,TRUE,14,"ok","correct"
"two_math:CHAMP:P_Number-Theory_17:minimax:r1:neutral_initial","CHAMP:P_Number-Theory_17","math","Number-Theory","minimax","",1,"neutral_initial","","",1,FALSE,15,"ok","correct"
"two_math:CHAMP:P_Polynomial_50:deepseek:r2:neutral_initial","CHAMP:P_Polynomial_50","math","Polynomial","deepseek","",2,"neutral_initial","","",1,FALSE,16,"ok","correct"
"two_math:CHAMP:P_Number-Theory_27:minimax:r1:neutral_initial","CHAMP:P_Number-Theory_27","math","Number-Theory","minimax","",1,"neutral_initial","","",1,TRUE,17,"ok","correct"
"two_math:CHAMP:P_Inequality_15:deepseek:r2:neutral_initial","CHAMP:P_Inequality_15","math","Inequality","deepseek","",2,"neutral_initial","","",1,TRUE,18,"ok","correct"
"two_math:CHAMP:P_Polynomial_1:deepseek:r1:neutral_initial","CHAMP:P_Polynomial_1","math","Polynomial","deepseek","",1,"neutral_initial","","",1,FALSE,19,"ok","correct"
"two_math:CHAMP:P_Sequence_21:deepseek:r2:neutral_initial","CHAMP:P_Sequence_21","math","Sequence","deepseek","",2,"neutral_initial","","",1,FALSE,20,"ok","correct"
"two_math:CHAMP:P_Polynomial_23:minimax:r2:neutral_initial","CHAMP:P_Polynomial_23","math","Polynomial","minimax","",2,"neutral_initial","","",1,TRUE,21,"ok","correct"
"two_math:CHAMP:P_Combinatorics_5:minimax:r1:neutral_initial","CHAMP:P_Combinatorics_5","math","Combinatorics","minimax","",1,"neutral_initial","","",1,TRUE,22,"ok","correct"
"two_math:CHAMP:P_Combinatorics_20:deepseek:r1:neutral_initial","CHAMP:P_Combinatorics_20","math","Combinatorics","deepseek","",1,"neutral_initial","","",1,FALSE,23,"ok","correct"
"two_math:CHAMP:P_Inequality_13:deepseek:r1:neutral_initial","CHAMP:P_Inequality_13","math","Inequality","deepseek","",1,"neutral_initial","","",1,TRUE,24,"ok","correct"
"two_math:CHAMP:P_Sequence_11:deepseek:r1:neutral_initial","CHAMP:P_Sequence_11","math","Sequence","deepseek","",1,"neutral_initial","","",1,FALSE,25,"ok","correct"
"two_math:CHAMP:P_Inequality_8:minimax:r1:neutral_initial","CHAMP:P_Inequality_8","math","Inequality","minimax","",1,"neutral_initial","","",1,FALSE,26,"ok","correct"
"two_math:CHAMP:P_Inequality_13:minimax:r2:neutral_initial","CHAMP:P_Inequality_13","math","Inequality","minimax","",2,"neutral_initial","","",1,TRUE,27,"ok","incorrect"
"two_math:CHAMP:P_Sequence_40:minimax:r1:neutral_initial","CHAMP:P_Sequence_40","math","Sequence","minimax","",1,"neutral_initial","","",1,FALSE,28,"incomplete","unscorable"
"two_math:CHAMP:P_Sequence_42:minimax:r1:neutral_initial","CHAMP:P_Sequence_42","math","Sequence","minimax","",1,"neutral_initial","","",1,TRUE,29,"ok","correct"
"two_math:CHAMP:P_Combinatorics_31:minimax:r1:neutral_initial","CHAMP:P_Combinatorics_31","math","Combinatorics","minimax","",1,"neutral_initial","","",1,FALSE,30,"ok","correct"
"two_math:CHAMP:P_Number-Theory_13:deepseek:r1:neutral_initial","CHAMP:P_Number-Theory_13","math","Number-Theory","deepseek","",1,"neutral_initial","","",1,FALSE,31,"ok","correct"
"two_math:CHAMP:P_Number-Theory_32:deepseek:r1:neutral_initial","CHAMP:P_Number-Theory_32","math","Number-Theory","deepseek","",1,"neutral_initial","","",1,FALSE,32,"ok","correct"
"two_math:CHAMP:P_Combinatorics_40:minimax:r1:neutral_initial","CHAMP:P_Combinatorics_40","math","Combinatorics","minimax","",1,"neutral_initial","","",1,FALSE,33,"ok","correct"
"two_math:CHAMP:P_Polynomial_32:deepseek:r1:neutral_initial","CHAMP:P_Polynomial_32","math","Polynomial","deepseek","",1,"neutral_initial","","",1,FALSE,34,"ok","correct"
"two_math:CHAMP:P_Polynomial_24:deepseek:r2:neutral_initial","CHAMP:P_Polynomial_24","math","Polynomial","deepseek","",2,"neutral_initial","","",1,FALSE,35,"ok","correct"
"two_math:CHAMP:P_Polynomial_47:deepseek:r1:neutral_initial","CHAMP:P_Polynomial_47","math","Polynomial","deepseek","",1,"neutral_initial","","",1,TRUE,36,"ok","correct"
"two_math:CHAMP:P_Combinatorics_30:deepseek:r1:neutral_initial","CHAMP:P_Combinatorics_30","math","Combinatorics","deepseek","",1,"neutral_initial","","",1,TRUE,37,"ok","correct"
"two_math:CHAMP:P_Inequality_8:deepseek:r1:neutral_initial","CHAMP:P_Inequality_8","math","Inequality","deepseek","",1,"neutral_initial","","",1,FALSE,38,"incomplete","unscorable"
"two_math:CHAMP:P_Inequality_24:minimax:r1:neutral_initial","CHAMP:P_Inequality_24","math","Inequality","minimax","",1,"neutral_initial","","",1,TRUE,39,"ok","correct"
"two_math:CHAMP:P_Combinatorics_30:minimax:r2:neutral_initial","CHAMP:P_Combinatorics_30","math","Combinatorics","minimax","",2,"neutral_initial","","",1,TRUE,40,"ok","correct"
"two_math:CHAMP:P_Inequality_15:minimax:r2:neutral_initial","CHAMP:P_Inequality_15","math","Inequality","minimax","",2,"neutral_initial","","",1,TRUE,41,"incomplete","unscorable"
"two_math:CHAMP:P_Combinatorics_40:minimax:r2:neutral_initial","CHAMP:P_Combinatorics_40","math","Combinatorics","minimax","",2,"neutral_initial","","",1,FALSE,42,"transport_error","unscorable"
"two_math:CHAMP:P_Combinatorics_18:minimax:r2:neutral_initial","CHAMP:P_Combinatorics_18","math","Combinatorics","minimax","",2,"neutral_initial","","",1,TRUE,43,"transport_error","unscorable"
"two_math:CHAMP:P_Combinatorics_31:deepseek:r1:neutral_initial","CHAMP:P_Combinatorics_31","math","Combinatorics","deepseek","",1,"neutral_initial","","",1,FALSE,44,"ok","correct"
"two_math:CHAMP:P_Inequality_4:minimax:r1:neutral_initial","CHAMP:P_Inequality_4","math","Inequality","minimax","",1,"neutral_initial","","",1,FALSE,45,"ok","correct"
"two_math:CHAMP:P_Combinatorics_21:minimax:r1:neutral_initial","CHAMP:P_Combinatorics_21","math","Combinatorics","minimax","",1,"neutral_initial","","",1,FALSE,46,"ok","incorrect"
"two_math:CHAMP:P_Inequality_24:deepseek:r1:neutral_initial","CHAMP:P_Inequality_24","math","Inequality","deepseek","",1,"neutral_initial","","",1,TRUE,47,"ok","correct"
"two_math:CHAMP:P_Inequality_4:deepseek:r2:neutral_initial","CHAMP:P_Inequality_4","math","Inequality","deepseek","",2,"neutral_initial","","",1,FALSE,48,"ok","correct"
"two_math:CHAMP:P_Inequality_15:deepseek:r1:neutral_initial","CHAMP:P_Inequality_15","math","Inequality","deepseek","",1,"neutral_initial","","",1,TRUE,49,"ok","correct"
"two_math:CHAMP:P_Polynomial_11:minimax:r1:neutral_initial","CHAMP:P_Polynomial_11","math","Polynomial","minimax","",1,"neutral_initial","","",1,FALSE,50,"ok","incorrect"
"two_math:CHAMP:P_Number-Theory_27:deepseek:r1:neutral_initial","CHAMP:P_Number-Theory_27","math","Number-Theory","deepseek","",1,"neutral_initial","","",1,TRUE,51,"ok","correct"
"two_math:CHAMP:P_Polynomial_40:deepseek:r2:neutral_initial","CHAMP:P_Polynomial_40","math","Polynomial","deepseek","",2,"neutral_initial","","",1,TRUE,52,"ok","correct"
"two_math:CHAMP:P_Number-Theory_67:deepseek:r1:neutral_initial","CHAMP:P_Number-Theory_67","math","Number-Theory","deepseek","",1,"neutral_initial","","",1,TRUE,53,"ok","correct"
"two_math:CHAMP:P_Combinatorics_5:deepseek:r1:neutral_initial","CHAMP:P_Combinatorics_5","math","Combinatorics","deepseek","",1,"neutral_initial","","",1,TRUE,54,"ok","correct"
"two_math:CHAMP:P_Combinatorics_18:deepseek:r2:neutral_initial","CHAMP:P_Combinatorics_18","math","Combinatorics","deepseek","",2,"neutral_initial","","",1,TRUE,55,"ok","correct"
"two_math:CHAMP:P_Sequence_19:minimax:r2:neutral_initial","CHAMP:P_Sequence_19","math","Sequence","minimax","",2,"neutral_initial","","",1,FALSE,56,"ok","incorrect"
"two_math:CHAMP:P_Number-Theory_27:minimax:r2:neutral_initial","CHAMP:P_Number-Theory_27","math","Number-Theory","minimax","",2,"neutral_initial","","",1,TRUE,57,"ok","correct"
"two_math:CHAMP:P_Number-Theory_32:minimax:r1:neutral_initial","CHAMP:P_Number-Theory_32","math","Number-Theory","minimax","",1,"neutral_initial","","",1,FALSE,58,"ok","correct"
"two_math:CHAMP:P_Number-Theory_32:minimax:r2:neutral_initial","CHAMP:P_Number-Theory_32","math","Number-Theory","minimax","",2,"neutral_initial","","",1,FALSE,59,"ok","correct"
"two_math:CHAMP:P_Inequality_26:deepseek:r1:neutral_initial","CHAMP:P_Inequality_26","math","Inequality","deepseek","",1,"neutral_initial","","",1,FALSE,60,"ok","correct"
"two_math:CHAMP:P_Polynomial_1:deepseek:r2:neutral_initial","CHAMP:P_Polynomial_1","math","Polynomial","deepseek","",2,"neutral_initial","","",1,FALSE,61,"ok","correct"
"two_math:CHAMP:P_Combinatorics_5:deepseek:r2:neutral_initial","CHAMP:P_Combinatorics_5","math","Combinatorics","deepseek","",2,"neutral_initial","","",1,TRUE,62,"ok","correct"
"two_math:CHAMP:P_Inequality_13:minimax:r1:neutral_initial","CHAMP:P_Inequality_13","math","Inequality","minimax","",1,"neutral_initial","","",1,TRUE,63,"ok","correct"
"two_math:CHAMP:P_Polynomial_17:minimax:r2:neutral_initial","CHAMP:P_Polynomial_17","math","Polynomial","minimax","",2,"neutral_initial","","",1,FALSE,64,"ok","unscorable"
"two_math:CHAMP:P_Sequence_19:minimax:r1:neutral_initial","CHAMP:P_Sequence_19","math","Sequence","minimax","",1,"neutral_initial","","",1,FALSE,65,"ok","incorrect"
"two_math:CHAMP:P_Inequality_26:minimax:r2:neutral_initial","CHAMP:P_Inequality_26","math","Inequality","minimax","",2,"neutral_initial","","",1,FALSE,66,"incomplete","unscorable"
"two_math:CHAMP:P_Sequence_20:deepseek:r1:neutral_initial","CHAMP:P_Sequence_20","math","Sequence","deepseek","",1,"neutral_initial","","",1,TRUE,67,"ok","correct"
"two_math:CHAMP:P_Number-Theory_12:minimax:r1:neutral_initial","CHAMP:P_Number-Theory_12","math","Number-Theory","minimax","",1,"neutral_initial","","",1,FALSE,68,"transport_error","unscorable"
"two_math:CHAMP:P_Combinatorics_18:deepseek:r1:neutral_initial","CHAMP:P_Combinatorics_18","math","Combinatorics","deepseek","",1,"neutral_initial","","",1,TRUE,69,"ok","correct"
"two_math:CHAMP:P_Number-Theory_13:minimax:r2:neutral_initial","CHAMP:P_Number-Theory_13","math","Number-Theory","minimax","",2,"neutral_initial","","",1,FALSE,70,"ok","correct"
"two_math:CHAMP:P_Polynomial_32:deepseek:r2:neutral_initial","CHAMP:P_Polynomial_32","math","Polynomial","deepseek","",2,"neutral_initial","","",1,FALSE,71,"ok","correct"
"two_math:CHAMP:P_Number-Theory_12:deepseek:r2:neutral_initial","CHAMP:P_Number-Theory_12","math","Number-Theory","deepseek","",2,"neutral_initial","","",1,FALSE,72,"ok","correct"
"two_math:CHAMP:P_Inequality_15:minimax:r1:neutral_initial","CHAMP:P_Inequality_15","math","Inequality","minimax","",1,"neutral_initial","","",1,TRUE,73,"ok","correct"
"two_math:CHAMP:P_Inequality_49:deepseek:r1:neutral_initial","CHAMP:P_Inequality_49","math","Inequality","deepseek","",1,"neutral_initial","","",1,FALSE,74,"ok","correct"
"two_math:CHAMP:P_Number-Theory_24:minimax:r1:neutral_initial","CHAMP:P_Number-Theory_24","math","Number-Theory","minimax","",1,"neutral_initial","","",1,TRUE,75,"ok","correct"
"two_math:CHAMP:P_Number-Theory_13:deepseek:r2:neutral_initial","CHAMP:P_Number-Theory_13","math","Number-Theory","deepseek","",2,"neutral_initial","","",1,FALSE,76,"ok","correct"
"two_math:CHAMP:P_Number-Theory_67:minimax:r1:neutral_initial","CHAMP:P_Number-Theory_67","math","Number-Theory","minimax","",1,"neutral_initial","","",1,TRUE,77,"ok","correct"
"two_math:CHAMP:P_Number-Theory_17:deepseek:r1:neutral_initial","CHAMP:P_Number-Theory_17","math","Number-Theory","deepseek","",1,"neutral_initial","","",1,FALSE,78,"ok","correct"
"two_math:CHAMP:P_Sequence_42:minimax:r2:neutral_initial","CHAMP:P_Sequence_42","math","Sequence","minimax","",2,"neutral_initial","","",1,TRUE,79,"ok","incorrect"
"two_math:CHAMP:P_Polynomial_50:deepseek:r1:neutral_initial","CHAMP:P_Polynomial_50","math","Polynomial","deepseek","",1,"neutral_initial","","",1,FALSE,80,"ok","correct"
"two_math:CHAMP:P_Number-Theory_42:deepseek:r1:neutral_initial","CHAMP:P_Number-Theory_42","math","Number-Theory","deepseek","",1,"neutral_initial","","",1,FALSE,81,"incomplete","unscorable"
"two_math:CHAMP:P_Number-Theory_71:deepseek:r1:neutral_initial","CHAMP:P_Number-Theory_71","math","Number-Theory","deepseek","",1,"neutral_initial","","",1,FALSE,82,"ok","correct"
"two_math:CHAMP:P_Inequality_8:minimax:r2:neutral_initial","CHAMP:P_Inequality_8","math","Inequality","minimax","",2,"neutral_initial","","",1,FALSE,83,"ok","incorrect"
"two_math:CHAMP:P_Sequence_42:deepseek:r1:neutral_initial","CHAMP:P_Sequence_42","math","Sequence","deepseek","",1,"neutral_initial","","",1,TRUE,84,"ok","correct"
"two_math:CHAMP:P_Sequence_40:minimax:r2:neutral_initial","CHAMP:P_Sequence_40","math","Sequence","minimax","",2,"neutral_initial","","",1,FALSE,85,"ok","incorrect"
"two_math:CHAMP:P_Polynomial_23:deepseek:r1:neutral_initial","CHAMP:P_Polynomial_23","math","Polynomial","deepseek","",1,"neutral_initial","","",1,TRUE,86,"ok","correct"
"two_math:CHAMP:P_Number-Theory_13:minimax:r1:neutral_initial","CHAMP:P_Number-Theory_13","math","Number-Theory","minimax","",1,"neutral_initial","","",1,FALSE,87,"ok","correct"
"two_math:CHAMP:P_Sequence_20:deepseek:r2:neutral_initial","CHAMP:P_Sequence_20","math","Sequence","deepseek","",2,"neutral_initial","","",1,TRUE,88,"ok","correct"
"two_math:CHAMP:P_Combinatorics_30:deepseek:r2:neutral_initial","CHAMP:P_Combinatorics_30","math","Combinatorics","deepseek","",2,"neutral_initial","","",1,TRUE,89,"ok","correct"
"two_math:CHAMP:P_Number-Theory_71:minimax:r2:neutral_initial","CHAMP:P_Number-Theory_71","math","Number-Theory","minimax","",2,"neutral_initial","","",1,FALSE,90,"ok","correct"
"two_math:CHAMP:P_Number-Theory_71:deepseek:r2:neutral_initial","CHAMP:P_Number-Theory_71","math","Number-Theory","deepseek","",2,"neutral_initial","","",1,FALSE,91,"ok","correct"
"two_math:CHAMP:P_Polynomial_1:minimax:r2:neutral_initial","CHAMP:P_Polynomial_1","math","Polynomial","minimax","",2,"neutral_initial","","",1,FALSE,92,"ok","correct"
"two_math:CHAMP:P_Number-Theory_71:minimax:r1:neutral_initial","CHAMP:P_Number-Theory_71","math","Number-Theory","minimax","",1,"neutral_initial","","",1,FALSE,93,"ok","correct"
"two_math:CHAMP:P_Combinatorics_31:deepseek:r2:neutral_initial","CHAMP:P_Combinatorics_31","math","Combinatorics","deepseek","",2,"neutral_initial","","",1,FALSE,94,"ok","correct"
"two_math:CHAMP:P_Number-Theory_12:minimax:r2:neutral_initial","CHAMP:P_Number-Theory_12","math","Number-Theory","minimax","",2,"neutral_initial","","",1,FALSE,95,"ok","correct"
"two_math:CHAMP:P_Polynomial_11:minimax:r2:neutral_initial","CHAMP:P_Polynomial_11","math","Polynomial","minimax","",2,"neutral_initial","","",1,FALSE,96,"ok","incorrect"
"two_math:CHAMP:P_Combinatorics_30:minimax:r1:neutral_initial","CHAMP:P_Combinatorics_30","math","Combinatorics","minimax","",1,"neutral_initial","","",1,TRUE,97,"ok","correct"
"two_math:CHAMP:P_Inequality_13:deepseek:r2:neutral_initial","CHAMP:P_Inequality_13","math","Inequality","deepseek","",2,"neutral_initial","","",1,TRUE,98,"ok","correct"
"two_math:CHAMP:P_Inequality_8:deepseek:r2:neutral_initial","CHAMP:P_Inequality_8","math","Inequality","deepseek","",2,"neutral_initial","","",1,FALSE,99,"ok","correct"
"two_math:CHAMP:P_Polynomial_17:deepseek:r2:neutral_initial","CHAMP:P_Polynomial_17","math","Polynomial","deepseek","",2,"neutral_initial","","",1,FALSE,100,"incomplete","unscorable"
"two_math:CHAMP:P_Number-Theory_24:deepseek:r2:neutral_initial","CHAMP:P_Number-Theory_24","math","Number-Theory","deepseek","",2,"neutral_initial","","",1,TRUE,101,"ok","correct"
"two_math:CHAMP:P_Number-Theory_24:minimax:r2:neutral_initial","CHAMP:P_Number-Theory_24","math","Number-Theory","minimax","",2,"neutral_initial","","",1,TRUE,102,"ok","incorrect"
"two_math:CHAMP:P_Combinatorics_7:deepseek:r1:neutral_initial","CHAMP:P_Combinatorics_7","math","Combinatorics","deepseek","",1,"neutral_initial","","",1,FALSE,103,"ok","correct"
"two_math:CHAMP:P_Sequence_11:minimax:r1:neutral_initial","CHAMP:P_Sequence_11","math","Sequence","minimax","",1,"neutral_initial","","",1,FALSE,104,"ok","correct"
"two_math:CHAMP:P_Number-Theory_24:deepseek:r1:neutral_initial","CHAMP:P_Number-Theory_24","math","Number-Theory","deepseek","",1,"neutral_initial","","",1,TRUE,105,"ok","correct"
"two_math:CHAMP:P_Polynomial_32:minimax:r2:neutral_initial","CHAMP:P_Polynomial_32","math","Polynomial","minimax","",2,"neutral_initial","","",1,FALSE,106,"ok","correct"
"two_math:CHAMP:P_Combinatorics_40:deepseek:r1:neutral_initial","CHAMP:P_Combinatorics_40","math","Combinatorics","deepseek","",1,"neutral_initial","","",1,FALSE,107,"ok","correct"
"two_math:CHAMP:P_Polynomial_24:deepseek:r1:neutral_initial","CHAMP:P_Polynomial_24","math","Polynomial","deepseek","",1,"neutral_initial","","",1,FALSE,108,"ok","correct"
"two_math:CHAMP:P_Inequality_49:minimax:r2:neutral_initial","CHAMP:P_Inequality_49","math","Inequality","minimax","",2,"neutral_initial","","",1,FALSE,109,"ok","correct"
"two_math:CHAMP:P_Polynomial_40:minimax:r1:neutral_initial","CHAMP:P_Polynomial_40","math","Polynomial","minimax","",1,"neutral_initial","","",1,TRUE,110,"ok","correct"
"two_math:CHAMP:P_Combinatorics_38:deepseek:r1:neutral_initial","CHAMP:P_Combinatorics_38","math","Combinatorics","deepseek","",1,"neutral_initial","","",1,FALSE,111,"ok","correct"
"two_math:CHAMP:P_Sequence_28:minimax:r2:neutral_initial","CHAMP:P_Sequence_28","math","Sequence","minimax","",2,"neutral_initial","","",1,TRUE,112,"ok","correct"
"two_math:CHAMP:P_Combinatorics_40:deepseek:r2:neutral_initial","CHAMP:P_Combinatorics_40","math","Combinatorics","deepseek","",2,"neutral_initial","","",1,FALSE,113,"ok","correct"
"two_math:CHAMP:P_Polynomial_23:deepseek:r2:neutral_initial","CHAMP:P_Polynomial_23","math","Polynomial","deepseek","",2,"neutral_initial","","",1,TRUE,114,"ok","correct"
"two_math:CHAMP:P_Polynomial_40:minimax:r2:neutral_initial","CHAMP:P_Polynomial_40","math","Polynomial","minimax","",2,"neutral_initial","","",1,TRUE,115,"ok","correct"
"two_math:CHAMP:P_Polynomial_50:minimax:r1:neutral_initial","CHAMP:P_Polynomial_50","math","Polynomial","minimax","",1,"neutral_initial","","",1,FALSE,116,"ok","correct"
"two_math:CHAMP:P_Combinatorics_7:minimax:r1:neutral_initial","CHAMP:P_Combinatorics_7","math","Combinatorics","minimax","",1,"neutral_initial","","",1,FALSE,117,"ok","incorrect"
"two_math:CHAMP:P_Number-Theory_17:deepseek:r2:neutral_initial","CHAMP:P_Number-Theory_17","math","Number-Theory","deepseek","",2,"neutral_initial","","",1,FALSE,118,"ok","correct"
"two_math:CHAMP:P_Polynomial_47:minimax:r2:neutral_initial","CHAMP:P_Polynomial_47","math","Polynomial","minimax","",2,"neutral_initial","","",1,TRUE,119,"ok","incorrect"
"two_math:CHAMP:P_Sequence_28:minimax:r1:neutral_initial","CHAMP:P_Sequence_28","math","Sequence","minimax","",1,"neutral_initial","","",1,TRUE,120,"transport_error","unscorable"
"two_math:CHAMP:P_Combinatorics_31:minimax:r2:neutral_initial","CHAMP:P_Combinatorics_31","math","Combinatorics","minimax","",2,"neutral_initial","","",1,FALSE,121,"ok","correct"
"two_math:CHAMP:P_Combinatorics_18:minimax:r1:neutral_initial","CHAMP:P_Combinatorics_18","math","Combinatorics","minimax","",1,"neutral_initial","","",1,TRUE,122,"ok","correct"
"two_math:CHAMP:P_Sequence_40:deepseek:r2:neutral_initial","CHAMP:P_Sequence_40","math","Sequence","deepseek","",2,"neutral_initial","","",1,FALSE,123,"ok","incorrect"
"two_math:CHAMP:P_Number-Theory_32:deepseek:r2:neutral_initial","CHAMP:P_Number-Theory_32","math","Number-Theory","deepseek","",2,"neutral_initial","","",1,FALSE,124,"ok","correct"
"two_math:CHAMP:P_Polynomial_24:minimax:r1:neutral_initial","CHAMP:P_Polynomial_24","math","Polynomial","minimax","",1,"neutral_initial","","",1,FALSE,125,"ok","correct"
"two_math:CHAMP:P_Inequality_49:deepseek:r2:neutral_initial","CHAMP:P_Inequality_49","math","Inequality","deepseek","",2,"neutral_initial","","",1,FALSE,126,"ok","correct"
"two_math:CHAMP:P_Number-Theory_67:minimax:r2:neutral_initial","CHAMP:P_Number-Theory_67","math","Number-Theory","minimax","",2,"neutral_initial","","",1,TRUE,127,"ok","correct"
"two_math:CHAMP:P_Sequence_28:deepseek:r1:neutral_initial","CHAMP:P_Sequence_28","math","Sequence","deepseek","",1,"neutral_initial","","",1,TRUE,128,"ok","correct"
"two_math:CHAMP:P_Inequality_49:minimax:r1:neutral_initial","CHAMP:P_Inequality_49","math","Inequality","minimax","",1,"neutral_initial","","",1,FALSE,129,"ok","correct"
"two_math:CHAMP:P_Number-Theory_27:deepseek:r2:neutral_initial","CHAMP:P_Number-Theory_27","math","Number-Theory","deepseek","",2,"neutral_initial","","",1,TRUE,130,"ok","correct"
"two_math:CHAMP:P_Sequence_20:minimax:r2:neutral_initial","CHAMP:P_Sequence_20","math","Sequence","minimax","",2,"neutral_initial","","",1,TRUE,131,"ok","correct"
"two_math:CHAMP:P_Number-Theory_42:minimax:r2:neutral_initial","CHAMP:P_Number-Theory_42","math","Number-Theory","minimax","",2,"neutral_initial","","",1,FALSE,132,"ok","unscorable"
"two_math:CHAMP:P_Polynomial_17:minimax:r1:neutral_initial","CHAMP:P_Polynomial_17","math","Polynomial","minimax","",1,"neutral_initial","","",1,FALSE,133,"ok","unscorable"
"two_math:CHAMP:P_Combinatorics_38:deepseek:r2:neutral_initial","CHAMP:P_Combinatorics_38","math","Combinatorics","deepseek","",2,"neutral_initial","","",1,FALSE,134,"ok","correct"
"two_math:CHAMP:P_Number-Theory_12:deepseek:r1:neutral_initial","CHAMP:P_Number-Theory_12","math","Number-Theory","deepseek","",1,"neutral_initial","","",1,FALSE,135,"ok","correct"
"two_math:CHAMP:P_Polynomial_24:minimax:r2:neutral_initial","CHAMP:P_Polynomial_24","math","Polynomial","minimax","",2,"neutral_initial","","",1,FALSE,136,"ok","correct"
"two_math:CHAMP:P_Inequality_26:minimax:r1:neutral_initial","CHAMP:P_Inequality_26","math","Inequality","minimax","",1,"neutral_initial","","",1,FALSE,137,"ok","correct"
"two_math:CHAMP:P_Number-Theory_42:deepseek:r2:neutral_initial","CHAMP:P_Number-Theory_42","math","Number-Theory","deepseek","",2,"neutral_initial","","",1,FALSE,138,"ok","correct"
"two_math:CHAMP:P_Polynomial_40:deepseek:r1:neutral_initial","CHAMP:P_Polynomial_40","math","Polynomial","deepseek","",1,"neutral_initial","","",1,TRUE,139,"ok","correct"
"two_math:CHAMP:P_Number-Theory_42:minimax:r1:neutral_initial","CHAMP:P_Number-Theory_42","math","Number-Theory","minimax","",1,"neutral_initial","","",1,FALSE,140,"ok","incorrect"
"two_math:CHAMP:P_Polynomial_32:minimax:r1:neutral_initial","CHAMP:P_Polynomial_32","math","Polynomial","minimax","",1,"neutral_initial","","",1,FALSE,141,"ok","correct"
"two_math:CHAMP:P_Polynomial_50:minimax:r2:neutral_initial","CHAMP:P_Polynomial_50","math","Polynomial","minimax","",2,"neutral_initial","","",1,FALSE,142,"ok","correct"
"two_math:CHAMP:P_Sequence_21:minimax:r2:neutral_initial","CHAMP:P_Sequence_21","math","Sequence","minimax","",2,"neutral_initial","","",1,FALSE,143,"ok","correct"
"two_math:CHAMP:P_Sequence_42:deepseek:r2:neutral_initial","CHAMP:P_Sequence_42","math","Sequence","deepseek","",2,"neutral_initial","","",1,TRUE,144,"ok","correct"
"two_math:CHAMP:P_Sequence_20:minimax:r1:neutral_initial","CHAMP:P_Sequence_20","math","Sequence","minimax","",1,"neutral_initial","","",1,TRUE,145,"ok","correct"
"two_math:CHAMP:P_Polynomial_23:minimax:r1:neutral_initial","CHAMP:P_Polynomial_23","math","Polynomial","minimax","",1,"neutral_initial","","",1,TRUE,146,"ok","correct"
"two_math:CHAMP:P_Combinatorics_7:minimax:r2:neutral_initial","CHAMP:P_Combinatorics_7","math","Combinatorics","minimax","",2,"neutral_initial","","",1,FALSE,147,"ok","correct"
"two_math:CHAMP:P_Sequence_21:minimax:r1:neutral_initial","CHAMP:P_Sequence_21","math","Sequence","minimax","",1,"neutral_initial","","",1,FALSE,148,"transport_error","unscorable"
"two_math:CHAMP:P_Sequence_21:deepseek:r1:neutral_initial","CHAMP:P_Sequence_21","math","Sequence","deepseek","",1,"neutral_initial","","",1,FALSE,149,"ok","correct"
"two_math:CHAMP:P_Inequality_4:deepseek:r1:neutral_initial","CHAMP:P_Inequality_4","math","Inequality","deepseek","",1,"neutral_initial","","",1,FALSE,150,"ok","correct"
"two_math:CHAMP:P_Sequence_19:deepseek:r1:neutral_initial","CHAMP:P_Sequence_19","math","Sequence","deepseek","",1,"neutral_initial","","",1,FALSE,151,"incomplete","unscorable"
"two_math:CHAMP:P_Combinatorics_21:minimax:r2:neutral_initial","CHAMP:P_Combinatorics_21","math","Combinatorics","minimax","",2,"neutral_initial","","",1,FALSE,152,"ok","correct"
"two_math:CHAMP:P_Sequence_28:deepseek:r2:neutral_initial","CHAMP:P_Sequence_28","math","Sequence","deepseek","",2,"neutral_initial","","",1,TRUE,153,"ok","correct"
"two_math:CHAMP:P_Number-Theory_67:deepseek:r2:neutral_initial","CHAMP:P_Number-Theory_67","math","Number-Theory","deepseek","",2,"neutral_initial","","",1,TRUE,154,"ok","correct"
"two_math:CHAMP:P_Combinatorics_20:deepseek:r2:neutral_initial","CHAMP:P_Combinatorics_20","math","Combinatorics","deepseek","",2,"neutral_initial","","",1,FALSE,155,"incomplete","unscorable"
"two_math:CHAMP:P_Polynomial_11:deepseek:r2:neutral_initial","CHAMP:P_Polynomial_11","math","Polynomial","deepseek","",2,"neutral_initial","","",1,FALSE,156,"ok","correct"
"two_math:CHAMP:P_Combinatorics_21:deepseek:r2:neutral_initial","CHAMP:P_Combinatorics_21","math","Combinatorics","deepseek","",2,"neutral_initial","","",1,FALSE,157,"ok","correct"
"two_math:CHAMP:P_Inequality_24:minimax:r2:neutral_initial","CHAMP:P_Inequality_24","math","Inequality","minimax","",2,"neutral_initial","","",1,TRUE,158,"ok","correct"
"two_math:CHAMP:P_Combinatorics_20:minimax:r1:neutral_initial","CHAMP:P_Combinatorics_20","math","Combinatorics","minimax","",1,"neutral_initial","","",1,FALSE,159,"incomplete","unscorable"
"two_math:CHAMP:P_Combinatorics_7:deepseek:r2:neutral_initial","CHAMP:P_Combinatorics_7","math","Combinatorics","deepseek","",2,"neutral_initial","","",1,FALSE,160,"ok","correct"
"two_math:CHAMP:P_Polynomial_17:deepseek:r1:neutral_initial","CHAMP:P_Polynomial_17","math","Polynomial","deepseek","",1,"neutral_initial","","",1,FALSE,161,"ok","correct"
"two_math:CHAMP:P_Combinatorics_38:minimax:r1:neutral_initial","CHAMP:P_Combinatorics_38","math","Combinatorics","minimax","",1,"neutral_initial","","",1,FALSE,162,"ok","incorrect"
"two_math:CHAMP:P_Inequality_26:deepseek:r2:neutral_initial","CHAMP:P_Inequality_26","math","Inequality","deepseek","",2,"neutral_initial","","",1,FALSE,163,"ok","correct"
"two_math:CHAMP:P_Combinatorics_5:minimax:r2:neutral_initial","CHAMP:P_Combinatorics_5","math","Combinatorics","minimax","",2,"neutral_initial","","",1,TRUE,164,"ok","correct"
"two_math:CHAMP:P_Sequence_28:deepseek:r2:self_check","CHAMP:P_Sequence_28","math","Sequence","deepseek","",2,"self_check","two_math:CHAMP:P_Sequence_28:deepseek:r2:neutral_initial","",2,TRUE,165,"ok","correct"
"two_math:CHAMP:P_Inequality_24:deepseek:r1:self_check","CHAMP:P_Inequality_24","math","Inequality","deepseek","",1,"self_check","two_math:CHAMP:P_Inequality_24:deepseek:r1:neutral_initial","",2,TRUE,166,"ok","correct"
"two_math:CHAMP:P_Sequence_20:minimax:r1:self_check","CHAMP:P_Sequence_20","math","Sequence","minimax","",1,"self_check","two_math:CHAMP:P_Sequence_20:minimax:r1:neutral_initial","",2,TRUE,167,"ok","correct"
"two_math:CHAMP:P_Number-Theory_17:deepseek:r2:A0_AI","CHAMP:P_Number-Theory_17","math","Number-Theory","deepseek","minimax",2,"A0_AI","two_math:CHAMP:P_Number-Theory_17:deepseek:r2:neutral_initial","two_math:CHAMP:P_Number-Theory_17:minimax:r2:neutral_initial",2,FALSE,168,"ok","correct"
"two_math:CHAMP:P_Polynomial_17:deepseek:r1:A0_AI","CHAMP:P_Polynomial_17","math","Polynomial","deepseek","minimax",1,"A0_AI","two_math:CHAMP:P_Polynomial_17:deepseek:r1:neutral_initial","two_math:CHAMP:P_Polynomial_17:minimax:r1:neutral_initial",2,FALSE,170,"ok","correct"
"two_math:CHAMP:P_Inequality_15:deepseek:r1:A0_AI","CHAMP:P_Inequality_15","math","Inequality","deepseek","minimax",1,"A0_AI","two_math:CHAMP:P_Inequality_15:deepseek:r1:neutral_initial","two_math:CHAMP:P_Inequality_15:minimax:r1:neutral_initial",2,TRUE,171,"ok","correct"
"two_math:CHAMP:P_Number-Theory_32:minimax:r1:self_check","CHAMP:P_Number-Theory_32","math","Number-Theory","minimax","",1,"self_check","two_math:CHAMP:P_Number-Theory_32:minimax:r1:neutral_initial","",2,FALSE,172,"ok","correct"
"two_math:CHAMP:P_Polynomial_40:deepseek:r2:self_check","CHAMP:P_Polynomial_40","math","Polynomial","deepseek","",2,"self_check","two_math:CHAMP:P_Polynomial_40:deepseek:r2:neutral_initial","",2,TRUE,173,"ok","correct"
"two_math:CHAMP:P_Number-Theory_71:minimax:r1:A0_AI","CHAMP:P_Number-Theory_71","math","Number-Theory","minimax","deepseek",1,"A0_AI","two_math:CHAMP:P_Number-Theory_71:minimax:r1:neutral_initial","two_math:CHAMP:P_Number-Theory_71:deepseek:r1:neutral_initial",2,FALSE,174,"ok","correct"
"two_math:CHAMP:P_Sequence_19:minimax:r2:A0_AI","CHAMP:P_Sequence_19","math","Sequence","minimax","deepseek",2,"A0_AI","two_math:CHAMP:P_Sequence_19:minimax:r2:neutral_initial","two_math:CHAMP:P_Sequence_19:deepseek:r2:neutral_initial",2,FALSE,175,"incomplete","unscorable"
"two_math:CHAMP:P_Polynomial_47:minimax:r1:A0_AI","CHAMP:P_Polynomial_47","math","Polynomial","minimax","deepseek",1,"A0_AI","two_math:CHAMP:P_Polynomial_47:minimax:r1:neutral_initial","two_math:CHAMP:P_Polynomial_47:deepseek:r1:neutral_initial",2,TRUE,176,"transport_error","unscorable"
"two_math:CHAMP:P_Number-Theory_67:minimax:r2:self_check","CHAMP:P_Number-Theory_67","math","Number-Theory","minimax","",2,"self_check","two_math:CHAMP:P_Number-Theory_67:minimax:r2:neutral_initial","",2,TRUE,177,"transport_error","unscorable"
"two_math:CHAMP:P_Inequality_8:minimax:r2:self_check","CHAMP:P_Inequality_8","math","Inequality","minimax","",2,"self_check","two_math:CHAMP:P_Inequality_8:minimax:r2:neutral_initial","",2,FALSE,178,"ok","incorrect"
"two_math:CHAMP:P_Inequality_24:minimax:r2:A0_AI","CHAMP:P_Inequality_24","math","Inequality","minimax","deepseek",2,"A0_AI","two_math:CHAMP:P_Inequality_24:minimax:r2:neutral_initial","two_math:CHAMP:P_Inequality_24:deepseek:r2:neutral_initial",2,TRUE,179,"ok","correct"
"two_math:CHAMP:P_Number-Theory_24:minimax:r1:A0_AI","CHAMP:P_Number-Theory_24","math","Number-Theory","minimax","deepseek",1,"A0_AI","two_math:CHAMP:P_Number-Theory_24:minimax:r1:neutral_initial","two_math:CHAMP:P_Number-Theory_24:deepseek:r1:neutral_initial",2,TRUE,180,"ok","correct"
"two_math:CHAMP:P_Number-Theory_67:deepseek:r1:self_check","CHAMP:P_Number-Theory_67","math","Number-Theory","deepseek","",1,"self_check","two_math:CHAMP:P_Number-Theory_67:deepseek:r1:neutral_initial","",2,TRUE,181,"ok","correct"
"two_math:CHAMP:P_Sequence_11:minimax:r1:self_check","CHAMP:P_Sequence_11","math","Sequence","minimax","",1,"self_check","two_math:CHAMP:P_Sequence_11:minimax:r1:neutral_initial","",2,FALSE,182,"ok","correct"
"two_math:CHAMP:P_Combinatorics_31:minimax:r2:A0_AI","CHAMP:P_Combinatorics_31","math","Combinatorics","minimax","deepseek",2,"A0_AI","two_math:CHAMP:P_Combinatorics_31:minimax:r2:neutral_initial","two_math:CHAMP:P_Combinatorics_31:deepseek:r2:neutral_initial",2,FALSE,183,"ok","correct"
"two_math:CHAMP:P_Sequence_40:deepseek:r2:self_check","CHAMP:P_Sequence_40","math","Sequence","deepseek","",2,"self_check","two_math:CHAMP:P_Sequence_40:deepseek:r2:neutral_initial","",2,FALSE,184,"ok","incorrect"
"two_math:CHAMP:P_Sequence_28:deepseek:r1:self_check","CHAMP:P_Sequence_28","math","Sequence","deepseek","",1,"self_check","two_math:CHAMP:P_Sequence_28:deepseek:r1:neutral_initial","",2,TRUE,185,"ok","correct"
"two_math:CHAMP:P_Sequence_28:minimax:r2:A0_AI","CHAMP:P_Sequence_28","math","Sequence","minimax","deepseek",2,"A0_AI","two_math:CHAMP:P_Sequence_28:minimax:r2:neutral_initial","two_math:CHAMP:P_Sequence_28:deepseek:r2:neutral_initial",2,TRUE,186,"ok","correct"
"two_math:CHAMP:P_Polynomial_23:minimax:r2:A0_AI","CHAMP:P_Polynomial_23","math","Polynomial","minimax","deepseek",2,"A0_AI","two_math:CHAMP:P_Polynomial_23:minimax:r2:neutral_initial","two_math:CHAMP:P_Polynomial_23:deepseek:r2:neutral_initial",2,TRUE,188,"ok","correct"
"two_math:CHAMP:P_Inequality_8:deepseek:r2:self_check","CHAMP:P_Inequality_8","math","Inequality","deepseek","",2,"self_check","two_math:CHAMP:P_Inequality_8:deepseek:r2:neutral_initial","",2,FALSE,189,"ok","correct"
"two_math:CHAMP:P_Combinatorics_40:deepseek:r1:A0_AI","CHAMP:P_Combinatorics_40","math","Combinatorics","deepseek","minimax",1,"A0_AI","two_math:CHAMP:P_Combinatorics_40:deepseek:r1:neutral_initial","two_math:CHAMP:P_Combinatorics_40:minimax:r1:neutral_initial",2,FALSE,190,"ok","correct"
"two_math:CHAMP:P_Number-Theory_27:deepseek:r1:self_check","CHAMP:P_Number-Theory_27","math","Number-Theory","deepseek","",1,"self_check","two_math:CHAMP:P_Number-Theory_27:deepseek:r1:neutral_initial","",2,TRUE,191,"ok","correct"
"two_math:CHAMP:P_Combinatorics_21:deepseek:r2:self_check","CHAMP:P_Combinatorics_21","math","Combinatorics","deepseek","",2,"self_check","two_math:CHAMP:P_Combinatorics_21:deepseek:r2:neutral_initial","",2,FALSE,192,"ok","correct"
"two_math:CHAMP:P_Combinatorics_21:deepseek:r1:self_check","CHAMP:P_Combinatorics_21","math","Combinatorics","deepseek","",1,"self_check","two_math:CHAMP:P_Combinatorics_21:deepseek:r1:neutral_initial","",2,FALSE,193,"ok","correct"
"two_math:CHAMP:P_Number-Theory_12:deepseek:r2:self_check","CHAMP:P_Number-Theory_12","math","Number-Theory","deepseek","",2,"self_check","two_math:CHAMP:P_Number-Theory_12:deepseek:r2:neutral_initial","",2,FALSE,194,"ok","correct"
"two_math:CHAMP:P_Polynomial_47:deepseek:r1:self_check","CHAMP:P_Polynomial_47","math","Polynomial","deepseek","",1,"self_check","two_math:CHAMP:P_Polynomial_47:deepseek:r1:neutral_initial","",2,TRUE,195,"ok","correct"
"two_math:CHAMP:P_Inequality_13:deepseek:r2:self_check","CHAMP:P_Inequality_13","math","Inequality","deepseek","",2,"self_check","two_math:CHAMP:P_Inequality_13:deepseek:r2:neutral_initial","",2,TRUE,196,"ok","correct"
"two_math:CHAMP:P_Combinatorics_5:minimax:r1:self_check","CHAMP:P_Combinatorics_5","math","Combinatorics","minimax","",1,"self_check","two_math:CHAMP:P_Combinatorics_5:minimax:r1:neutral_initial","",2,TRUE,197,"ok","correct"
"two_math:CHAMP:P_Number-Theory_32:deepseek:r2:self_check","CHAMP:P_Number-Theory_32","math","Number-Theory","deepseek","",2,"self_check","two_math:CHAMP:P_Number-Theory_32:deepseek:r2:neutral_initial","",2,FALSE,198,"ok","correct"
"two_math:CHAMP:P_Number-Theory_32:deepseek:r1:A0_AI","CHAMP:P_Number-Theory_32","math","Number-Theory","deepseek","minimax",1,"A0_AI","two_math:CHAMP:P_Number-Theory_32:deepseek:r1:neutral_initial","two_math:CHAMP:P_Number-Theory_32:minimax:r1:neutral_initial",2,FALSE,199,"ok","correct"
"two_math:CHAMP:P_Inequality_49:minimax:r1:A0_AI","CHAMP:P_Inequality_49","math","Inequality","minimax","deepseek",1,"A0_AI","two_math:CHAMP:P_Inequality_49:minimax:r1:neutral_initial","two_math:CHAMP:P_Inequality_49:deepseek:r1:neutral_initial",2,FALSE,200,"ok","correct"
"two_math:CHAMP:P_Combinatorics_7:deepseek:r1:self_check","CHAMP:P_Combinatorics_7","math","Combinatorics","deepseek","",1,"self_check","two_math:CHAMP:P_Combinatorics_7:deepseek:r1:neutral_initial","",2,FALSE,202,"ok","correct"
"two_math:CHAMP:P_Number-Theory_71:minimax:r2:A0_AI","CHAMP:P_Number-Theory_71","math","Number-Theory","minimax","deepseek",2,"A0_AI","two_math:CHAMP:P_Number-Theory_71:minimax:r2:neutral_initial","two_math:CHAMP:P_Number-Theory_71:deepseek:r2:neutral_initial",2,FALSE,203,"ok","correct"
"two_math:CHAMP:P_Polynomial_24:minimax:r2:self_check","CHAMP:P_Polynomial_24","math","Polynomial","minimax","",2,"self_check","two_math:CHAMP:P_Polynomial_24:minimax:r2:neutral_initial","",2,FALSE,204,"ok","correct"
"two_math:CHAMP:P_Sequence_19:deepseek:r2:self_check","CHAMP:P_Sequence_19","math","Sequence","deepseek","",2,"self_check","two_math:CHAMP:P_Sequence_19:deepseek:r2:neutral_initial","",2,FALSE,205,"ok","correct"
"two_math:CHAMP:P_Inequality_4:deepseek:r1:self_check","CHAMP:P_Inequality_4","math","Inequality","deepseek","",1,"self_check","two_math:CHAMP:P_Inequality_4:deepseek:r1:neutral_initial","",2,FALSE,206,"ok","correct"
"two_math:CHAMP:P_Sequence_19:minimax:r1:self_check","CHAMP:P_Sequence_19","math","Sequence","minimax","",1,"self_check","two_math:CHAMP:P_Sequence_19:minimax:r1:neutral_initial","",2,FALSE,207,"ok","incorrect"
"two_math:CHAMP:P_Inequality_8:deepseek:r2:A0_AI","CHAMP:P_Inequality_8","math","Inequality","deepseek","minimax",2,"A0_AI","two_math:CHAMP:P_Inequality_8:deepseek:r2:neutral_initial","two_math:CHAMP:P_Inequality_8:minimax:r2:neutral_initial",2,FALSE,208,"ok","correct"
"two_math:CHAMP:P_Combinatorics_38:deepseek:r1:A0_AI","CHAMP:P_Combinatorics_38","math","Combinatorics","deepseek","minimax",1,"A0_AI","two_math:CHAMP:P_Combinatorics_38:deepseek:r1:neutral_initial","two_math:CHAMP:P_Combinatorics_38:minimax:r1:neutral_initial",2,FALSE,209,"ok","correct"
"two_math:CHAMP:P_Sequence_11:deepseek:r1:self_check","CHAMP:P_Sequence_11","math","Sequence","deepseek","",1,"self_check","two_math:CHAMP:P_Sequence_11:deepseek:r1:neutral_initial","",2,FALSE,210,"ok","correct"
"two_math:CHAMP:P_Polynomial_32:minimax:r1:A0_AI","CHAMP:P_Polynomial_32","math","Polynomial","minimax","deepseek",1,"A0_AI","two_math:CHAMP:P_Polynomial_32:minimax:r1:neutral_initial","two_math:CHAMP:P_Polynomial_32:deepseek:r1:neutral_initial",2,FALSE,211,"ok","correct"
"two_math:CHAMP:P_Polynomial_40:deepseek:r2:A0_AI","CHAMP:P_Polynomial_40","math","Polynomial","deepseek","minimax",2,"A0_AI","two_math:CHAMP:P_Polynomial_40:deepseek:r2:neutral_initial","two_math:CHAMP:P_Polynomial_40:minimax:r2:neutral_initial",2,TRUE,212,"ok","correct"
"two_math:CHAMP:P_Combinatorics_5:deepseek:r1:self_check","CHAMP:P_Combinatorics_5","math","Combinatorics","deepseek","",1,"self_check","two_math:CHAMP:P_Combinatorics_5:deepseek:r1:neutral_initial","",2,TRUE,214,"ok","correct"
"two_math:CHAMP:P_Combinatorics_31:deepseek:r2:self_check","CHAMP:P_Combinatorics_31","math","Combinatorics","deepseek","",2,"self_check","two_math:CHAMP:P_Combinatorics_31:deepseek:r2:neutral_initial","",2,FALSE,215,"ok","correct"
"two_math:CHAMP:P_Number-Theory_24:minimax:r2:A0_AI","CHAMP:P_Number-Theory_24","math","Number-Theory","minimax","deepseek",2,"A0_AI","two_math:CHAMP:P_Number-Theory_24:minimax:r2:neutral_initial","two_math:CHAMP:P_Number-Theory_24:deepseek:r2:neutral_initial",2,TRUE,217,"ok","correct"
"two_math:CHAMP:P_Sequence_11:deepseek:r2:A0_AI","CHAMP:P_Sequence_11","math","Sequence","deepseek","minimax",2,"A0_AI","two_math:CHAMP:P_Sequence_11:deepseek:r2:neutral_initial","two_math:CHAMP:P_Sequence_11:minimax:r2:neutral_initial",2,FALSE,218,"ok","correct"
"two_math:CHAMP:P_Combinatorics_7:deepseek:r1:A0_AI","CHAMP:P_Combinatorics_7","math","Combinatorics","deepseek","minimax",1,"A0_AI","two_math:CHAMP:P_Combinatorics_7:deepseek:r1:neutral_initial","two_math:CHAMP:P_Combinatorics_7:minimax:r1:neutral_initial",2,FALSE,219,"ok","correct"
"two_math:CHAMP:P_Number-Theory_32:deepseek:r2:A0_AI","CHAMP:P_Number-Theory_32","math","Number-Theory","deepseek","minimax",2,"A0_AI","two_math:CHAMP:P_Number-Theory_32:deepseek:r2:neutral_initial","two_math:CHAMP:P_Number-Theory_32:minimax:r2:neutral_initial",2,FALSE,220,"ok","correct"
"two_math:CHAMP:P_Combinatorics_18:minimax:r1:A0_AI","CHAMP:P_Combinatorics_18","math","Combinatorics","minimax","deepseek",1,"A0_AI","two_math:CHAMP:P_Combinatorics_18:minimax:r1:neutral_initial","two_math:CHAMP:P_Combinatorics_18:deepseek:r1:neutral_initial",2,TRUE,221,"ok","correct"
"two_math:CHAMP:P_Combinatorics_21:deepseek:r1:A0_AI","CHAMP:P_Combinatorics_21","math","Combinatorics","deepseek","minimax",1,"A0_AI","two_math:CHAMP:P_Combinatorics_21:deepseek:r1:neutral_initial","two_math:CHAMP:P_Combinatorics_21:minimax:r1:neutral_initial",2,FALSE,222,"ok","correct"
"two_math:CHAMP:P_Combinatorics_30:deepseek:r1:self_check","CHAMP:P_Combinatorics_30","math","Combinatorics","deepseek","",1,"self_check","two_math:CHAMP:P_Combinatorics_30:deepseek:r1:neutral_initial","",2,TRUE,223,"ok","correct"
"two_math:CHAMP:P_Polynomial_1:minimax:r2:self_check","CHAMP:P_Polynomial_1","math","Polynomial","minimax","",2,"self_check","two_math:CHAMP:P_Polynomial_1:minimax:r2:neutral_initial","",2,FALSE,225,"ok","correct"
"two_math:CHAMP:P_Polynomial_11:minimax:r1:A0_AI","CHAMP:P_Polynomial_11","math","Polynomial","minimax","deepseek",1,"A0_AI","two_math:CHAMP:P_Polynomial_11:minimax:r1:neutral_initial","two_math:CHAMP:P_Polynomial_11:deepseek:r1:neutral_initial",2,FALSE,226,"ok","incorrect"
"two_math:CHAMP:P_Number-Theory_17:minimax:r1:self_check","CHAMP:P_Number-Theory_17","math","Number-Theory","minimax","",1,"self_check","two_math:CHAMP:P_Number-Theory_17:minimax:r1:neutral_initial","",2,FALSE,227,"ok","correct"
"two_math:CHAMP:P_Polynomial_50:minimax:r1:A0_AI","CHAMP:P_Polynomial_50","math","Polynomial","minimax","deepseek",1,"A0_AI","two_math:CHAMP:P_Polynomial_50:minimax:r1:neutral_initial","two_math:CHAMP:P_Polynomial_50:deepseek:r1:neutral_initial",2,FALSE,228,"ok","correct"
"two_math:CHAMP:P_Polynomial_17:minimax:r1:self_check","CHAMP:P_Polynomial_17","math","Polynomial","minimax","",1,"self_check","two_math:CHAMP:P_Polynomial_17:minimax:r1:neutral_initial","",2,FALSE,229,"ok","unscorable"
"two_math:CHAMP:P_Polynomial_50:deepseek:r2:A0_AI","CHAMP:P_Polynomial_50","math","Polynomial","deepseek","minimax",2,"A0_AI","two_math:CHAMP:P_Polynomial_50:deepseek:r2:neutral_initial","two_math:CHAMP:P_Polynomial_50:minimax:r2:neutral_initial",2,FALSE,230,"ok","correct"
"two_math:CHAMP:P_Sequence_21:minimax:r2:A0_AI","CHAMP:P_Sequence_21","math","Sequence","minimax","deepseek",2,"A0_AI","two_math:CHAMP:P_Sequence_21:minimax:r2:neutral_initial","two_math:CHAMP:P_Sequence_21:deepseek:r2:neutral_initial",2,FALSE,231,"ok","correct"
"two_math:CHAMP:P_Number-Theory_71:deepseek:r2:self_check","CHAMP:P_Number-Theory_71","math","Number-Theory","deepseek","",2,"self_check","two_math:CHAMP:P_Number-Theory_71:deepseek:r2:neutral_initial","",2,FALSE,232,"ok","correct"
"two_math:CHAMP:P_Polynomial_11:minimax:r2:self_check","CHAMP:P_Polynomial_11","math","Polynomial","minimax","",2,"self_check","two_math:CHAMP:P_Polynomial_11:minimax:r2:neutral_initial","",2,FALSE,233,"incomplete","unscorable"
"two_math:CHAMP:P_Inequality_13:minimax:r1:self_check","CHAMP:P_Inequality_13","math","Inequality","minimax","",1,"self_check","two_math:CHAMP:P_Inequality_13:minimax:r1:neutral_initial","",2,TRUE,234,"ok","correct"
"two_math:CHAMP:P_Combinatorics_40:deepseek:r1:self_check","CHAMP:P_Combinatorics_40","math","Combinatorics","deepseek","",1,"self_check","two_math:CHAMP:P_Combinatorics_40:deepseek:r1:neutral_initial","",2,FALSE,235,"ok","correct"
"two_math:CHAMP:P_Combinatorics_18:deepseek:r2:self_check","CHAMP:P_Combinatorics_18","math","Combinatorics","deepseek","",2,"self_check","two_math:CHAMP:P_Combinatorics_18:deepseek:r2:neutral_initial","",2,TRUE,236,"ok","correct"
"two_math:CHAMP:P_Polynomial_24:deepseek:r2:self_check","CHAMP:P_Polynomial_24","math","Polynomial","deepseek","",2,"self_check","two_math:CHAMP:P_Polynomial_24:deepseek:r2:neutral_initial","",2,FALSE,239,"ok","correct"
"two_math:CHAMP:P_Sequence_42:deepseek:r1:A0_AI","CHAMP:P_Sequence_42","math","Sequence","deepseek","minimax",1,"A0_AI","two_math:CHAMP:P_Sequence_42:deepseek:r1:neutral_initial","two_math:CHAMP:P_Sequence_42:minimax:r1:neutral_initial",2,TRUE,241,"ok","correct"
"two_math:CHAMP:P_Number-Theory_67:deepseek:r1:A0_AI","CHAMP:P_Number-Theory_67","math","Number-Theory","deepseek","minimax",1,"A0_AI","two_math:CHAMP:P_Number-Theory_67:deepseek:r1:neutral_initial","two_math:CHAMP:P_Number-Theory_67:minimax:r1:neutral_initial",2,TRUE,242,"ok","correct"
"two_math:CHAMP:P_Polynomial_23:deepseek:r1:A0_AI","CHAMP:P_Polynomial_23","math","Polynomial","deepseek","minimax",1,"A0_AI","two_math:CHAMP:P_Polynomial_23:deepseek:r1:neutral_initial","two_math:CHAMP:P_Polynomial_23:minimax:r1:neutral_initial",2,TRUE,243,"ok","correct"
"two_math:CHAMP:P_Combinatorics_31:deepseek:r1:self_check","CHAMP:P_Combinatorics_31","math","Combinatorics","deepseek","",1,"self_check","two_math:CHAMP:P_Combinatorics_31:deepseek:r1:neutral_initial","",2,FALSE,244,"ok","correct"
"two_math:CHAMP:P_Number-Theory_13:minimax:r2:self_check","CHAMP:P_Number-Theory_13","math","Number-Theory","minimax","",2,"self_check","two_math:CHAMP:P_Number-Theory_13:minimax:r2:neutral_initial","",2,FALSE,245,"ok","correct"
"two_math:CHAMP:P_Number-Theory_27:deepseek:r2:A0_AI","CHAMP:P_Number-Theory_27","math","Number-Theory","deepseek","minimax",2,"A0_AI","two_math:CHAMP:P_Number-Theory_27:deepseek:r2:neutral_initial","two_math:CHAMP:P_Number-Theory_27:minimax:r2:neutral_initial",2,TRUE,246,"ok","correct"
"two_math:CHAMP:P_Inequality_13:deepseek:r1:self_check","CHAMP:P_Inequality_13","math","Inequality","deepseek","",1,"self_check","two_math:CHAMP:P_Inequality_13:deepseek:r1:neutral_initial","",2,TRUE,248,"ok","correct"
"two_math:CHAMP:P_Sequence_42:deepseek:r1:self_check","CHAMP:P_Sequence_42","math","Sequence","deepseek","",1,"self_check","two_math:CHAMP:P_Sequence_42:deepseek:r1:neutral_initial","",2,TRUE,249,"ok","correct"
"two_math:CHAMP:P_Polynomial_40:minimax:r2:self_check","CHAMP:P_Polynomial_40","math","Polynomial","minimax","",2,"self_check","two_math:CHAMP:P_Polynomial_40:minimax:r2:neutral_initial","",2,TRUE,250,"ok","correct"
"two_math:CHAMP:P_Sequence_20:minimax:r2:A0_AI","CHAMP:P_Sequence_20","math","Sequence","minimax","deepseek",2,"A0_AI","two_math:CHAMP:P_Sequence_20:minimax:r2:neutral_initial","two_math:CHAMP:P_Sequence_20:deepseek:r2:neutral_initial",2,TRUE,251,"ok","correct"
"two_math:CHAMP:P_Inequality_49:minimax:r1:self_check","CHAMP:P_Inequality_49","math","Inequality","minimax","",1,"self_check","two_math:CHAMP:P_Inequality_49:minimax:r1:neutral_initial","",2,FALSE,252,"ok","correct"
"two_math:CHAMP:P_Inequality_15:minimax:r1:self_check","CHAMP:P_Inequality_15","math","Inequality","minimax","",1,"self_check","two_math:CHAMP:P_Inequality_15:minimax:r1:neutral_initial","",2,TRUE,253,"ok","correct"
"two_math:CHAMP:P_Combinatorics_40:minimax:r1:A0_AI","CHAMP:P_Combinatorics_40","math","Combinatorics","minimax","deepseek",1,"A0_AI","two_math:CHAMP:P_Combinatorics_40:minimax:r1:neutral_initial","two_math:CHAMP:P_Combinatorics_40:deepseek:r1:neutral_initial",2,FALSE,254,"ok","correct"
"two_math:CHAMP:P_Inequality_13:minimax:r2:self_check","CHAMP:P_Inequality_13","math","Inequality","minimax","",2,"self_check","two_math:CHAMP:P_Inequality_13:minimax:r2:neutral_initial","",2,TRUE,255,"ok","incorrect"
"two_math:CHAMP:P_Sequence_19:minimax:r2:self_check","CHAMP:P_Sequence_19","math","Sequence","minimax","",2,"self_check","two_math:CHAMP:P_Sequence_19:minimax:r2:neutral_initial","",2,FALSE,256,"ok","correct"
"two_math:CHAMP:P_Inequality_49:minimax:r2:self_check","CHAMP:P_Inequality_49","math","Inequality","minimax","",2,"self_check","two_math:CHAMP:P_Inequality_49:minimax:r2:neutral_initial","",2,FALSE,257,"ok","correct"
"two_math:CHAMP:P_Polynomial_11:deepseek:r1:A0_AI","CHAMP:P_Polynomial_11","math","Polynomial","deepseek","minimax",1,"A0_AI","two_math:CHAMP:P_Polynomial_11:deepseek:r1:neutral_initial","two_math:CHAMP:P_Polynomial_11:minimax:r1:neutral_initial",2,FALSE,260,"ok","incorrect"
"two_math:CHAMP:P_Sequence_40:minimax:r2:A0_AI","CHAMP:P_Sequence_40","math","Sequence","minimax","deepseek",2,"A0_AI","two_math:CHAMP:P_Sequence_40:minimax:r2:neutral_initial","two_math:CHAMP:P_Sequence_40:deepseek:r2:neutral_initial",2,FALSE,261,"incomplete","unscorable"
"two_math:CHAMP:P_Polynomial_24:minimax:r2:A0_AI","CHAMP:P_Polynomial_24","math","Polynomial","minimax","deepseek",2,"A0_AI","two_math:CHAMP:P_Polynomial_24:minimax:r2:neutral_initial","two_math:CHAMP:P_Polynomial_24:deepseek:r2:neutral_initial",2,FALSE,262,"transport_error","unscorable"
"two_math:CHAMP:P_Number-Theory_27:minimax:r1:self_check","CHAMP:P_Number-Theory_27","math","Number-Theory","minimax","",1,"self_check","two_math:CHAMP:P_Number-Theory_27:minimax:r1:neutral_initial","",2,TRUE,264,"ok","correct"
"two_math:CHAMP:P_Combinatorics_30:deepseek:r1:A0_AI","CHAMP:P_Combinatorics_30","math","Combinatorics","deepseek","minimax",1,"A0_AI","two_math:CHAMP:P_Combinatorics_30:deepseek:r1:neutral_initial","two_math:CHAMP:P_Combinatorics_30:minimax:r1:neutral_initial",2,TRUE,266,"ok","correct"
"two_math:CHAMP:P_Combinatorics_38:deepseek:r1:self_check","CHAMP:P_Combinatorics_38","math","Combinatorics","deepseek","",1,"self_check","two_math:CHAMP:P_Combinatorics_38:deepseek:r1:neutral_initial","",2,FALSE,268,"ok","correct"
"two_math:CHAMP:P_Sequence_28:deepseek:r2:A0_AI","CHAMP:P_Sequence_28","math","Sequence","deepseek","minimax",2,"A0_AI","two_math:CHAMP:P_Sequence_28:deepseek:r2:neutral_initial","two_math:CHAMP:P_Sequence_28:minimax:r2:neutral_initial",2,TRUE,269,"ok","correct"
"two_math:CHAMP:P_Number-Theory_17:deepseek:r2:self_check","CHAMP:P_Number-Theory_17","math","Number-Theory","deepseek","",2,"self_check","two_math:CHAMP:P_Number-Theory_17:deepseek:r2:neutral_initial","",2,FALSE,270,"ok","correct"
"two_math:CHAMP:P_Polynomial_23:minimax:r1:self_check","CHAMP:P_Polynomial_23","math","Polynomial","minimax","",1,"self_check","two_math:CHAMP:P_Polynomial_23:minimax:r1:neutral_initial","",2,TRUE,271,"ok","correct"
"two_math:CHAMP:P_Number-Theory_13:deepseek:r2:self_check","CHAMP:P_Number-Theory_13","math","Number-Theory","deepseek","",2,"self_check","two_math:CHAMP:P_Number-Theory_13:deepseek:r2:neutral_initial","",2,FALSE,272,"ok","correct"
"two_math:CHAMP:P_Combinatorics_5:deepseek:r2:A0_AI","CHAMP:P_Combinatorics_5","math","Combinatorics","deepseek","minimax",2,"A0_AI","two_math:CHAMP:P_Combinatorics_5:deepseek:r2:neutral_initial","two_math:CHAMP:P_Combinatorics_5:minimax:r2:neutral_initial",2,TRUE,273,"ok","correct"
"two_math:CHAMP:P_Number-Theory_67:minimax:r2:A0_AI","CHAMP:P_Number-Theory_67","math","Number-Theory","minimax","deepseek",2,"A0_AI","two_math:CHAMP:P_Number-Theory_67:minimax:r2:neutral_initial","two_math:CHAMP:P_Number-Theory_67:deepseek:r2:neutral_initial",2,TRUE,274,"ok","correct"
"two_math:CHAMP:P_Number-Theory_67:minimax:r1:A0_AI","CHAMP:P_Number-Theory_67","math","Number-Theory","minimax","deepseek",1,"A0_AI","two_math:CHAMP:P_Number-Theory_67:minimax:r1:neutral_initial","two_math:CHAMP:P_Number-Theory_67:deepseek:r1:neutral_initial",2,TRUE,275,"ok","correct"
"two_math:CHAMP:P_Number-Theory_13:deepseek:r2:A0_AI","CHAMP:P_Number-Theory_13","math","Number-Theory","deepseek","minimax",2,"A0_AI","two_math:CHAMP:P_Number-Theory_13:deepseek:r2:neutral_initial","two_math:CHAMP:P_Number-Theory_13:minimax:r2:neutral_initial",2,FALSE,276,"ok","correct"
"two_math:CHAMP:P_Number-Theory_42:deepseek:r2:self_check","CHAMP:P_Number-Theory_42","math","Number-Theory","deepseek","",2,"self_check","two_math:CHAMP:P_Number-Theory_42:deepseek:r2:neutral_initial","",2,FALSE,278,"ok","correct"
"two_math:CHAMP:P_Inequality_26:deepseek:r1:self_check","CHAMP:P_Inequality_26","math","Inequality","deepseek","",1,"self_check","two_math:CHAMP:P_Inequality_26:deepseek:r1:neutral_initial","",2,FALSE,279,"ok","correct"
"two_math:CHAMP:P_Inequality_24:minimax:r2:self_check","CHAMP:P_Inequality_24","math","Inequality","minimax","",2,"self_check","two_math:CHAMP:P_Inequality_24:minimax:r2:neutral_initial","",2,TRUE,280,"ok","correct"
"two_math:CHAMP:P_Combinatorics_7:minimax:r1:self_check","CHAMP:P_Combinatorics_7","math","Combinatorics","minimax","",1,"self_check","two_math:CHAMP:P_Combinatorics_7:minimax:r1:neutral_initial","",2,FALSE,281,"ok","incorrect"
"two_math:CHAMP:P_Combinatorics_7:deepseek:r2:self_check","CHAMP:P_Combinatorics_7","math","Combinatorics","deepseek","",2,"self_check","two_math:CHAMP:P_Combinatorics_7:deepseek:r2:neutral_initial","",2,FALSE,283,"ok","correct"
"two_math:CHAMP:P_Polynomial_23:minimax:r1:A0_AI","CHAMP:P_Polynomial_23","math","Polynomial","minimax","deepseek",1,"A0_AI","two_math:CHAMP:P_Polynomial_23:minimax:r1:neutral_initial","two_math:CHAMP:P_Polynomial_23:deepseek:r1:neutral_initial",2,TRUE,284,"ok","correct"
"two_math:CHAMP:P_Inequality_49:deepseek:r2:A0_AI","CHAMP:P_Inequality_49","math","Inequality","deepseek","minimax",2,"A0_AI","two_math:CHAMP:P_Inequality_49:deepseek:r2:neutral_initial","two_math:CHAMP:P_Inequality_49:minimax:r2:neutral_initial",2,FALSE,285,"ok","correct"
"two_math:CHAMP:P_Sequence_20:deepseek:r2:A0_AI","CHAMP:P_Sequence_20","math","Sequence","deepseek","minimax",2,"A0_AI","two_math:CHAMP:P_Sequence_20:deepseek:r2:neutral_initial","two_math:CHAMP:P_Sequence_20:minimax:r2:neutral_initial",2,TRUE,287,"ok","correct"
"two_math:CHAMP:P_Combinatorics_21:minimax:r2:self_check","CHAMP:P_Combinatorics_21","math","Combinatorics","minimax","",2,"self_check","two_math:CHAMP:P_Combinatorics_21:minimax:r2:neutral_initial","",2,FALSE,288,"ok","correct"
"two_math:CHAMP:P_Polynomial_1:deepseek:r2:A0_AI","CHAMP:P_Polynomial_1","math","Polynomial","deepseek","minimax",2,"A0_AI","two_math:CHAMP:P_Polynomial_1:deepseek:r2:neutral_initial","two_math:CHAMP:P_Polynomial_1:minimax:r2:neutral_initial",2,FALSE,290,"ok","correct"
"two_math:CHAMP:P_Polynomial_32:deepseek:r1:A0_AI","CHAMP:P_Polynomial_32","math","Polynomial","deepseek","minimax",1,"A0_AI","two_math:CHAMP:P_Polynomial_32:deepseek:r1:neutral_initial","two_math:CHAMP:P_Polynomial_32:minimax:r1:neutral_initial",2,FALSE,291,"ok","correct"
"two_math:CHAMP:P_Number-Theory_67:minimax:r1:self_check","CHAMP:P_Number-Theory_67","math","Number-Theory","minimax","",1,"self_check","two_math:CHAMP:P_Number-Theory_67:minimax:r1:neutral_initial","",2,TRUE,292,"ok","correct"
"two_math:CHAMP:P_Combinatorics_38:minimax:r1:A0_AI","CHAMP:P_Combinatorics_38","math","Combinatorics","minimax","deepseek",1,"A0_AI","two_math:CHAMP:P_Combinatorics_38:minimax:r1:neutral_initial","two_math:CHAMP:P_Combinatorics_38:deepseek:r1:neutral_initial",2,FALSE,293,"ok","correct"
"two_math:CHAMP:P_Polynomial_1:deepseek:r2:self_check","CHAMP:P_Polynomial_1","math","Polynomial","deepseek","",2,"self_check","two_math:CHAMP:P_Polynomial_1:deepseek:r2:neutral_initial","",2,FALSE,294,"ok","correct"
"two_math:CHAMP:P_Combinatorics_5:deepseek:r2:self_check","CHAMP:P_Combinatorics_5","math","Combinatorics","deepseek","",2,"self_check","two_math:CHAMP:P_Combinatorics_5:deepseek:r2:neutral_initial","",2,TRUE,295,"ok","correct"
"two_math:CHAMP:P_Combinatorics_40:minimax:r1:self_check","CHAMP:P_Combinatorics_40","math","Combinatorics","minimax","",1,"self_check","two_math:CHAMP:P_Combinatorics_40:minimax:r1:neutral_initial","",2,FALSE,296,"ok","correct"
"two_math:CHAMP:P_Polynomial_50:minimax:r2:self_check","CHAMP:P_Polynomial_50","math","Polynomial","minimax","",2,"self_check","two_math:CHAMP:P_Polynomial_50:minimax:r2:neutral_initial","",2,FALSE,297,"ok","correct"
"two_math:CHAMP:P_Inequality_26:deepseek:r2:self_check","CHAMP:P_Inequality_26","math","Inequality","deepseek","",2,"self_check","two_math:CHAMP:P_Inequality_26:deepseek:r2:neutral_initial","",2,FALSE,298,"ok","correct"
"two_math:CHAMP:P_Sequence_21:deepseek:r2:self_check","CHAMP:P_Sequence_21","math","Sequence","deepseek","",2,"self_check","two_math:CHAMP:P_Sequence_21:deepseek:r2:neutral_initial","",2,FALSE,299,"ok","correct"
"two_math:CHAMP:P_Combinatorics_30:deepseek:r2:self_check","CHAMP:P_Combinatorics_30","math","Combinatorics","deepseek","",2,"self_check","two_math:CHAMP:P_Combinatorics_30:deepseek:r2:neutral_initial","",2,TRUE,300,"ok","correct"
"two_math:CHAMP:P_Number-Theory_71:minimax:r1:self_check","CHAMP:P_Number-Theory_71","math","Number-Theory","minimax","",1,"self_check","two_math:CHAMP:P_Number-Theory_71:minimax:r1:neutral_initial","",2,FALSE,301,"ok","correct"
"two_math:CHAMP:P_Combinatorics_18:deepseek:r1:self_check","CHAMP:P_Combinatorics_18","math","Combinatorics","deepseek","",1,"self_check","two_math:CHAMP:P_Combinatorics_18:deepseek:r1:neutral_initial","",2,TRUE,302,"ok","correct"
"two_math:CHAMP:P_Sequence_20:minimax:r2:self_check","CHAMP:P_Sequence_20","math","Sequence","minimax","",2,"self_check","two_math:CHAMP:P_Sequence_20:minimax:r2:neutral_initial","",2,TRUE,303,"ok","correct"
"two_math:CHAMP:P_Sequence_21:deepseek:r2:A0_AI","CHAMP:P_Sequence_21","math","Sequence","deepseek","minimax",2,"A0_AI","two_math:CHAMP:P_Sequence_21:deepseek:r2:neutral_initial","two_math:CHAMP:P_Sequence_21:minimax:r2:neutral_initial",2,FALSE,304,"ok","correct"
"two_math:CHAMP:P_Number-Theory_13:deepseek:r1:A0_AI","CHAMP:P_Number-Theory_13","math","Number-Theory","deepseek","minimax",1,"A0_AI","two_math:CHAMP:P_Number-Theory_13:deepseek:r1:neutral_initial","two_math:CHAMP:P_Number-Theory_13:minimax:r1:neutral_initial",2,FALSE,305,"ok","correct"
"two_math:CHAMP:P_Number-Theory_71:deepseek:r1:A0_AI","CHAMP:P_Number-Theory_71","math","Number-Theory","deepseek","minimax",1,"A0_AI","two_math:CHAMP:P_Number-Theory_71:deepseek:r1:neutral_initial","two_math:CHAMP:P_Number-Theory_71:minimax:r1:neutral_initial",2,FALSE,306,"ok","correct"
"two_math:CHAMP:P_Number-Theory_12:minimax:r2:self_check","CHAMP:P_Number-Theory_12","math","Number-Theory","minimax","",2,"self_check","two_math:CHAMP:P_Number-Theory_12:minimax:r2:neutral_initial","",2,FALSE,307,"ok","correct"
"two_math:CHAMP:P_Sequence_11:minimax:r1:A0_AI","CHAMP:P_Sequence_11","math","Sequence","minimax","deepseek",1,"A0_AI","two_math:CHAMP:P_Sequence_11:minimax:r1:neutral_initial","two_math:CHAMP:P_Sequence_11:deepseek:r1:neutral_initial",2,FALSE,308,"ok","correct"
"two_math:CHAMP:P_Combinatorics_38:deepseek:r2:self_check","CHAMP:P_Combinatorics_38","math","Combinatorics","deepseek","",2,"self_check","two_math:CHAMP:P_Combinatorics_38:deepseek:r2:neutral_initial","",2,FALSE,310,"ok","correct"
"two_math:CHAMP:P_Polynomial_1:deepseek:r1:self_check","CHAMP:P_Polynomial_1","math","Polynomial","deepseek","",1,"self_check","two_math:CHAMP:P_Polynomial_1:deepseek:r1:neutral_initial","",2,FALSE,312,"ok","correct"
"two_math:CHAMP:P_Polynomial_32:deepseek:r2:A0_AI","CHAMP:P_Polynomial_32","math","Polynomial","deepseek","minimax",2,"A0_AI","two_math:CHAMP:P_Polynomial_32:deepseek:r2:neutral_initial","two_math:CHAMP:P_Polynomial_32:minimax:r2:neutral_initial",2,FALSE,313,"ok","correct"
"two_math:CHAMP:P_Sequence_11:deepseek:r1:A0_AI","CHAMP:P_Sequence_11","math","Sequence","deepseek","minimax",1,"A0_AI","two_math:CHAMP:P_Sequence_11:deepseek:r1:neutral_initial","two_math:CHAMP:P_Sequence_11:minimax:r1:neutral_initial",2,FALSE,314,"ok","correct"
"two_math:CHAMP:P_Polynomial_24:minimax:r1:A0_AI","CHAMP:P_Polynomial_24","math","Polynomial","minimax","deepseek",1,"A0_AI","two_math:CHAMP:P_Polynomial_24:minimax:r1:neutral_initial","two_math:CHAMP:P_Polynomial_24:deepseek:r1:neutral_initial",2,FALSE,315,"ok","correct"
"two_math:CHAMP:P_Inequality_49:deepseek:r1:self_check","CHAMP:P_Inequality_49","math","Inequality","deepseek","",1,"self_check","two_math:CHAMP:P_Inequality_49:deepseek:r1:neutral_initial","",2,FALSE,316,"ok","correct"
"two_math:CHAMP:P_Number-Theory_71:minimax:r2:self_check","CHAMP:P_Number-Theory_71","math","Number-Theory","minimax","",2,"self_check","two_math:CHAMP:P_Number-Theory_71:minimax:r2:neutral_initial","",2,FALSE,317,"ok","correct"
"two_math:CHAMP:P_Sequence_21:deepseek:r1:self_check","CHAMP:P_Sequence_21","math","Sequence","deepseek","",1,"self_check","two_math:CHAMP:P_Sequence_21:deepseek:r1:neutral_initial","",2,FALSE,318,"ok","correct"
"two_math:CHAMP:P_Number-Theory_24:deepseek:r2:self_check","CHAMP:P_Number-Theory_24","math","Number-Theory","deepseek","",2,"self_check","two_math:CHAMP:P_Number-Theory_24:deepseek:r2:neutral_initial","",2,TRUE,319,"ok","correct"
"two_math:CHAMP:P_Combinatorics_30:minimax:r2:A0_AI","CHAMP:P_Combinatorics_30","math","Combinatorics","minimax","deepseek",2,"A0_AI","two_math:CHAMP:P_Combinatorics_30:minimax:r2:neutral_initial","two_math:CHAMP:P_Combinatorics_30:deepseek:r2:neutral_initial",2,TRUE,321,"ok","correct"
"two_math:CHAMP:P_Number-Theory_17:minimax:r2:A0_AI","CHAMP:P_Number-Theory_17","math","Number-Theory","minimax","deepseek",2,"A0_AI","two_math:CHAMP:P_Number-Theory_17:minimax:r2:neutral_initial","two_math:CHAMP:P_Number-Theory_17:deepseek:r2:neutral_initial",2,FALSE,322,"ok","correct"
"two_math:CHAMP:P_Polynomial_32:minimax:r2:A0_AI","CHAMP:P_Polynomial_32","math","Polynomial","minimax","deepseek",2,"A0_AI","two_math:CHAMP:P_Polynomial_32:minimax:r2:neutral_initial","two_math:CHAMP:P_Polynomial_32:deepseek:r2:neutral_initial",2,FALSE,324,"ok","correct"
"two_math:CHAMP:P_Polynomial_50:minimax:r2:A0_AI","CHAMP:P_Polynomial_50","math","Polynomial","minimax","deepseek",2,"A0_AI","two_math:CHAMP:P_Polynomial_50:minimax:r2:neutral_initial","two_math:CHAMP:P_Polynomial_50:deepseek:r2:neutral_initial",2,FALSE,325,"ok","correct"
"two_math:CHAMP:P_Inequality_49:deepseek:r2:self_check","CHAMP:P_Inequality_49","math","Inequality","deepseek","",2,"self_check","two_math:CHAMP:P_Inequality_49:deepseek:r2:neutral_initial","",2,FALSE,326,"ok","correct"
"two_math:CHAMP:P_Number-Theory_42:minimax:r1:self_check","CHAMP:P_Number-Theory_42","math","Number-Theory","minimax","",1,"self_check","two_math:CHAMP:P_Number-Theory_42:minimax:r1:neutral_initial","",2,FALSE,327,"ok","correct"
"two_math:CHAMP:P_Inequality_4:minimax:r2:A0_AI","CHAMP:P_Inequality_4","math","Inequality","minimax","deepseek",2,"A0_AI","two_math:CHAMP:P_Inequality_4:minimax:r2:neutral_initial","two_math:CHAMP:P_Inequality_4:deepseek:r2:neutral_initial",2,FALSE,328,"ok","correct"
"two_math:CHAMP:P_Inequality_26:minimax:r1:self_check","CHAMP:P_Inequality_26","math","Inequality","minimax","",1,"self_check","two_math:CHAMP:P_Inequality_26:minimax:r1:neutral_initial","",2,FALSE,329,"ok","correct"
"two_math:CHAMP:P_Polynomial_47:minimax:r2:A0_AI","CHAMP:P_Polynomial_47","math","Polynomial","minimax","deepseek",2,"A0_AI","two_math:CHAMP:P_Polynomial_47:minimax:r2:neutral_initial","two_math:CHAMP:P_Polynomial_47:deepseek:r2:neutral_initial",2,TRUE,330,"ok","correct"
"two_math:CHAMP:P_Sequence_42:minimax:r1:A0_AI","CHAMP:P_Sequence_42","math","Sequence","minimax","deepseek",1,"A0_AI","two_math:CHAMP:P_Sequence_42:minimax:r1:neutral_initial","two_math:CHAMP:P_Sequence_42:deepseek:r1:neutral_initial",2,TRUE,331,"ok","correct"
"two_math:CHAMP:P_Combinatorics_38:deepseek:r2:A0_AI","CHAMP:P_Combinatorics_38","math","Combinatorics","deepseek","minimax",2,"A0_AI","two_math:CHAMP:P_Combinatorics_38:deepseek:r2:neutral_initial","two_math:CHAMP:P_Combinatorics_38:minimax:r2:neutral_initial",2,FALSE,332,"ok","correct"
"two_math:CHAMP:P_Inequality_13:minimax:r2:A0_AI","CHAMP:P_Inequality_13","math","Inequality","minimax","deepseek",2,"A0_AI","two_math:CHAMP:P_Inequality_13:minimax:r2:neutral_initial","two_math:CHAMP:P_Inequality_13:deepseek:r2:neutral_initial",2,TRUE,333,"ok","correct"
"two_math:CHAMP:P_Polynomial_47:minimax:r1:self_check","CHAMP:P_Polynomial_47","math","Polynomial","minimax","",1,"self_check","two_math:CHAMP:P_Polynomial_47:minimax:r1:neutral_initial","",2,TRUE,334,"ok","correct"
"two_math:CHAMP:P_Sequence_19:deepseek:r2:A0_AI","CHAMP:P_Sequence_19","math","Sequence","deepseek","minimax",2,"A0_AI","two_math:CHAMP:P_Sequence_19:deepseek:r2:neutral_initial","two_math:CHAMP:P_Sequence_19:minimax:r2:neutral_initial",2,FALSE,335,"incomplete","unscorable"
"two_math:CHAMP:P_Number-Theory_42:deepseek:r2:A0_AI","CHAMP:P_Number-Theory_42","math","Number-Theory","deepseek","minimax",2,"A0_AI","two_math:CHAMP:P_Number-Theory_42:deepseek:r2:neutral_initial","two_math:CHAMP:P_Number-Theory_42:minimax:r2:neutral_initial",2,FALSE,337,"ok","correct"
"two_math:CHAMP:P_Sequence_40:minimax:r2:self_check","CHAMP:P_Sequence_40","math","Sequence","minimax","",2,"self_check","two_math:CHAMP:P_Sequence_40:minimax:r2:neutral_initial","",2,FALSE,338,"ok","incorrect"
"two_math:CHAMP:P_Combinatorics_21:deepseek:r2:A0_AI","CHAMP:P_Combinatorics_21","math","Combinatorics","deepseek","minimax",2,"A0_AI","two_math:CHAMP:P_Combinatorics_21:deepseek:r2:neutral_initial","two_math:CHAMP:P_Combinatorics_21:minimax:r2:neutral_initial",2,FALSE,340,"ok","correct"
"two_math:CHAMP:P_Polynomial_47:minimax:r2:self_check","CHAMP:P_Polynomial_47","math","Polynomial","minimax","",2,"self_check","two_math:CHAMP:P_Polynomial_47:minimax:r2:neutral_initial","",2,TRUE,341,"ok","correct"
"two_math:CHAMP:P_Polynomial_23:minimax:r2:self_check","CHAMP:P_Polynomial_23","math","Polynomial","minimax","",2,"self_check","two_math:CHAMP:P_Polynomial_23:minimax:r2:neutral_initial","",2,TRUE,342,"ok","correct"
"two_math:CHAMP:P_Inequality_13:minimax:r1:A0_AI","CHAMP:P_Inequality_13","math","Inequality","minimax","deepseek",1,"A0_AI","two_math:CHAMP:P_Inequality_13:minimax:r1:neutral_initial","two_math:CHAMP:P_Inequality_13:deepseek:r1:neutral_initial",2,TRUE,343,"ok","correct"
"two_math:CHAMP:P_Combinatorics_7:deepseek:r2:A0_AI","CHAMP:P_Combinatorics_7","math","Combinatorics","deepseek","minimax",2,"A0_AI","two_math:CHAMP:P_Combinatorics_7:deepseek:r2:neutral_initial","two_math:CHAMP:P_Combinatorics_7:minimax:r2:neutral_initial",2,FALSE,344,"ok","correct"
"two_math:CHAMP:P_Polynomial_47:deepseek:r2:self_check","CHAMP:P_Polynomial_47","math","Polynomial","deepseek","",2,"self_check","two_math:CHAMP:P_Polynomial_47:deepseek:r2:neutral_initial","",2,TRUE,345,"ok","correct"
"two_math:CHAMP:P_Polynomial_17:deepseek:r1:self_check","CHAMP:P_Polynomial_17","math","Polynomial","deepseek","",1,"self_check","two_math:CHAMP:P_Polynomial_17:deepseek:r1:neutral_initial","",2,FALSE,346,"ok","correct"
"two_math:CHAMP:P_Combinatorics_7:minimax:r1:A0_AI","CHAMP:P_Combinatorics_7","math","Combinatorics","minimax","deepseek",1,"A0_AI","two_math:CHAMP:P_Combinatorics_7:minimax:r1:neutral_initial","two_math:CHAMP:P_Combinatorics_7:deepseek:r1:neutral_initial",2,FALSE,347,"ok","correct"
"two_math:CHAMP:P_Sequence_40:deepseek:r2:A0_AI","CHAMP:P_Sequence_40","math","Sequence","deepseek","minimax",2,"A0_AI","two_math:CHAMP:P_Sequence_40:deepseek:r2:neutral_initial","two_math:CHAMP:P_Sequence_40:minimax:r2:neutral_initial",2,FALSE,349,"incomplete","unscorable"
"two_math:CHAMP:P_Inequality_4:deepseek:r1:A0_AI","CHAMP:P_Inequality_4","math","Inequality","deepseek","minimax",1,"A0_AI","two_math:CHAMP:P_Inequality_4:deepseek:r1:neutral_initial","two_math:CHAMP:P_Inequality_4:minimax:r1:neutral_initial",2,FALSE,350,"ok","correct"
"two_math:CHAMP:P_Number-Theory_17:minimax:r2:self_check","CHAMP:P_Number-Theory_17","math","Number-Theory","minimax","",2,"self_check","two_math:CHAMP:P_Number-Theory_17:minimax:r2:neutral_initial","",2,FALSE,351,"ok","correct"
"two_math:CHAMP:P_Inequality_8:minimax:r2:A0_AI","CHAMP:P_Inequality_8","math","Inequality","minimax","deepseek",2,"A0_AI","two_math:CHAMP:P_Inequality_8:minimax:r2:neutral_initial","two_math:CHAMP:P_Inequality_8:deepseek:r2:neutral_initial",2,FALSE,352,"ok","correct"
"two_math:CHAMP:P_Polynomial_50:deepseek:r1:self_check","CHAMP:P_Polynomial_50","math","Polynomial","deepseek","",1,"self_check","two_math:CHAMP:P_Polynomial_50:deepseek:r1:neutral_initial","",2,FALSE,353,"ok","correct"
"two_math:CHAMP:P_Combinatorics_31:deepseek:r2:A0_AI","CHAMP:P_Combinatorics_31","math","Combinatorics","deepseek","minimax",2,"A0_AI","two_math:CHAMP:P_Combinatorics_31:deepseek:r2:neutral_initial","two_math:CHAMP:P_Combinatorics_31:minimax:r2:neutral_initial",2,FALSE,355,"ok","correct"
"two_math:CHAMP:P_Combinatorics_38:minimax:r1:self_check","CHAMP:P_Combinatorics_38","math","Combinatorics","minimax","",1,"self_check","two_math:CHAMP:P_Combinatorics_38:minimax:r1:neutral_initial","",2,FALSE,356,"ok","incorrect"
"two_math:CHAMP:P_Polynomial_1:minimax:r1:self_check","CHAMP:P_Polynomial_1","math","Polynomial","minimax","",1,"self_check","two_math:CHAMP:P_Polynomial_1:minimax:r1:neutral_initial","",2,FALSE,357,"ok","correct"
"two_math:CHAMP:P_Combinatorics_5:minimax:r2:self_check","CHAMP:P_Combinatorics_5","math","Combinatorics","minimax","",2,"self_check","two_math:CHAMP:P_Combinatorics_5:minimax:r2:neutral_initial","",2,TRUE,358,"ok","correct"
"two_math:CHAMP:P_Number-Theory_12:deepseek:r1:self_check","CHAMP:P_Number-Theory_12","math","Number-Theory","deepseek","",1,"self_check","two_math:CHAMP:P_Number-Theory_12:deepseek:r1:neutral_initial","",2,FALSE,359,"ok","correct"
"two_math:CHAMP:P_Combinatorics_30:minimax:r1:self_check","CHAMP:P_Combinatorics_30","math","Combinatorics","minimax","",1,"self_check","two_math:CHAMP:P_Combinatorics_30:minimax:r1:neutral_initial","",2,TRUE,360,"ok","correct"
"two_math:CHAMP:P_Number-Theory_71:deepseek:r1:self_check","CHAMP:P_Number-Theory_71","math","Number-Theory","deepseek","",1,"self_check","two_math:CHAMP:P_Number-Theory_71:deepseek:r1:neutral_initial","",2,FALSE,361,"ok","correct"
"two_math:CHAMP:P_Number-Theory_71:deepseek:r2:A0_AI","CHAMP:P_Number-Theory_71","math","Number-Theory","deepseek","minimax",2,"A0_AI","two_math:CHAMP:P_Number-Theory_71:deepseek:r2:neutral_initial","two_math:CHAMP:P_Number-Theory_71:minimax:r2:neutral_initial",2,FALSE,363,"ok","correct"
"two_math:CHAMP:P_Inequality_4:minimax:r2:self_check","CHAMP:P_Inequality_4","math","Inequality","minimax","",2,"self_check","two_math:CHAMP:P_Inequality_4:minimax:r2:neutral_initial","",2,FALSE,365,"ok","correct"
"two_math:CHAMP:P_Inequality_24:deepseek:r1:A0_AI","CHAMP:P_Inequality_24","math","Inequality","deepseek","minimax",1,"A0_AI","two_math:CHAMP:P_Inequality_24:deepseek:r1:neutral_initial","two_math:CHAMP:P_Inequality_24:minimax:r1:neutral_initial",2,TRUE,366,"ok","correct"
"two_math:CHAMP:P_Polynomial_24:deepseek:r1:self_check","CHAMP:P_Polynomial_24","math","Polynomial","deepseek","",1,"self_check","two_math:CHAMP:P_Polynomial_24:deepseek:r1:neutral_initial","",2,FALSE,367,"ok","correct"
"two_math:CHAMP:P_Polynomial_40:minimax:r1:self_check","CHAMP:P_Polynomial_40","math","Polynomial","minimax","",1,"self_check","two_math:CHAMP:P_Polynomial_40:minimax:r1:neutral_initial","",2,TRUE,369,"ok","correct"
"two_math:CHAMP:P_Number-Theory_17:minimax:r1:A0_AI","CHAMP:P_Number-Theory_17","math","Number-Theory","minimax","deepseek",1,"A0_AI","two_math:CHAMP:P_Number-Theory_17:minimax:r1:neutral_initial","two_math:CHAMP:P_Number-Theory_17:deepseek:r1:neutral_initial",2,FALSE,370,"ok","correct"
"two_math:CHAMP:P_Polynomial_24:deepseek:r1:A0_AI","CHAMP:P_Polynomial_24","math","Polynomial","deepseek","minimax",1,"A0_AI","two_math:CHAMP:P_Polynomial_24:deepseek:r1:neutral_initial","two_math:CHAMP:P_Polynomial_24:minimax:r1:neutral_initial",2,FALSE,374,"ok","correct"
"two_math:CHAMP:P_Number-Theory_24:deepseek:r1:self_check","CHAMP:P_Number-Theory_24","math","Number-Theory","deepseek","",1,"self_check","two_math:CHAMP:P_Number-Theory_24:deepseek:r1:neutral_initial","",2,TRUE,375,"ok","correct"
"two_math:CHAMP:P_Number-Theory_67:deepseek:r2:self_check","CHAMP:P_Number-Theory_67","math","Number-Theory","deepseek","",2,"self_check","two_math:CHAMP:P_Number-Theory_67:deepseek:r2:neutral_initial","",2,TRUE,376,"ok","correct"
"two_math:CHAMP:P_Combinatorics_20:deepseek:r1:self_check","CHAMP:P_Combinatorics_20","math","Combinatorics","deepseek","",1,"self_check","two_math:CHAMP:P_Combinatorics_20:deepseek:r1:neutral_initial","",2,FALSE,377,"ok","correct"
"two_math:CHAMP:P_Polynomial_23:deepseek:r2:self_check","CHAMP:P_Polynomial_23","math","Polynomial","deepseek","",2,"self_check","two_math:CHAMP:P_Polynomial_23:deepseek:r2:neutral_initial","",2,TRUE,378,"ok","correct"
"two_math:CHAMP:P_Inequality_24:minimax:r1:A0_AI","CHAMP:P_Inequality_24","math","Inequality","minimax","deepseek",1,"A0_AI","two_math:CHAMP:P_Inequality_24:minimax:r1:neutral_initial","two_math:CHAMP:P_Inequality_24:deepseek:r1:neutral_initial",2,TRUE,379,"ok","correct"
"two_math:CHAMP:P_Inequality_4:deepseek:r2:A0_AI","CHAMP:P_Inequality_4","math","Inequality","deepseek","minimax",2,"A0_AI","two_math:CHAMP:P_Inequality_4:deepseek:r2:neutral_initial","two_math:CHAMP:P_Inequality_4:minimax:r2:neutral_initial",2,FALSE,380,"ok","correct"
"two_math:CHAMP:P_Sequence_42:deepseek:r2:A0_AI","CHAMP:P_Sequence_42","math","Sequence","deepseek","minimax",2,"A0_AI","two_math:CHAMP:P_Sequence_42:deepseek:r2:neutral_initial","two_math:CHAMP:P_Sequence_42:minimax:r2:neutral_initial",2,TRUE,381,"ok","correct"
"two_math:CHAMP:P_Sequence_20:deepseek:r1:self_check","CHAMP:P_Sequence_20","math","Sequence","deepseek","",1,"self_check","two_math:CHAMP:P_Sequence_20:deepseek:r1:neutral_initial","",2,TRUE,382,"ok","correct"
"two_math:CHAMP:P_Polynomial_1:minimax:r1:A0_AI","CHAMP:P_Polynomial_1","math","Polynomial","minimax","deepseek",1,"A0_AI","two_math:CHAMP:P_Polynomial_1:minimax:r1:neutral_initial","two_math:CHAMP:P_Polynomial_1:deepseek:r1:neutral_initial",2,FALSE,383,"ok","correct"
"two_math:CHAMP:P_Number-Theory_13:minimax:r1:self_check","CHAMP:P_Number-Theory_13","math","Number-Theory","minimax","",1,"self_check","two_math:CHAMP:P_Number-Theory_13:minimax:r1:neutral_initial","",2,FALSE,384,"ok","correct"
"two_math:CHAMP:P_Combinatorics_38:minimax:r2:self_check","CHAMP:P_Combinatorics_38","math","Combinatorics","minimax","",2,"self_check","two_math:CHAMP:P_Combinatorics_38:minimax:r2:neutral_initial","",2,FALSE,385,"ok","correct"
"two_math:CHAMP:P_Polynomial_47:deepseek:r2:A0_AI","CHAMP:P_Polynomial_47","math","Polynomial","deepseek","minimax",2,"A0_AI","two_math:CHAMP:P_Polynomial_47:deepseek:r2:neutral_initial","two_math:CHAMP:P_Polynomial_47:minimax:r2:neutral_initial",2,TRUE,386,"ok","correct"
"two_math:CHAMP:P_Sequence_42:deepseek:r2:self_check","CHAMP:P_Sequence_42","math","Sequence","deepseek","",2,"self_check","two_math:CHAMP:P_Sequence_42:deepseek:r2:neutral_initial","",2,TRUE,387,"ok","correct"
"two_math:CHAMP:P_Sequence_20:deepseek:r1:A0_AI","CHAMP:P_Sequence_20","math","Sequence","deepseek","minimax",1,"A0_AI","two_math:CHAMP:P_Sequence_20:deepseek:r1:neutral_initial","two_math:CHAMP:P_Sequence_20:minimax:r1:neutral_initial",2,TRUE,389,"ok","correct"
"two_math:CHAMP:P_Polynomial_17:minimax:r2:self_check","CHAMP:P_Polynomial_17","math","Polynomial","minimax","",2,"self_check","two_math:CHAMP:P_Polynomial_17:minimax:r2:neutral_initial","",2,FALSE,390,"ok","unscorable"
"two_math:CHAMP:P_Combinatorics_18:minimax:r1:self_check","CHAMP:P_Combinatorics_18","math","Combinatorics","minimax","",1,"self_check","two_math:CHAMP:P_Combinatorics_18:minimax:r1:neutral_initial","",2,TRUE,391,"transport_error","unscorable"
"two_math:CHAMP:P_Polynomial_40:deepseek:r1:A0_AI","CHAMP:P_Polynomial_40","math","Polynomial","deepseek","minimax",1,"A0_AI","two_math:CHAMP:P_Polynomial_40:deepseek:r1:neutral_initial","two_math:CHAMP:P_Polynomial_40:minimax:r1:neutral_initial",2,TRUE,394,"ok","correct"
"two_math:CHAMP:P_Number-Theory_13:deepseek:r1:self_check","CHAMP:P_Number-Theory_13","math","Number-Theory","deepseek","",1,"self_check","two_math:CHAMP:P_Number-Theory_13:deepseek:r1:neutral_initial","",2,FALSE,395,"ok","correct"
"two_math:CHAMP:P_Polynomial_11:deepseek:r2:A0_AI","CHAMP:P_Polynomial_11","math","Polynomial","deepseek","minimax",2,"A0_AI","two_math:CHAMP:P_Polynomial_11:deepseek:r2:neutral_initial","two_math:CHAMP:P_Polynomial_11:minimax:r2:neutral_initial",2,FALSE,396,"ok","correct"
"two_math:CHAMP:P_Inequality_24:deepseek:r2:self_check","CHAMP:P_Inequality_24","math","Inequality","deepseek","",2,"self_check","two_math:CHAMP:P_Inequality_24:deepseek:r2:neutral_initial","",2,TRUE,397,"ok","correct"
"two_math:CHAMP:P_Number-Theory_24:minimax:r2:self_check","CHAMP:P_Number-Theory_24","math","Number-Theory","minimax","",2,"self_check","two_math:CHAMP:P_Number-Theory_24:minimax:r2:neutral_initial","",2,TRUE,398,"ok","incorrect"
"two_math:CHAMP:P_Sequence_42:minimax:r2:A0_AI","CHAMP:P_Sequence_42","math","Sequence","minimax","deepseek",2,"A0_AI","two_math:CHAMP:P_Sequence_42:minimax:r2:neutral_initial","two_math:CHAMP:P_Sequence_42:deepseek:r2:neutral_initial",2,TRUE,399,"ok","correct"
"two_math:CHAMP:P_Combinatorics_7:minimax:r2:A0_AI","CHAMP:P_Combinatorics_7","math","Combinatorics","minimax","deepseek",2,"A0_AI","two_math:CHAMP:P_Combinatorics_7:minimax:r2:neutral_initial","two_math:CHAMP:P_Combinatorics_7:deepseek:r2:neutral_initial",2,FALSE,400,"transport_error","unscorable"
"two_math:CHAMP:P_Combinatorics_30:deepseek:r2:A0_AI","CHAMP:P_Combinatorics_30","math","Combinatorics","deepseek","minimax",2,"A0_AI","two_math:CHAMP:P_Combinatorics_30:deepseek:r2:neutral_initial","two_math:CHAMP:P_Combinatorics_30:minimax:r2:neutral_initial",2,TRUE,401,"ok","correct"
"two_math:CHAMP:P_Polynomial_50:deepseek:r2:self_check","CHAMP:P_Polynomial_50","math","Polynomial","deepseek","",2,"self_check","two_math:CHAMP:P_Polynomial_50:deepseek:r2:neutral_initial","",2,FALSE,402,"ok","correct"
"two_math:CHAMP:P_Polynomial_32:deepseek:r1:self_check","CHAMP:P_Polynomial_32","math","Polynomial","deepseek","",1,"self_check","two_math:CHAMP:P_Polynomial_32:deepseek:r1:neutral_initial","",2,FALSE,403,"ok","correct"
"two_math:CHAMP:P_Polynomial_50:deepseek:r1:A0_AI","CHAMP:P_Polynomial_50","math","Polynomial","deepseek","minimax",1,"A0_AI","two_math:CHAMP:P_Polynomial_50:deepseek:r1:neutral_initial","two_math:CHAMP:P_Polynomial_50:minimax:r1:neutral_initial",2,FALSE,404,"ok","correct"
"two_math:CHAMP:P_Polynomial_17:minimax:r1:A0_AI","CHAMP:P_Polynomial_17","math","Polynomial","minimax","deepseek",1,"A0_AI","two_math:CHAMP:P_Polynomial_17:minimax:r1:neutral_initial","two_math:CHAMP:P_Polynomial_17:deepseek:r1:neutral_initial",2,FALSE,405,"ok","correct"
"two_math:CHAMP:P_Number-Theory_24:deepseek:r1:A0_AI","CHAMP:P_Number-Theory_24","math","Number-Theory","deepseek","minimax",1,"A0_AI","two_math:CHAMP:P_Number-Theory_24:deepseek:r1:neutral_initial","two_math:CHAMP:P_Number-Theory_24:minimax:r1:neutral_initial",2,TRUE,406,"ok","correct"
"two_math:CHAMP:P_Inequality_13:deepseek:r2:A0_AI","CHAMP:P_Inequality_13","math","Inequality","deepseek","minimax",2,"A0_AI","two_math:CHAMP:P_Inequality_13:deepseek:r2:neutral_initial","two_math:CHAMP:P_Inequality_13:minimax:r2:neutral_initial",2,TRUE,407,"ok","correct"
"two_math:CHAMP:P_Number-Theory_27:minimax:r2:self_check","CHAMP:P_Number-Theory_27","math","Number-Theory","minimax","",2,"self_check","two_math:CHAMP:P_Number-Theory_27:minimax:r2:neutral_initial","",2,TRUE,408,"interrupted_unknown","unscorable"
"two_math:CHAMP:P_Inequality_49:minimax:r2:A0_AI","CHAMP:P_Inequality_49","math","Inequality","minimax","deepseek",2,"A0_AI","two_math:CHAMP:P_Inequality_49:minimax:r2:neutral_initial","two_math:CHAMP:P_Inequality_49:deepseek:r2:neutral_initial",2,FALSE,410,"interrupted_unknown","unscorable"
"two_math:CHAMP:P_Combinatorics_31:deepseek:r1:A0_AI","CHAMP:P_Combinatorics_31","math","Combinatorics","deepseek","minimax",1,"A0_AI","two_math:CHAMP:P_Combinatorics_31:deepseek:r1:neutral_initial","two_math:CHAMP:P_Combinatorics_31:minimax:r1:neutral_initial",2,FALSE,411,"ok","correct"
"two_math:CHAMP:P_Number-Theory_12:minimax:r2:A0_AI","CHAMP:P_Number-Theory_12","math","Number-Theory","minimax","deepseek",2,"A0_AI","two_math:CHAMP:P_Number-Theory_12:minimax:r2:neutral_initial","two_math:CHAMP:P_Number-Theory_12:deepseek:r2:neutral_initial",2,FALSE,412,"ok","correct"
"two_math:CHAMP:P_Combinatorics_21:minimax:r2:A0_AI","CHAMP:P_Combinatorics_21","math","Combinatorics","minimax","deepseek",2,"A0_AI","two_math:CHAMP:P_Combinatorics_21:minimax:r2:neutral_initial","two_math:CHAMP:P_Combinatorics_21:deepseek:r2:neutral_initial",2,FALSE,413,"ok","correct"
"two_math:CHAMP:P_Combinatorics_21:minimax:r1:self_check","CHAMP:P_Combinatorics_21","math","Combinatorics","minimax","",1,"self_check","two_math:CHAMP:P_Combinatorics_21:minimax:r1:neutral_initial","",2,FALSE,414,"transport_error","unscorable"
"two_math:CHAMP:P_Sequence_20:minimax:r1:A0_AI","CHAMP:P_Sequence_20","math","Sequence","minimax","deepseek",1,"A0_AI","two_math:CHAMP:P_Sequence_20:minimax:r1:neutral_initial","two_math:CHAMP:P_Sequence_20:deepseek:r1:neutral_initial",2,TRUE,417,"ok","correct"
"two_math:CHAMP:P_Inequality_13:deepseek:r1:A0_AI","CHAMP:P_Inequality_13","math","Inequality","deepseek","minimax",1,"A0_AI","two_math:CHAMP:P_Inequality_13:deepseek:r1:neutral_initial","two_math:CHAMP:P_Inequality_13:minimax:r1:neutral_initial",2,TRUE,418,"ok","correct"
"two_math:CHAMP:P_Number-Theory_42:minimax:r2:A0_AI","CHAMP:P_Number-Theory_42","math","Number-Theory","minimax","deepseek",2,"A0_AI","two_math:CHAMP:P_Number-Theory_42:minimax:r2:neutral_initial","two_math:CHAMP:P_Number-Theory_42:deepseek:r2:neutral_initial",2,FALSE,419,"ok","unscorable"
"two_math:CHAMP:P_Combinatorics_38:minimax:r2:A0_AI","CHAMP:P_Combinatorics_38","math","Combinatorics","minimax","deepseek",2,"A0_AI","two_math:CHAMP:P_Combinatorics_38:minimax:r2:neutral_initial","two_math:CHAMP:P_Combinatorics_38:deepseek:r2:neutral_initial",2,FALSE,420,"ok","correct"
"two_math:CHAMP:P_Sequence_21:minimax:r2:self_check","CHAMP:P_Sequence_21","math","Sequence","minimax","",2,"self_check","two_math:CHAMP:P_Sequence_21:minimax:r2:neutral_initial","",2,FALSE,421,"ok","correct"
"two_math:CHAMP:P_Combinatorics_30:minimax:r1:A0_AI","CHAMP:P_Combinatorics_30","math","Combinatorics","minimax","deepseek",1,"A0_AI","two_math:CHAMP:P_Combinatorics_30:minimax:r1:neutral_initial","two_math:CHAMP:P_Combinatorics_30:deepseek:r1:neutral_initial",2,TRUE,422,"ok","correct"
"two_math:CHAMP:P_Sequence_20:deepseek:r2:self_check","CHAMP:P_Sequence_20","math","Sequence","deepseek","",2,"self_check","two_math:CHAMP:P_Sequence_20:deepseek:r2:neutral_initial","",2,TRUE,423,"ok","correct"
"two_math:CHAMP:P_Sequence_11:deepseek:r2:self_check","CHAMP:P_Sequence_11","math","Sequence","deepseek","",2,"self_check","two_math:CHAMP:P_Sequence_11:deepseek:r2:neutral_initial","",2,FALSE,424,"ok","correct"
"two_math:CHAMP:P_Inequality_4:minimax:r1:self_check","CHAMP:P_Inequality_4","math","Inequality","minimax","",1,"self_check","two_math:CHAMP:P_Inequality_4:minimax:r1:neutral_initial","",2,FALSE,425,"ok","correct"
"two_math:CHAMP:P_Inequality_15:minimax:r1:A0_AI","CHAMP:P_Inequality_15","math","Inequality","minimax","deepseek",1,"A0_AI","two_math:CHAMP:P_Inequality_15:minimax:r1:neutral_initial","two_math:CHAMP:P_Inequality_15:deepseek:r1:neutral_initial",2,TRUE,426,"ok","correct"
"two_math:CHAMP:P_Number-Theory_12:deepseek:r2:A0_AI","CHAMP:P_Number-Theory_12","math","Number-Theory","deepseek","minimax",2,"A0_AI","two_math:CHAMP:P_Number-Theory_12:deepseek:r2:neutral_initial","two_math:CHAMP:P_Number-Theory_12:minimax:r2:neutral_initial",2,FALSE,427,"ok","correct"
"two_math:CHAMP:P_Polynomial_1:minimax:r2:A0_AI","CHAMP:P_Polynomial_1","math","Polynomial","minimax","deepseek",2,"A0_AI","two_math:CHAMP:P_Polynomial_1:minimax:r2:neutral_initial","two_math:CHAMP:P_Polynomial_1:deepseek:r2:neutral_initial",2,FALSE,428,"ok","correct"
"two_math:CHAMP:P_Number-Theory_32:minimax:r2:A0_AI","CHAMP:P_Number-Theory_32","math","Number-Theory","minimax","deepseek",2,"A0_AI","two_math:CHAMP:P_Number-Theory_32:minimax:r2:neutral_initial","two_math:CHAMP:P_Number-Theory_32:deepseek:r2:neutral_initial",2,FALSE,429,"ok","correct"
"two_math:CHAMP:P_Number-Theory_32:minimax:r2:self_check","CHAMP:P_Number-Theory_32","math","Number-Theory","minimax","",2,"self_check","two_math:CHAMP:P_Number-Theory_32:minimax:r2:neutral_initial","",2,FALSE,430,"ok","correct"
"two_math:CHAMP:P_Combinatorics_31:minimax:r2:self_check","CHAMP:P_Combinatorics_31","math","Combinatorics","minimax","",2,"self_check","two_math:CHAMP:P_Combinatorics_31:minimax:r2:neutral_initial","",2,FALSE,431,"ok","correct"
"two_math:CHAMP:P_Polynomial_23:deepseek:r2:A0_AI","CHAMP:P_Polynomial_23","math","Polynomial","deepseek","minimax",2,"A0_AI","two_math:CHAMP:P_Polynomial_23:deepseek:r2:neutral_initial","two_math:CHAMP:P_Polynomial_23:minimax:r2:neutral_initial",2,TRUE,432,"ok","correct"
"two_math:CHAMP:P_Inequality_15:deepseek:r1:self_check","CHAMP:P_Inequality_15","math","Inequality","deepseek","",1,"self_check","two_math:CHAMP:P_Inequality_15:deepseek:r1:neutral_initial","",2,TRUE,433,"ok","correct"
"two_math:CHAMP:P_Polynomial_32:minimax:r2:self_check","CHAMP:P_Polynomial_32","math","Polynomial","minimax","",2,"self_check","two_math:CHAMP:P_Polynomial_32:minimax:r2:neutral_initial","",2,FALSE,434,"ok","correct"
"two_math:CHAMP:P_Sequence_28:minimax:r2:self_check","CHAMP:P_Sequence_28","math","Sequence","minimax","",2,"self_check","two_math:CHAMP:P_Sequence_28:minimax:r2:neutral_initial","",2,TRUE,435,"ok","correct"
"two_math:CHAMP:P_Number-Theory_67:deepseek:r2:A0_AI","CHAMP:P_Number-Theory_67","math","Number-Theory","deepseek","minimax",2,"A0_AI","two_math:CHAMP:P_Number-Theory_67:deepseek:r2:neutral_initial","two_math:CHAMP:P_Number-Theory_67:minimax:r2:neutral_initial",2,TRUE,436,"ok","correct"
"two_math:CHAMP:P_Number-Theory_24:minimax:r1:self_check","CHAMP:P_Number-Theory_24","math","Number-Theory","minimax","",1,"self_check","two_math:CHAMP:P_Number-Theory_24:minimax:r1:neutral_initial","",2,TRUE,437,"ok","correct"
"two_math:CHAMP:P_Combinatorics_7:minimax:r2:self_check","CHAMP:P_Combinatorics_7","math","Combinatorics","minimax","",2,"self_check","two_math:CHAMP:P_Combinatorics_7:minimax:r2:neutral_initial","",2,FALSE,440,"ok","correct"
"two_math:CHAMP:P_Combinatorics_30:minimax:r2:self_check","CHAMP:P_Combinatorics_30","math","Combinatorics","minimax","",2,"self_check","two_math:CHAMP:P_Combinatorics_30:minimax:r2:neutral_initial","",2,TRUE,441,"ok","correct"
"two_math:CHAMP:P_Combinatorics_31:minimax:r1:A0_AI","CHAMP:P_Combinatorics_31","math","Combinatorics","minimax","deepseek",1,"A0_AI","two_math:CHAMP:P_Combinatorics_31:minimax:r1:neutral_initial","two_math:CHAMP:P_Combinatorics_31:deepseek:r1:neutral_initial",2,FALSE,442,"ok","correct"
"two_math:CHAMP:P_Inequality_49:deepseek:r1:A0_AI","CHAMP:P_Inequality_49","math","Inequality","deepseek","minimax",1,"A0_AI","two_math:CHAMP:P_Inequality_49:deepseek:r1:neutral_initial","two_math:CHAMP:P_Inequality_49:minimax:r1:neutral_initial",2,FALSE,443,"ok","correct"
"two_math:CHAMP:P_Sequence_11:minimax:r2:A0_AI","CHAMP:P_Sequence_11","math","Sequence","minimax","deepseek",2,"A0_AI","two_math:CHAMP:P_Sequence_11:minimax:r2:neutral_initial","two_math:CHAMP:P_Sequence_11:deepseek:r2:neutral_initial",2,FALSE,444,"ok","correct"
"two_math:CHAMP:P_Sequence_42:minimax:r1:self_check","CHAMP:P_Sequence_42","math","Sequence","minimax","",1,"self_check","two_math:CHAMP:P_Sequence_42:minimax:r1:neutral_initial","",2,TRUE,445,"ok","correct"
"two_math:CHAMP:P_Number-Theory_27:minimax:r1:A0_AI","CHAMP:P_Number-Theory_27","math","Number-Theory","minimax","deepseek",1,"A0_AI","two_math:CHAMP:P_Number-Theory_27:minimax:r1:neutral_initial","two_math:CHAMP:P_Number-Theory_27:deepseek:r1:neutral_initial",2,TRUE,446,"ok","correct"
"two_math:CHAMP:P_Combinatorics_31:minimax:r1:self_check","CHAMP:P_Combinatorics_31","math","Combinatorics","minimax","",1,"self_check","two_math:CHAMP:P_Combinatorics_31:minimax:r1:neutral_initial","",2,FALSE,447,"ok","correct"
"two_math:CHAMP:P_Polynomial_11:minimax:r2:A0_AI","CHAMP:P_Polynomial_11","math","Polynomial","minimax","deepseek",2,"A0_AI","two_math:CHAMP:P_Polynomial_11:minimax:r2:neutral_initial","two_math:CHAMP:P_Polynomial_11:deepseek:r2:neutral_initial",2,FALSE,448,"ok","correct"
"two_math:CHAMP:P_Polynomial_32:minimax:r1:self_check","CHAMP:P_Polynomial_32","math","Polynomial","minimax","",1,"self_check","two_math:CHAMP:P_Polynomial_32:minimax:r1:neutral_initial","",2,FALSE,449,"ok","correct"
"two_math:CHAMP:P_Combinatorics_21:minimax:r1:A0_AI","CHAMP:P_Combinatorics_21","math","Combinatorics","minimax","deepseek",1,"A0_AI","two_math:CHAMP:P_Combinatorics_21:minimax:r1:neutral_initial","two_math:CHAMP:P_Combinatorics_21:deepseek:r1:neutral_initial",2,FALSE,450,"transport_error","unscorable"
"two_math:CHAMP:P_Polynomial_11:deepseek:r1:self_check","CHAMP:P_Polynomial_11","math","Polynomial","deepseek","",1,"self_check","two_math:CHAMP:P_Polynomial_11:deepseek:r1:neutral_initial","",2,FALSE,452,"ok","correct"
"two_math:CHAMP:P_Combinatorics_40:deepseek:r2:self_check","CHAMP:P_Combinatorics_40","math","Combinatorics","deepseek","",2,"self_check","two_math:CHAMP:P_Combinatorics_40:deepseek:r2:neutral_initial","",2,FALSE,453,"ok","correct"
"two_math:CHAMP:P_Inequality_8:minimax:r1:self_check","CHAMP:P_Inequality_8","math","Inequality","minimax","",1,"self_check","two_math:CHAMP:P_Inequality_8:minimax:r1:neutral_initial","",2,FALSE,454,"ok","correct"
"two_math:CHAMP:P_Polynomial_24:minimax:r1:self_check","CHAMP:P_Polynomial_24","math","Polynomial","minimax","",1,"self_check","two_math:CHAMP:P_Polynomial_24:minimax:r1:neutral_initial","",2,FALSE,456,"transport_error","unscorable"
"two_math:CHAMP:P_Polynomial_11:minimax:r1:self_check","CHAMP:P_Polynomial_11","math","Polynomial","minimax","",1,"self_check","two_math:CHAMP:P_Polynomial_11:minimax:r1:neutral_initial","",2,FALSE,458,"transport_error","unscorable"
"two_math:CHAMP:P_Number-Theory_24:deepseek:r2:A0_AI","CHAMP:P_Number-Theory_24","math","Number-Theory","deepseek","minimax",2,"A0_AI","two_math:CHAMP:P_Number-Theory_24:deepseek:r2:neutral_initial","two_math:CHAMP:P_Number-Theory_24:minimax:r2:neutral_initial",2,TRUE,459,"ok","correct"
"two_math:CHAMP:P_Number-Theory_32:minimax:r1:A0_AI","CHAMP:P_Number-Theory_32","math","Number-Theory","minimax","deepseek",1,"A0_AI","two_math:CHAMP:P_Number-Theory_32:minimax:r1:neutral_initial","two_math:CHAMP:P_Number-Theory_32:deepseek:r1:neutral_initial",2,FALSE,460,"transport_error","unscorable"
"two_math:CHAMP:P_Polynomial_40:deepseek:r1:self_check","CHAMP:P_Polynomial_40","math","Polynomial","deepseek","",1,"self_check","two_math:CHAMP:P_Polynomial_40:deepseek:r1:neutral_initial","",2,TRUE,461,"ok","correct"
"two_math:CHAMP:P_Polynomial_23:deepseek:r1:self_check","CHAMP:P_Polynomial_23","math","Polynomial","deepseek","",1,"self_check","two_math:CHAMP:P_Polynomial_23:deepseek:r1:neutral_initial","",2,TRUE,462,"ok","correct"
"two_math:CHAMP:P_Combinatorics_5:deepseek:r1:A0_AI","CHAMP:P_Combinatorics_5","math","Combinatorics","deepseek","minimax",1,"A0_AI","two_math:CHAMP:P_Combinatorics_5:deepseek:r1:neutral_initial","two_math:CHAMP:P_Combinatorics_5:minimax:r1:neutral_initial",2,TRUE,463,"ok","correct"
"two_math:CHAMP:P_Polynomial_1:deepseek:r1:A0_AI","CHAMP:P_Polynomial_1","math","Polynomial","deepseek","minimax",1,"A0_AI","two_math:CHAMP:P_Polynomial_1:deepseek:r1:neutral_initial","two_math:CHAMP:P_Polynomial_1:minimax:r1:neutral_initial",2,FALSE,464,"ok","correct"
"two_math:CHAMP:P_Number-Theory_17:deepseek:r1:A0_AI","CHAMP:P_Number-Theory_17","math","Number-Theory","deepseek","minimax",1,"A0_AI","two_math:CHAMP:P_Number-Theory_17:deepseek:r1:neutral_initial","two_math:CHAMP:P_Number-Theory_17:minimax:r1:neutral_initial",2,FALSE,465,"ok","correct"
"two_math:CHAMP:P_Number-Theory_13:minimax:r2:A0_AI","CHAMP:P_Number-Theory_13","math","Number-Theory","minimax","deepseek",2,"A0_AI","two_math:CHAMP:P_Number-Theory_13:minimax:r2:neutral_initial","two_math:CHAMP:P_Number-Theory_13:deepseek:r2:neutral_initial",2,FALSE,466,"transport_error","unscorable"
"two_math:CHAMP:P_Combinatorics_18:deepseek:r1:A0_AI","CHAMP:P_Combinatorics_18","math","Combinatorics","deepseek","minimax",1,"A0_AI","two_math:CHAMP:P_Combinatorics_18:deepseek:r1:neutral_initial","two_math:CHAMP:P_Combinatorics_18:minimax:r1:neutral_initial",2,TRUE,467,"ok","correct"
"two_math:CHAMP:P_Inequality_24:deepseek:r2:A0_AI","CHAMP:P_Inequality_24","math","Inequality","deepseek","minimax",2,"A0_AI","two_math:CHAMP:P_Inequality_24:deepseek:r2:neutral_initial","two_math:CHAMP:P_Inequality_24:minimax:r2:neutral_initial",2,TRUE,468,"ok","correct"
"two_math:CHAMP:P_Polynomial_11:deepseek:r2:self_check","CHAMP:P_Polynomial_11","math","Polynomial","deepseek","",2,"self_check","two_math:CHAMP:P_Polynomial_11:deepseek:r2:neutral_initial","",2,FALSE,469,"transport_error","unscorable"
"two_math:CHAMP:P_Number-Theory_13:minimax:r1:A0_AI","CHAMP:P_Number-Theory_13","math","Number-Theory","minimax","deepseek",1,"A0_AI","two_math:CHAMP:P_Number-Theory_13:minimax:r1:neutral_initial","two_math:CHAMP:P_Number-Theory_13:deepseek:r1:neutral_initial",2,FALSE,470,"transport_error","unscorable"
"two_math:CHAMP:P_Combinatorics_5:minimax:r1:A0_AI","CHAMP:P_Combinatorics_5","math","Combinatorics","minimax","deepseek",1,"A0_AI","two_math:CHAMP:P_Combinatorics_5:minimax:r1:neutral_initial","two_math:CHAMP:P_Combinatorics_5:deepseek:r1:neutral_initial",2,TRUE,471,"transport_error","unscorable"
"two_math:CHAMP:P_Number-Theory_32:deepseek:r1:self_check","CHAMP:P_Number-Theory_32","math","Number-Theory","deepseek","",1,"self_check","two_math:CHAMP:P_Number-Theory_32:deepseek:r1:neutral_initial","",2,FALSE,472,"ok","correct"
"two_math:CHAMP:P_Combinatorics_5:minimax:r2:A0_AI","CHAMP:P_Combinatorics_5","math","Combinatorics","minimax","deepseek",2,"A0_AI","two_math:CHAMP:P_Combinatorics_5:minimax:r2:neutral_initial","two_math:CHAMP:P_Combinatorics_5:deepseek:r2:neutral_initial",2,TRUE,473,"transport_error","unscorable"
"two_math:CHAMP:P_Inequality_26:deepseek:r1:A0_AI","CHAMP:P_Inequality_26","math","Inequality","deepseek","minimax",1,"A0_AI","two_math:CHAMP:P_Inequality_26:deepseek:r1:neutral_initial","two_math:CHAMP:P_Inequality_26:minimax:r1:neutral_initial",2,FALSE,474,"ok","correct"
"two_math:CHAMP:P_Sequence_11:minimax:r2:self_check","CHAMP:P_Sequence_11","math","Sequence","minimax","",2,"self_check","two_math:CHAMP:P_Sequence_11:minimax:r2:neutral_initial","",2,FALSE,475,"transport_error","unscorable"
"two_math:CHAMP:P_Inequality_15:deepseek:r2:self_check","CHAMP:P_Inequality_15","math","Inequality","deepseek","",2,"self_check","two_math:CHAMP:P_Inequality_15:deepseek:r2:neutral_initial","",2,TRUE,476,"ok","correct"
"two_math:CHAMP:P_Number-Theory_42:minimax:r2:self_check","CHAMP:P_Number-Theory_42","math","Number-Theory","minimax","",2,"self_check","two_math:CHAMP:P_Number-Theory_42:minimax:r2:neutral_initial","",2,FALSE,477,"transport_error","unscorable"
"two_math:CHAMP:P_Polynomial_40:minimax:r1:A0_AI","CHAMP:P_Polynomial_40","math","Polynomial","minimax","deepseek",1,"A0_AI","two_math:CHAMP:P_Polynomial_40:minimax:r1:neutral_initial","two_math:CHAMP:P_Polynomial_40:deepseek:r1:neutral_initial",2,TRUE,478,"ok","correct"
"two_math:CHAMP:P_Number-Theory_27:deepseek:r2:self_check","CHAMP:P_Number-Theory_27","math","Number-Theory","deepseek","",2,"self_check","two_math:CHAMP:P_Number-Theory_27:deepseek:r2:neutral_initial","",2,TRUE,479,"ok","correct"
"two_math:CHAMP:P_Polynomial_47:deepseek:r1:A0_AI","CHAMP:P_Polynomial_47","math","Polynomial","deepseek","minimax",1,"A0_AI","two_math:CHAMP:P_Polynomial_47:deepseek:r1:neutral_initial","two_math:CHAMP:P_Polynomial_47:minimax:r1:neutral_initial",2,TRUE,480,"ok","correct"
"two_math:CHAMP:P_Number-Theory_17:deepseek:r1:self_check","CHAMP:P_Number-Theory_17","math","Number-Theory","deepseek","",1,"self_check","two_math:CHAMP:P_Number-Theory_17:deepseek:r1:neutral_initial","",2,FALSE,481,"ok","correct"
"two_math:CHAMP:P_Inequality_4:minimax:r1:A0_AI","CHAMP:P_Inequality_4","math","Inequality","minimax","deepseek",1,"A0_AI","two_math:CHAMP:P_Inequality_4:minimax:r1:neutral_initial","two_math:CHAMP:P_Inequality_4:deepseek:r1:neutral_initial",2,FALSE,482,"ok","correct"
"two_math:CHAMP:P_Inequality_26:minimax:r1:A0_AI","CHAMP:P_Inequality_26","math","Inequality","minimax","deepseek",1,"A0_AI","two_math:CHAMP:P_Inequality_26:minimax:r1:neutral_initial","two_math:CHAMP:P_Inequality_26:deepseek:r1:neutral_initial",2,FALSE,483,"transport_error","unscorable"
"two_math:CHAMP:P_Inequality_4:deepseek:r2:self_check","CHAMP:P_Inequality_4","math","Inequality","deepseek","",2,"self_check","two_math:CHAMP:P_Inequality_4:deepseek:r2:neutral_initial","",2,FALSE,484,"ok","correct"
"two_math:CHAMP:P_Polynomial_24:deepseek:r2:A0_AI","CHAMP:P_Polynomial_24","math","Polynomial","deepseek","minimax",2,"A0_AI","two_math:CHAMP:P_Polynomial_24:deepseek:r2:neutral_initial","two_math:CHAMP:P_Polynomial_24:minimax:r2:neutral_initial",2,FALSE,485,"ok","correct"
"two_math:CHAMP:P_Inequality_24:minimax:r1:self_check","CHAMP:P_Inequality_24","math","Inequality","minimax","",1,"self_check","two_math:CHAMP:P_Inequality_24:minimax:r1:neutral_initial","",2,TRUE,486,"ok","correct"
"two_math:CHAMP:P_Polynomial_50:minimax:r1:self_check","CHAMP:P_Polynomial_50","math","Polynomial","minimax","",1,"self_check","two_math:CHAMP:P_Polynomial_50:minimax:r1:neutral_initial","",2,FALSE,487,"transport_error","unscorable"
"two_math:CHAMP:P_Sequence_42:minimax:r2:self_check","CHAMP:P_Sequence_42","math","Sequence","minimax","",2,"self_check","two_math:CHAMP:P_Sequence_42:minimax:r2:neutral_initial","",2,TRUE,488,"transport_error","unscorable"
"two_math:CHAMP:P_Number-Theory_27:deepseek:r1:A0_AI","CHAMP:P_Number-Theory_27","math","Number-Theory","deepseek","minimax",1,"A0_AI","two_math:CHAMP:P_Number-Theory_27:deepseek:r1:neutral_initial","two_math:CHAMP:P_Number-Theory_27:minimax:r1:neutral_initial",2,TRUE,489,"ok","correct"
"two_math:CHAMP:P_Number-Theory_27:minimax:r2:A0_AI","CHAMP:P_Number-Theory_27","math","Number-Theory","minimax","deepseek",2,"A0_AI","two_math:CHAMP:P_Number-Theory_27:minimax:r2:neutral_initial","two_math:CHAMP:P_Number-Theory_27:deepseek:r2:neutral_initial",2,TRUE,490,"transport_error","unscorable"
"two_math:CHAMP:P_Polynomial_40:minimax:r2:A0_AI","CHAMP:P_Polynomial_40","math","Polynomial","minimax","deepseek",2,"A0_AI","two_math:CHAMP:P_Polynomial_40:minimax:r2:neutral_initial","two_math:CHAMP:P_Polynomial_40:deepseek:r2:neutral_initial",2,TRUE,491,"transport_error","unscorable"
"two_math:CHAMP:P_Polynomial_32:deepseek:r2:self_check","CHAMP:P_Polynomial_32","math","Polynomial","deepseek","",2,"self_check","two_math:CHAMP:P_Polynomial_32:deepseek:r2:neutral_initial","",2,FALSE,492,"ok","correct"
"two_math:CHAMP:P_Inequality_13:minimax:r2:misconception_initial","CHAMP:P_Inequality_13","math","Inequality","minimax","",2,"misconception_initial","","",3,TRUE,493,"transport_error","unscorable"
"two_math:CHAMP:P_Inequality_24:minimax:r2:misconception_initial","CHAMP:P_Inequality_24","math","Inequality","minimax","",2,"misconception_initial","","",3,TRUE,494,"transport_error","unscorable"
"two_math:CHAMP:P_Sequence_42:deepseek:r2:misconception_initial","CHAMP:P_Sequence_42","math","Sequence","deepseek","",2,"misconception_initial","","",3,TRUE,495,"transport_error","unscorable"
"two_math:CHAMP:P_Polynomial_40:deepseek:r1:misconception_initial","CHAMP:P_Polynomial_40","math","Polynomial","deepseek","",1,"misconception_initial","","",3,TRUE,496,"transport_error","unscorable"
"two_math:CHAMP:P_Polynomial_47:deepseek:r1:misconception_initial","CHAMP:P_Polynomial_47","math","Polynomial","deepseek","",1,"misconception_initial","","",3,TRUE,497,"ok","correct"
"two_math:CHAMP:P_Inequality_15:deepseek:r1:misconception_initial","CHAMP:P_Inequality_15","math","Inequality","deepseek","",1,"misconception_initial","","",3,TRUE,498,"ok","unscorable"
"two_math:CHAMP:P_Polynomial_47:minimax:r1:misconception_initial","CHAMP:P_Polynomial_47","math","Polynomial","minimax","",1,"misconception_initial","","",3,TRUE,499,"ok","correct"
"two_math:CHAMP:P_Polynomial_23:deepseek:r1:misconception_initial","CHAMP:P_Polynomial_23","math","Polynomial","deepseek","",1,"misconception_initial","","",3,TRUE,500,"ok","correct"
"two_math:CHAMP:P_Sequence_42:minimax:r2:misconception_initial","CHAMP:P_Sequence_42","math","Sequence","minimax","",2,"misconception_initial","","",3,TRUE,501,"transport_error","unscorable"
"two_math:CHAMP:P_Number-Theory_24:minimax:r2:misconception_initial","CHAMP:P_Number-Theory_24","math","Number-Theory","minimax","",2,"misconception_initial","","",3,TRUE,502,"transport_error","unscorable"
"two_math:CHAMP:P_Polynomial_40:minimax:r1:misconception_initial","CHAMP:P_Polynomial_40","math","Polynomial","minimax","",1,"misconception_initial","","",3,TRUE,503,"transport_error","unscorable"
"two_math:CHAMP:P_Sequence_28:deepseek:r1:misconception_initial","CHAMP:P_Sequence_28","math","Sequence","deepseek","",1,"misconception_initial","","",3,TRUE,504,"transport_error","unscorable"
"two_math:CHAMP:P_Number-Theory_24:deepseek:r2:misconception_initial","CHAMP:P_Number-Theory_24","math","Number-Theory","deepseek","",2,"misconception_initial","","",3,TRUE,505,"ok","correct"
"two_math:CHAMP:P_Inequality_13:deepseek:r1:misconception_initial","CHAMP:P_Inequality_13","math","Inequality","deepseek","",1,"misconception_initial","","",3,TRUE,506,"ok","correct"
"two_math:CHAMP:P_Number-Theory_27:minimax:r2:misconception_initial","CHAMP:P_Number-Theory_27","math","Number-Theory","minimax","",2,"misconception_initial","","",3,TRUE,507,"transport_error","unscorable"
"two_math:CHAMP:P_Inequality_24:minimax:r1:misconception_initial","CHAMP:P_Inequality_24","math","Inequality","minimax","",1,"misconception_initial","","",3,TRUE,508,"transport_error","unscorable"
"two_math:CHAMP:P_Sequence_28:minimax:r1:misconception_initial","CHAMP:P_Sequence_28","math","Sequence","minimax","",1,"misconception_initial","","",3,TRUE,509,"incomplete","unscorable"
"two_math:CHAMP:P_Number-Theory_27:minimax:r1:misconception_initial","CHAMP:P_Number-Theory_27","math","Number-Theory","minimax","",1,"misconception_initial","","",3,TRUE,510,"transport_error","unscorable"
"two_math:CHAMP:P_Number-Theory_67:minimax:r2:misconception_initial","CHAMP:P_Number-Theory_67","math","Number-Theory","minimax","",2,"misconception_initial","","",3,TRUE,511,"transport_error","unscorable"
"two_math:CHAMP:P_Number-Theory_24:deepseek:r1:misconception_initial","CHAMP:P_Number-Theory_24","math","Number-Theory","deepseek","",1,"misconception_initial","","",3,TRUE,512,"ok","correct"
"two_math:CHAMP:P_Number-Theory_27:deepseek:r1:misconception_initial","CHAMP:P_Number-Theory_27","math","Number-Theory","deepseek","",1,"misconception_initial","","",3,TRUE,513,"ok","correct"
"two_math:CHAMP:P_Sequence_28:deepseek:r2:misconception_initial","CHAMP:P_Sequence_28","math","Sequence","deepseek","",2,"misconception_initial","","",3,TRUE,514,"ok","correct"
"two_math:CHAMP:P_Combinatorics_5:minimax:r2:misconception_initial","CHAMP:P_Combinatorics_5","math","Combinatorics","minimax","",2,"misconception_initial","","",3,TRUE,515,"ok","incorrect"
"two_math:CHAMP:P_Inequality_15:minimax:r1:misconception_initial","CHAMP:P_Inequality_15","math","Inequality","minimax","",1,"misconception_initial","","",3,TRUE,516,"ok","correct"
"two_math:CHAMP:P_Number-Theory_67:minimax:r1:misconception_initial","CHAMP:P_Number-Theory_67","math","Number-Theory","minimax","",1,"misconception_initial","","",3,TRUE,517,"ok","correct"
"two_math:CHAMP:P_Combinatorics_5:deepseek:r1:misconception_initial","CHAMP:P_Combinatorics_5","math","Combinatorics","deepseek","",1,"misconception_initial","","",3,TRUE,518,"ok","correct"
"two_math:CHAMP:P_Combinatorics_18:minimax:r2:misconception_initial","CHAMP:P_Combinatorics_18","math","Combinatorics","minimax","",2,"misconception_initial","","",3,TRUE,519,"ok","correct"
"two_math:CHAMP:P_Number-Theory_67:deepseek:r1:misconception_initial","CHAMP:P_Number-Theory_67","math","Number-Theory","deepseek","",1,"misconception_initial","","",3,TRUE,520,"ok","correct"
"two_math:CHAMP:P_Inequality_13:deepseek:r2:misconception_initial","CHAMP:P_Inequality_13","math","Inequality","deepseek","",2,"misconception_initial","","",3,TRUE,521,"ok","correct"
"two_math:CHAMP:P_Sequence_20:deepseek:r2:misconception_initial","CHAMP:P_Sequence_20","math","Sequence","deepseek","",2,"misconception_initial","","",3,TRUE,522,"ok","correct"
"two_math:CHAMP:P_Number-Theory_67:deepseek:r2:misconception_initial","CHAMP:P_Number-Theory_67","math","Number-Theory","deepseek","",2,"misconception_initial","","",3,TRUE,523,"ok","correct"
"two_math:CHAMP:P_Polynomial_47:minimax:r2:misconception_initial","CHAMP:P_Polynomial_47","math","Polynomial","minimax","",2,"misconception_initial","","",3,TRUE,524,"ok","correct"
"two_math:CHAMP:P_Inequality_24:deepseek:r2:misconception_initial","CHAMP:P_Inequality_24","math","Inequality","deepseek","",2,"misconception_initial","","",3,TRUE,525,"ok","correct"
"two_math:CHAMP:P_Combinatorics_30:minimax:r2:misconception_initial","CHAMP:P_Combinatorics_30","math","Combinatorics","minimax","",2,"misconception_initial","","",3,TRUE,526,"ok","correct"
"two_math:CHAMP:P_Sequence_42:minimax:r1:misconception_initial","CHAMP:P_Sequence_42","math","Sequence","minimax","",1,"misconception_initial","","",3,TRUE,527,"interrupted_unknown","unscorable"
"two_math:CHAMP:P_Inequality_13:minimax:r1:misconception_initial","CHAMP:P_Inequality_13","math","Inequality","minimax","",1,"misconception_initial","","",3,TRUE,528,"interrupted_unknown","unscorable"
"two_math:CHAMP:P_Polynomial_40:deepseek:r2:misconception_initial","CHAMP:P_Polynomial_40","math","Polynomial","deepseek","",2,"misconception_initial","","",3,TRUE,529,"ok","correct"
"two_math:CHAMP:P_Combinatorics_18:deepseek:r1:misconception_initial","CHAMP:P_Combinatorics_18","math","Combinatorics","deepseek","",1,"misconception_initial","","",3,TRUE,530,"ok","correct"
"two_math:CHAMP:P_Polynomial_47:deepseek:r2:misconception_initial","CHAMP:P_Polynomial_47","math","Polynomial","deepseek","",2,"misconception_initial","","",3,TRUE,531,"ok","correct"
"two_math:CHAMP:P_Sequence_28:minimax:r2:misconception_initial","CHAMP:P_Sequence_28","math","Sequence","minimax","",2,"misconception_initial","","",3,TRUE,532,"ok","correct"
"two_math:CHAMP:P_Number-Theory_27:deepseek:r2:misconception_initial","CHAMP:P_Number-Theory_27","math","Number-Theory","deepseek","",2,"misconception_initial","","",3,TRUE,533,"ok","correct"
"two_math:CHAMP:P_Sequence_42:deepseek:r1:misconception_initial","CHAMP:P_Sequence_42","math","Sequence","deepseek","",1,"misconception_initial","","",3,TRUE,534,"ok","correct"
"two_math:CHAMP:P_Number-Theory_24:minimax:r1:misconception_initial","CHAMP:P_Number-Theory_24","math","Number-Theory","minimax","",1,"misconception_initial","","",3,TRUE,535,"ok","correct"
"two_math:CHAMP:P_Inequality_24:deepseek:r1:misconception_initial","CHAMP:P_Inequality_24","math","Inequality","deepseek","",1,"misconception_initial","","",3,TRUE,536,"ok","unscorable"
"two_math:CHAMP:P_Inequality_15:deepseek:r2:misconception_initial","CHAMP:P_Inequality_15","math","Inequality","deepseek","",2,"misconception_initial","","",3,TRUE,537,"ok","correct"
"two_math:CHAMP:P_Sequence_20:minimax:r2:misconception_initial","CHAMP:P_Sequence_20","math","Sequence","minimax","",2,"misconception_initial","","",3,TRUE,538,"ok","correct"
"two_math:CHAMP:P_Combinatorics_30:deepseek:r2:misconception_initial","CHAMP:P_Combinatorics_30","math","Combinatorics","deepseek","",2,"misconception_initial","","",3,TRUE,539,"ok","correct"
"two_math:CHAMP:P_Combinatorics_18:minimax:r1:misconception_initial","CHAMP:P_Combinatorics_18","math","Combinatorics","minimax","",1,"misconception_initial","","",3,TRUE,540,"ok","correct"
"two_math:CHAMP:P_Polynomial_23:deepseek:r2:misconception_initial","CHAMP:P_Polynomial_23","math","Polynomial","deepseek","",2,"misconception_initial","","",3,TRUE,541,"ok","correct"
"two_math:CHAMP:P_Sequence_20:deepseek:r1:misconception_initial","CHAMP:P_Sequence_20","math","Sequence","deepseek","",1,"misconception_initial","","",3,TRUE,542,"ok","correct"
"two_math:CHAMP:P_Polynomial_23:minimax:r2:misconception_initial","CHAMP:P_Polynomial_23","math","Polynomial","minimax","",2,"misconception_initial","","",3,TRUE,543,"ok","correct"
"two_math:CHAMP:P_Combinatorics_5:minimax:r1:misconception_initial","CHAMP:P_Combinatorics_5","math","Combinatorics","minimax","",1,"misconception_initial","","",3,TRUE,544,"ok","correct"
"two_math:CHAMP:P_Sequence_20:minimax:r1:misconception_initial","CHAMP:P_Sequence_20","math","Sequence","minimax","",1,"misconception_initial","","",3,TRUE,545,"ok","correct"
"two_math:CHAMP:P_Combinatorics_5:deepseek:r2:misconception_initial","CHAMP:P_Combinatorics_5","math","Combinatorics","deepseek","",2,"misconception_initial","","",3,TRUE,546,"ok","correct"
"two_math:CHAMP:P_Combinatorics_30:deepseek:r1:misconception_initial","CHAMP:P_Combinatorics_30","math","Combinatorics","deepseek","",1,"misconception_initial","","",3,TRUE,547,"ok","correct"
"two_math:CHAMP:P_Combinatorics_30:minimax:r1:misconception_initial","CHAMP:P_Combinatorics_30","math","Combinatorics","minimax","",1,"misconception_initial","","",3,TRUE,548,"ok","correct"
"two_math:CHAMP:P_Polynomial_40:minimax:r2:misconception_initial","CHAMP:P_Polynomial_40","math","Polynomial","minimax","",2,"misconception_initial","","",3,TRUE,549,"ok","correct"
"two_math:CHAMP:P_Inequality_15:minimax:r2:misconception_initial","CHAMP:P_Inequality_15","math","Inequality","minimax","",2,"misconception_initial","","",3,TRUE,550,"ok","correct"
"two_math:CHAMP:P_Combinatorics_18:deepseek:r2:misconception_initial","CHAMP:P_Combinatorics_18","math","Combinatorics","deepseek","",2,"misconception_initial","","",3,TRUE,551,"ok","correct"
"two_math:CHAMP:P_Polynomial_23:minimax:r1:misconception_initial","CHAMP:P_Polynomial_23","math","Polynomial","minimax","",1,"misconception_initial","","",3,TRUE,552,"ok","correct"
"two_math:CHAMP:P_Number-Theory_27:deepseek:r2:A0_Human","CHAMP:P_Number-Theory_27","math","Number-Theory","deepseek","minimax",2,"A0_Human","two_math:CHAMP:P_Number-Theory_27:deepseek:r2:neutral_initial","two_math:CHAMP:P_Number-Theory_27:minimax:r2:neutral_initial",4,TRUE,553,"ok","correct"
"two_math:CHAMP:P_Inequality_13:deepseek:r1:A0_Human","CHAMP:P_Inequality_13","math","Inequality","deepseek","minimax",1,"A0_Human","two_math:CHAMP:P_Inequality_13:deepseek:r1:neutral_initial","two_math:CHAMP:P_Inequality_13:minimax:r1:neutral_initial",4,TRUE,554,"ok","correct"
"two_math:CHAMP:P_Sequence_42:deepseek:r1:A0_Human","CHAMP:P_Sequence_42","math","Sequence","deepseek","minimax",1,"A0_Human","two_math:CHAMP:P_Sequence_42:deepseek:r1:neutral_initial","two_math:CHAMP:P_Sequence_42:minimax:r1:neutral_initial",4,TRUE,555,"ok","correct"
"two_math:CHAMP:P_Inequality_13:minimax:r2:A0_Human","CHAMP:P_Inequality_13","math","Inequality","minimax","deepseek",2,"A0_Human","two_math:CHAMP:P_Inequality_13:minimax:r2:neutral_initial","two_math:CHAMP:P_Inequality_13:deepseek:r2:neutral_initial",4,TRUE,557,"ok","correct"
"two_math:CHAMP:P_Combinatorics_5:deepseek:r2:A1_Human","CHAMP:P_Combinatorics_5","math","Combinatorics","deepseek","minimax",2,"A1_Human","two_math:CHAMP:P_Combinatorics_5:deepseek:r2:neutral_initial","two_math:CHAMP:P_Combinatorics_5:minimax:r2:misconception_initial",4,TRUE,558,"ok","correct"
"two_math:CHAMP:P_Combinatorics_30:minimax:r2:A1_AI","CHAMP:P_Combinatorics_30","math","Combinatorics","minimax","deepseek",2,"A1_AI","two_math:CHAMP:P_Combinatorics_30:minimax:r2:neutral_initial","two_math:CHAMP:P_Combinatorics_30:deepseek:r2:misconception_initial",4,TRUE,559,"ok","unscorable"
"two_math:CHAMP:P_Number-Theory_67:minimax:r1:A0_Human","CHAMP:P_Number-Theory_67","math","Number-Theory","minimax","deepseek",1,"A0_Human","two_math:CHAMP:P_Number-Theory_67:minimax:r1:neutral_initial","two_math:CHAMP:P_Number-Theory_67:deepseek:r1:neutral_initial",4,TRUE,560,"ok","correct"
"two_math:CHAMP:P_Number-Theory_24:minimax:r2:A0_Human","CHAMP:P_Number-Theory_24","math","Number-Theory","minimax","deepseek",2,"A0_Human","two_math:CHAMP:P_Number-Theory_24:minimax:r2:neutral_initial","two_math:CHAMP:P_Number-Theory_24:deepseek:r2:neutral_initial",4,TRUE,561,"ok","correct"
"two_math:CHAMP:P_Number-Theory_67:minimax:r1:A1_AI","CHAMP:P_Number-Theory_67","math","Number-Theory","minimax","deepseek",1,"A1_AI","two_math:CHAMP:P_Number-Theory_67:minimax:r1:neutral_initial","two_math:CHAMP:P_Number-Theory_67:deepseek:r1:misconception_initial",4,TRUE,562,"ok","correct"
"two_math:CHAMP:P_Number-Theory_27:minimax:r2:A1_Human","CHAMP:P_Number-Theory_27","math","Number-Theory","minimax","deepseek",2,"A1_Human","two_math:CHAMP:P_Number-Theory_27:minimax:r2:neutral_initial","two_math:CHAMP:P_Number-Theory_27:deepseek:r2:misconception_initial",4,TRUE,563,"ok","correct"
"two_math:CHAMP:P_Polynomial_23:minimax:r1:A0_Human","CHAMP:P_Polynomial_23","math","Polynomial","minimax","deepseek",1,"A0_Human","two_math:CHAMP:P_Polynomial_23:minimax:r1:neutral_initial","two_math:CHAMP:P_Polynomial_23:deepseek:r1:neutral_initial",4,TRUE,565,"ok","correct"
"two_math:CHAMP:P_Inequality_24:deepseek:r1:A0_Human","CHAMP:P_Inequality_24","math","Inequality","deepseek","minimax",1,"A0_Human","two_math:CHAMP:P_Inequality_24:deepseek:r1:neutral_initial","two_math:CHAMP:P_Inequality_24:minimax:r1:neutral_initial",4,TRUE,566,"ok","correct"
"two_math:CHAMP:P_Polynomial_47:deepseek:r2:A1_AI","CHAMP:P_Polynomial_47","math","Polynomial","deepseek","minimax",2,"A1_AI","two_math:CHAMP:P_Polynomial_47:deepseek:r2:neutral_initial","two_math:CHAMP:P_Polynomial_47:minimax:r2:misconception_initial",4,TRUE,569,"ok","correct"
"two_math:CHAMP:P_Number-Theory_67:minimax:r2:A1_Human","CHAMP:P_Number-Theory_67","math","Number-Theory","minimax","deepseek",2,"A1_Human","two_math:CHAMP:P_Number-Theory_67:minimax:r2:neutral_initial","two_math:CHAMP:P_Number-Theory_67:deepseek:r2:misconception_initial",4,TRUE,570,"ok","correct"
"two_math:CHAMP:P_Sequence_28:deepseek:r2:A1_Human","CHAMP:P_Sequence_28","math","Sequence","deepseek","minimax",2,"A1_Human","two_math:CHAMP:P_Sequence_28:deepseek:r2:neutral_initial","two_math:CHAMP:P_Sequence_28:minimax:r2:misconception_initial",4,TRUE,571,"ok","correct"
"two_math:CHAMP:P_Sequence_20:deepseek:r1:A0_Human","CHAMP:P_Sequence_20","math","Sequence","deepseek","minimax",1,"A0_Human","two_math:CHAMP:P_Sequence_20:deepseek:r1:neutral_initial","two_math:CHAMP:P_Sequence_20:minimax:r1:neutral_initial",4,TRUE,572,"ok","correct"
"two_math:CHAMP:P_Combinatorics_18:deepseek:r1:A1_Human","CHAMP:P_Combinatorics_18","math","Combinatorics","deepseek","minimax",1,"A1_Human","two_math:CHAMP:P_Combinatorics_18:deepseek:r1:neutral_initial","two_math:CHAMP:P_Combinatorics_18:minimax:r1:misconception_initial",4,TRUE,573,"ok","correct"
"two_math:CHAMP:P_Combinatorics_5:deepseek:r1:A1_AI","CHAMP:P_Combinatorics_5","math","Combinatorics","deepseek","minimax",1,"A1_AI","two_math:CHAMP:P_Combinatorics_5:deepseek:r1:neutral_initial","two_math:CHAMP:P_Combinatorics_5:minimax:r1:misconception_initial",4,TRUE,574,"ok","correct"
"two_math:CHAMP:P_Polynomial_23:deepseek:r1:A1_AI","CHAMP:P_Polynomial_23","math","Polynomial","deepseek","minimax",1,"A1_AI","two_math:CHAMP:P_Polynomial_23:deepseek:r1:neutral_initial","two_math:CHAMP:P_Polynomial_23:minimax:r1:misconception_initial",4,TRUE,575,"ok","correct"
"two_math:CHAMP:P_Number-Theory_27:minimax:r1:A1_Human","CHAMP:P_Number-Theory_27","math","Number-Theory","minimax","deepseek",1,"A1_Human","two_math:CHAMP:P_Number-Theory_27:minimax:r1:neutral_initial","two_math:CHAMP:P_Number-Theory_27:deepseek:r1:misconception_initial",4,TRUE,576,"ok","correct"
"two_math:CHAMP:P_Combinatorics_5:minimax:r2:A1_Human","CHAMP:P_Combinatorics_5","math","Combinatorics","minimax","deepseek",2,"A1_Human","two_math:CHAMP:P_Combinatorics_5:minimax:r2:neutral_initial","two_math:CHAMP:P_Combinatorics_5:deepseek:r2:misconception_initial",4,TRUE,579,"ok","correct"
"two_math:CHAMP:P_Number-Theory_67:deepseek:r1:A1_Human","CHAMP:P_Number-Theory_67","math","Number-Theory","deepseek","minimax",1,"A1_Human","two_math:CHAMP:P_Number-Theory_67:deepseek:r1:neutral_initial","two_math:CHAMP:P_Number-Theory_67:minimax:r1:misconception_initial",4,TRUE,580,"ok","correct"
"two_math:CHAMP:P_Inequality_15:minimax:r1:A1_AI","CHAMP:P_Inequality_15","math","Inequality","minimax","deepseek",1,"A1_AI","two_math:CHAMP:P_Inequality_15:minimax:r1:neutral_initial","two_math:CHAMP:P_Inequality_15:deepseek:r1:misconception_initial",4,TRUE,581,"ok","correct"
"two_math:CHAMP:P_Inequality_13:minimax:r1:A0_Human","CHAMP:P_Inequality_13","math","Inequality","minimax","deepseek",1,"A0_Human","two_math:CHAMP:P_Inequality_13:minimax:r1:neutral_initial","two_math:CHAMP:P_Inequality_13:deepseek:r1:neutral_initial",4,TRUE,582,"ok","correct"
"two_math:CHAMP:P_Combinatorics_30:deepseek:r2:A0_Human","CHAMP:P_Combinatorics_30","math","Combinatorics","deepseek","minimax",2,"A0_Human","two_math:CHAMP:P_Combinatorics_30:deepseek:r2:neutral_initial","two_math:CHAMP:P_Combinatorics_30:minimax:r2:neutral_initial",4,TRUE,584,"ok","correct"
"two_math:CHAMP:P_Inequality_15:deepseek:r2:A1_Human","CHAMP:P_Inequality_15","math","Inequality","deepseek","minimax",2,"A1_Human","two_math:CHAMP:P_Inequality_15:deepseek:r2:neutral_initial","two_math:CHAMP:P_Inequality_15:minimax:r2:misconception_initial",4,TRUE,585,"ok","correct"
"two_math:CHAMP:P_Inequality_15:minimax:r1:A0_Human","CHAMP:P_Inequality_15","math","Inequality","minimax","deepseek",1,"A0_Human","two_math:CHAMP:P_Inequality_15:minimax:r1:neutral_initial","two_math:CHAMP:P_Inequality_15:deepseek:r1:neutral_initial",4,TRUE,586,"ok","correct"
"two_math:CHAMP:P_Inequality_24:minimax:r1:A0_Human","CHAMP:P_Inequality_24","math","Inequality","minimax","deepseek",1,"A0_Human","two_math:CHAMP:P_Inequality_24:minimax:r1:neutral_initial","two_math:CHAMP:P_Inequality_24:deepseek:r1:neutral_initial",4,TRUE,589,"ok","correct"
"two_math:CHAMP:P_Polynomial_47:minimax:r1:A1_Human","CHAMP:P_Polynomial_47","math","Polynomial","minimax","deepseek",1,"A1_Human","two_math:CHAMP:P_Polynomial_47:minimax:r1:neutral_initial","two_math:CHAMP:P_Polynomial_47:deepseek:r1:misconception_initial",4,TRUE,590,"ok","correct"
"two_math:CHAMP:P_Polynomial_47:deepseek:r2:A0_Human","CHAMP:P_Polynomial_47","math","Polynomial","deepseek","minimax",2,"A0_Human","two_math:CHAMP:P_Polynomial_47:deepseek:r2:neutral_initial","two_math:CHAMP:P_Polynomial_47:minimax:r2:neutral_initial",4,TRUE,593,"ok","correct"
"two_math:CHAMP:P_Combinatorics_30:minimax:r1:A0_Human","CHAMP:P_Combinatorics_30","math","Combinatorics","minimax","deepseek",1,"A0_Human","two_math:CHAMP:P_Combinatorics_30:minimax:r1:neutral_initial","two_math:CHAMP:P_Combinatorics_30:deepseek:r1:neutral_initial",4,TRUE,594,"ok","unscorable"
"two_math:CHAMP:P_Inequality_24:deepseek:r2:A0_Human","CHAMP:P_Inequality_24","math","Inequality","deepseek","minimax",2,"A0_Human","two_math:CHAMP:P_Inequality_24:deepseek:r2:neutral_initial","two_math:CHAMP:P_Inequality_24:minimax:r2:neutral_initial",4,TRUE,596,"ok","correct"
"two_math:CHAMP:P_Number-Theory_27:minimax:r1:A0_Human","CHAMP:P_Number-Theory_27","math","Number-Theory","minimax","deepseek",1,"A0_Human","two_math:CHAMP:P_Number-Theory_27:minimax:r1:neutral_initial","two_math:CHAMP:P_Number-Theory_27:deepseek:r1:neutral_initial",4,TRUE,597,"ok","correct"
"two_math:CHAMP:P_Number-Theory_24:minimax:r1:A1_Human","CHAMP:P_Number-Theory_24","math","Number-Theory","minimax","deepseek",1,"A1_Human","two_math:CHAMP:P_Number-Theory_24:minimax:r1:neutral_initial","two_math:CHAMP:P_Number-Theory_24:deepseek:r1:misconception_initial",4,TRUE,598,"ok","correct"
"two_math:CHAMP:P_Polynomial_40:deepseek:r2:A0_Human","CHAMP:P_Polynomial_40","math","Polynomial","deepseek","minimax",2,"A0_Human","two_math:CHAMP:P_Polynomial_40:deepseek:r2:neutral_initial","two_math:CHAMP:P_Polynomial_40:minimax:r2:neutral_initial",4,TRUE,599,"ok","correct"
"two_math:CHAMP:P_Combinatorics_30:minimax:r2:A1_Human","CHAMP:P_Combinatorics_30","math","Combinatorics","minimax","deepseek",2,"A1_Human","two_math:CHAMP:P_Combinatorics_30:minimax:r2:neutral_initial","two_math:CHAMP:P_Combinatorics_30:deepseek:r2:misconception_initial",4,TRUE,600,"ok","unscorable"
"two_math:CHAMP:P_Inequality_24:minimax:r1:A1_AI","CHAMP:P_Inequality_24","math","Inequality","minimax","deepseek",1,"A1_AI","two_math:CHAMP:P_Inequality_24:minimax:r1:neutral_initial","two_math:CHAMP:P_Inequality_24:deepseek:r1:misconception_initial",4,TRUE,601,"ok","correct"
"two_math:CHAMP:P_Combinatorics_30:deepseek:r1:A1_Human","CHAMP:P_Combinatorics_30","math","Combinatorics","deepseek","minimax",1,"A1_Human","two_math:CHAMP:P_Combinatorics_30:deepseek:r1:neutral_initial","two_math:CHAMP:P_Combinatorics_30:minimax:r1:misconception_initial",4,TRUE,602,"ok","correct"
"two_math:CHAMP:P_Combinatorics_30:deepseek:r2:A1_AI","CHAMP:P_Combinatorics_30","math","Combinatorics","deepseek","minimax",2,"A1_AI","two_math:CHAMP:P_Combinatorics_30:deepseek:r2:neutral_initial","two_math:CHAMP:P_Combinatorics_30:minimax:r2:misconception_initial",4,TRUE,603,"ok","correct"
"two_math:CHAMP:P_Combinatorics_5:minimax:r2:A0_Human","CHAMP:P_Combinatorics_5","math","Combinatorics","minimax","deepseek",2,"A0_Human","two_math:CHAMP:P_Combinatorics_5:minimax:r2:neutral_initial","two_math:CHAMP:P_Combinatorics_5:deepseek:r2:neutral_initial",4,TRUE,604,"ok","correct"
"two_math:CHAMP:P_Combinatorics_5:deepseek:r1:A0_Human","CHAMP:P_Combinatorics_5","math","Combinatorics","deepseek","minimax",1,"A0_Human","two_math:CHAMP:P_Combinatorics_5:deepseek:r1:neutral_initial","two_math:CHAMP:P_Combinatorics_5:minimax:r1:neutral_initial",4,TRUE,606,"ok","correct"
"two_math:CHAMP:P_Number-Theory_24:deepseek:r1:A1_Human","CHAMP:P_Number-Theory_24","math","Number-Theory","deepseek","minimax",1,"A1_Human","two_math:CHAMP:P_Number-Theory_24:deepseek:r1:neutral_initial","two_math:CHAMP:P_Number-Theory_24:minimax:r1:misconception_initial",4,TRUE,607,"ok","correct"
"two_math:CHAMP:P_Polynomial_23:deepseek:r2:A1_Human","CHAMP:P_Polynomial_23","math","Polynomial","deepseek","minimax",2,"A1_Human","two_math:CHAMP:P_Polynomial_23:deepseek:r2:neutral_initial","two_math:CHAMP:P_Polynomial_23:minimax:r2:misconception_initial",4,TRUE,610,"ok","correct"
"two_math:CHAMP:P_Combinatorics_30:minimax:r1:A1_AI","CHAMP:P_Combinatorics_30","math","Combinatorics","minimax","deepseek",1,"A1_AI","two_math:CHAMP:P_Combinatorics_30:minimax:r1:neutral_initial","two_math:CHAMP:P_Combinatorics_30:deepseek:r1:misconception_initial",4,TRUE,611,"ok","unscorable"
"two_math:CHAMP:P_Combinatorics_5:minimax:r1:A0_Human","CHAMP:P_Combinatorics_5","math","Combinatorics","minimax","deepseek",1,"A0_Human","two_math:CHAMP:P_Combinatorics_5:minimax:r1:neutral_initial","two_math:CHAMP:P_Combinatorics_5:deepseek:r1:neutral_initial",4,TRUE,614,"ok","correct"
"two_math:CHAMP:P_Sequence_28:deepseek:r2:A0_Human","CHAMP:P_Sequence_28","math","Sequence","deepseek","minimax",2,"A0_Human","two_math:CHAMP:P_Sequence_28:deepseek:r2:neutral_initial","two_math:CHAMP:P_Sequence_28:minimax:r2:neutral_initial",4,TRUE,616,"ok","correct"
"two_math:CHAMP:P_Combinatorics_5:minimax:r1:A1_Human","CHAMP:P_Combinatorics_5","math","Combinatorics","minimax","deepseek",1,"A1_Human","two_math:CHAMP:P_Combinatorics_5:minimax:r1:neutral_initial","two_math:CHAMP:P_Combinatorics_5:deepseek:r1:misconception_initial",4,TRUE,617,"ok","correct"
"two_math:CHAMP:P_Combinatorics_5:minimax:r1:A1_AI","CHAMP:P_Combinatorics_5","math","Combinatorics","minimax","deepseek",1,"A1_AI","two_math:CHAMP:P_Combinatorics_5:minimax:r1:neutral_initial","two_math:CHAMP:P_Combinatorics_5:deepseek:r1:misconception_initial",4,TRUE,618,"ok","correct"
"two_math:CHAMP:P_Polynomial_47:minimax:r1:A1_AI","CHAMP:P_Polynomial_47","math","Polynomial","minimax","deepseek",1,"A1_AI","two_math:CHAMP:P_Polynomial_47:minimax:r1:neutral_initial","two_math:CHAMP:P_Polynomial_47:deepseek:r1:misconception_initial",4,TRUE,619,"ok","correct"
"two_math:CHAMP:P_Sequence_20:minimax:r1:A1_AI","CHAMP:P_Sequence_20","math","Sequence","minimax","deepseek",1,"A1_AI","two_math:CHAMP:P_Sequence_20:minimax:r1:neutral_initial","two_math:CHAMP:P_Sequence_20:deepseek:r1:misconception_initial",4,TRUE,620,"ok","correct"
"two_math:CHAMP:P_Polynomial_47:minimax:r2:A1_AI","CHAMP:P_Polynomial_47","math","Polynomial","minimax","deepseek",2,"A1_AI","two_math:CHAMP:P_Polynomial_47:minimax:r2:neutral_initial","two_math:CHAMP:P_Polynomial_47:deepseek:r2:misconception_initial",4,TRUE,621,"incomplete","unscorable"
"two_math:CHAMP:P_Polynomial_23:minimax:r1:A1_Human","CHAMP:P_Polynomial_23","math","Polynomial","minimax","deepseek",1,"A1_Human","two_math:CHAMP:P_Polynomial_23:minimax:r1:neutral_initial","two_math:CHAMP:P_Polynomial_23:deepseek:r1:misconception_initial",4,TRUE,622,"transport_error","unscorable"
"two_math:CHAMP:P_Sequence_20:deepseek:r2:A1_Human","CHAMP:P_Sequence_20","math","Sequence","deepseek","minimax",2,"A1_Human","two_math:CHAMP:P_Sequence_20:deepseek:r2:neutral_initial","two_math:CHAMP:P_Sequence_20:minimax:r2:misconception_initial",4,TRUE,624,"ok","correct"
"two_math:CHAMP:P_Inequality_15:deepseek:r1:A1_Human","CHAMP:P_Inequality_15","math","Inequality","deepseek","minimax",1,"A1_Human","two_math:CHAMP:P_Inequality_15:deepseek:r1:neutral_initial","two_math:CHAMP:P_Inequality_15:minimax:r1:misconception_initial",4,TRUE,625,"ok","correct"
"two_math:CHAMP:P_Number-Theory_24:deepseek:r2:A0_Human","CHAMP:P_Number-Theory_24","math","Number-Theory","deepseek","minimax",2,"A0_Human","two_math:CHAMP:P_Number-Theory_24:deepseek:r2:neutral_initial","two_math:CHAMP:P_Number-Theory_24:minimax:r2:neutral_initial",4,TRUE,626,"ok","incorrect"
"two_math:CHAMP:P_Number-Theory_67:minimax:r1:A1_Human","CHAMP:P_Number-Theory_67","math","Number-Theory","minimax","deepseek",1,"A1_Human","two_math:CHAMP:P_Number-Theory_67:minimax:r1:neutral_initial","two_math:CHAMP:P_Number-Theory_67:deepseek:r1:misconception_initial",4,TRUE,627,"ok","correct"
"two_math:CHAMP:P_Polynomial_23:deepseek:r2:A0_Human","CHAMP:P_Polynomial_23","math","Polynomial","deepseek","minimax",2,"A0_Human","two_math:CHAMP:P_Polynomial_23:deepseek:r2:neutral_initial","two_math:CHAMP:P_Polynomial_23:minimax:r2:neutral_initial",4,TRUE,628,"ok","correct"
"two_math:CHAMP:P_Polynomial_40:deepseek:r2:A1_AI","CHAMP:P_Polynomial_40","math","Polynomial","deepseek","minimax",2,"A1_AI","two_math:CHAMP:P_Polynomial_40:deepseek:r2:neutral_initial","two_math:CHAMP:P_Polynomial_40:minimax:r2:misconception_initial",4,TRUE,630,"ok","correct"
"two_math:CHAMP:P_Combinatorics_18:deepseek:r2:A1_Human","CHAMP:P_Combinatorics_18","math","Combinatorics","deepseek","minimax",2,"A1_Human","two_math:CHAMP:P_Combinatorics_18:deepseek:r2:neutral_initial","two_math:CHAMP:P_Combinatorics_18:minimax:r2:misconception_initial",4,TRUE,631,"ok","correct"
"two_math:CHAMP:P_Polynomial_23:deepseek:r2:A1_AI","CHAMP:P_Polynomial_23","math","Polynomial","deepseek","minimax",2,"A1_AI","two_math:CHAMP:P_Polynomial_23:deepseek:r2:neutral_initial","two_math:CHAMP:P_Polynomial_23:minimax:r2:misconception_initial",4,TRUE,632,"ok","correct"
"two_math:CHAMP:P_Inequality_13:minimax:r2:A1_AI","CHAMP:P_Inequality_13","math","Inequality","minimax","deepseek",2,"A1_AI","two_math:CHAMP:P_Inequality_13:minimax:r2:neutral_initial","two_math:CHAMP:P_Inequality_13:deepseek:r2:misconception_initial",4,TRUE,633,"ok","correct"
"two_math:CHAMP:P_Inequality_15:minimax:r1:A1_Human","CHAMP:P_Inequality_15","math","Inequality","minimax","deepseek",1,"A1_Human","two_math:CHAMP:P_Inequality_15:minimax:r1:neutral_initial","two_math:CHAMP:P_Inequality_15:deepseek:r1:misconception_initial",4,TRUE,634,"ok","correct"
"two_math:CHAMP:P_Polynomial_23:deepseek:r1:A0_Human","CHAMP:P_Polynomial_23","math","Polynomial","deepseek","minimax",1,"A0_Human","two_math:CHAMP:P_Polynomial_23:deepseek:r1:neutral_initial","two_math:CHAMP:P_Polynomial_23:minimax:r1:neutral_initial",4,TRUE,635,"ok","correct"
"two_math:CHAMP:P_Polynomial_40:minimax:r2:A1_AI","CHAMP:P_Polynomial_40","math","Polynomial","minimax","deepseek",2,"A1_AI","two_math:CHAMP:P_Polynomial_40:minimax:r2:neutral_initial","two_math:CHAMP:P_Polynomial_40:deepseek:r2:misconception_initial",4,TRUE,636,"ok","correct"
"two_math:CHAMP:P_Combinatorics_30:minimax:r1:A1_Human","CHAMP:P_Combinatorics_30","math","Combinatorics","minimax","deepseek",1,"A1_Human","two_math:CHAMP:P_Combinatorics_30:minimax:r1:neutral_initial","two_math:CHAMP:P_Combinatorics_30:deepseek:r1:misconception_initial",4,TRUE,637,"ok","unscorable"
"two_math:CHAMP:P_Polynomial_23:minimax:r2:A1_Human","CHAMP:P_Polynomial_23","math","Polynomial","minimax","deepseek",2,"A1_Human","two_math:CHAMP:P_Polynomial_23:minimax:r2:neutral_initial","two_math:CHAMP:P_Polynomial_23:deepseek:r2:misconception_initial",4,TRUE,640,"ok","correct"
"two_math:CHAMP:P_Number-Theory_67:deepseek:r2:A0_Human","CHAMP:P_Number-Theory_67","math","Number-Theory","deepseek","minimax",2,"A0_Human","two_math:CHAMP:P_Number-Theory_67:deepseek:r2:neutral_initial","two_math:CHAMP:P_Number-Theory_67:minimax:r2:neutral_initial",4,TRUE,641,"ok","correct"
"two_math:CHAMP:P_Sequence_28:minimax:r2:A1_AI","CHAMP:P_Sequence_28","math","Sequence","minimax","deepseek",2,"A1_AI","two_math:CHAMP:P_Sequence_28:minimax:r2:neutral_initial","two_math:CHAMP:P_Sequence_28:deepseek:r2:misconception_initial",4,TRUE,642,"ok","correct"
"two_math:CHAMP:P_Polynomial_40:deepseek:r2:A1_Human","CHAMP:P_Polynomial_40","math","Polynomial","deepseek","minimax",2,"A1_Human","two_math:CHAMP:P_Polynomial_40:deepseek:r2:neutral_initial","two_math:CHAMP:P_Polynomial_40:minimax:r2:misconception_initial",4,TRUE,643,"ok","correct"
"two_math:CHAMP:P_Sequence_20:minimax:r1:A0_Human","CHAMP:P_Sequence_20","math","Sequence","minimax","deepseek",1,"A0_Human","two_math:CHAMP:P_Sequence_20:minimax:r1:neutral_initial","two_math:CHAMP:P_Sequence_20:deepseek:r1:neutral_initial",4,TRUE,645,"ok","correct"
"two_math:CHAMP:P_Inequality_15:deepseek:r1:A1_AI","CHAMP:P_Inequality_15","math","Inequality","deepseek","minimax",1,"A1_AI","two_math:CHAMP:P_Inequality_15:deepseek:r1:neutral_initial","two_math:CHAMP:P_Inequality_15:minimax:r1:misconception_initial",4,TRUE,646,"ok","correct"
"two_math:CHAMP:P_Polynomial_47:deepseek:r1:A1_Human","CHAMP:P_Polynomial_47","math","Polynomial","deepseek","minimax",1,"A1_Human","two_math:CHAMP:P_Polynomial_47:deepseek:r1:neutral_initial","two_math:CHAMP:P_Polynomial_47:minimax:r1:misconception_initial",4,TRUE,648,"ok","correct"
"two_math:CHAMP:P_Inequality_24:minimax:r2:A1_AI","CHAMP:P_Inequality_24","math","Inequality","minimax","deepseek",2,"A1_AI","two_math:CHAMP:P_Inequality_24:minimax:r2:neutral_initial","two_math:CHAMP:P_Inequality_24:deepseek:r2:misconception_initial",4,TRUE,649,"ok","correct"
"two_math:CHAMP:P_Combinatorics_18:minimax:r1:A1_Human","CHAMP:P_Combinatorics_18","math","Combinatorics","minimax","deepseek",1,"A1_Human","two_math:CHAMP:P_Combinatorics_18:minimax:r1:neutral_initial","two_math:CHAMP:P_Combinatorics_18:deepseek:r1:misconception_initial",4,TRUE,651,"ok","correct"
"two_math:CHAMP:P_Number-Theory_67:deepseek:r1:A0_Human","CHAMP:P_Number-Theory_67","math","Number-Theory","deepseek","minimax",1,"A0_Human","two_math:CHAMP:P_Number-Theory_67:deepseek:r1:neutral_initial","two_math:CHAMP:P_Number-Theory_67:minimax:r1:neutral_initial",4,TRUE,652,"ok","correct"
"two_math:CHAMP:P_Number-Theory_27:minimax:r2:A0_Human","CHAMP:P_Number-Theory_27","math","Number-Theory","minimax","deepseek",2,"A0_Human","two_math:CHAMP:P_Number-Theory_27:minimax:r2:neutral_initial","two_math:CHAMP:P_Number-Theory_27:deepseek:r2:neutral_initial",4,TRUE,653,"ok","correct"
"two_math:CHAMP:P_Number-Theory_24:minimax:r2:A1_Human","CHAMP:P_Number-Theory_24","math","Number-Theory","minimax","deepseek",2,"A1_Human","two_math:CHAMP:P_Number-Theory_24:minimax:r2:neutral_initial","two_math:CHAMP:P_Number-Theory_24:deepseek:r2:misconception_initial",4,TRUE,654,"ok","correct"
"two_math:CHAMP:P_Combinatorics_18:minimax:r1:A0_Human","CHAMP:P_Combinatorics_18","math","Combinatorics","minimax","deepseek",1,"A0_Human","two_math:CHAMP:P_Combinatorics_18:minimax:r1:neutral_initial","two_math:CHAMP:P_Combinatorics_18:deepseek:r1:neutral_initial",4,TRUE,655,"ok","correct"
"two_math:CHAMP:P_Number-Theory_24:minimax:r1:A1_AI","CHAMP:P_Number-Theory_24","math","Number-Theory","minimax","deepseek",1,"A1_AI","two_math:CHAMP:P_Number-Theory_24:minimax:r1:neutral_initial","two_math:CHAMP:P_Number-Theory_24:deepseek:r1:misconception_initial",4,TRUE,656,"ok","correct"
"two_math:CHAMP:P_Combinatorics_30:deepseek:r2:A1_Human","CHAMP:P_Combinatorics_30","math","Combinatorics","deepseek","minimax",2,"A1_Human","two_math:CHAMP:P_Combinatorics_30:deepseek:r2:neutral_initial","two_math:CHAMP:P_Combinatorics_30:minimax:r2:misconception_initial",4,TRUE,657,"ok","correct"
"two_math:CHAMP:P_Polynomial_47:minimax:r2:A0_Human","CHAMP:P_Polynomial_47","math","Polynomial","minimax","deepseek",2,"A0_Human","two_math:CHAMP:P_Polynomial_47:minimax:r2:neutral_initial","two_math:CHAMP:P_Polynomial_47:deepseek:r2:neutral_initial",4,TRUE,658,"incomplete","unscorable"
"two_math:CHAMP:P_Number-Theory_27:minimax:r1:A1_AI","CHAMP:P_Number-Theory_27","math","Number-Theory","minimax","deepseek",1,"A1_AI","two_math:CHAMP:P_Number-Theory_27:minimax:r1:neutral_initial","two_math:CHAMP:P_Number-Theory_27:deepseek:r1:misconception_initial",4,TRUE,659,"ok","correct"
"two_math:CHAMP:P_Number-Theory_27:deepseek:r1:A0_Human","CHAMP:P_Number-Theory_27","math","Number-Theory","deepseek","minimax",1,"A0_Human","two_math:CHAMP:P_Number-Theory_27:deepseek:r1:neutral_initial","two_math:CHAMP:P_Number-Theory_27:minimax:r1:neutral_initial",4,TRUE,661,"ok","correct"
"two_math:CHAMP:P_Number-Theory_67:minimax:r2:A1_AI","CHAMP:P_Number-Theory_67","math","Number-Theory","minimax","deepseek",2,"A1_AI","two_math:CHAMP:P_Number-Theory_67:minimax:r2:neutral_initial","two_math:CHAMP:P_Number-Theory_67:deepseek:r2:misconception_initial",4,TRUE,662,"transport_error","unscorable"
"two_math:CHAMP:P_Polynomial_23:minimax:r2:A1_AI","CHAMP:P_Polynomial_23","math","Polynomial","minimax","deepseek",2,"A1_AI","two_math:CHAMP:P_Polynomial_23:minimax:r2:neutral_initial","two_math:CHAMP:P_Polynomial_23:deepseek:r2:misconception_initial",4,TRUE,663,"ok","correct"
"two_math:CHAMP:P_Number-Theory_24:minimax:r2:A1_AI","CHAMP:P_Number-Theory_24","math","Number-Theory","minimax","deepseek",2,"A1_AI","two_math:CHAMP:P_Number-Theory_24:minimax:r2:neutral_initial","two_math:CHAMP:P_Number-Theory_24:deepseek:r2:misconception_initial",4,TRUE,664,"ok","correct"
"two_math:CHAMP:P_Polynomial_23:deepseek:r1:A1_Human","CHAMP:P_Polynomial_23","math","Polynomial","deepseek","minimax",1,"A1_Human","two_math:CHAMP:P_Polynomial_23:deepseek:r1:neutral_initial","two_math:CHAMP:P_Polynomial_23:minimax:r1:misconception_initial",4,TRUE,666,"ok","correct"
"two_math:CHAMP:P_Sequence_20:minimax:r1:A1_Human","CHAMP:P_Sequence_20","math","Sequence","minimax","deepseek",1,"A1_Human","two_math:CHAMP:P_Sequence_20:minimax:r1:neutral_initial","two_math:CHAMP:P_Sequence_20:deepseek:r1:misconception_initial",4,TRUE,667,"ok","correct"
"two_math:CHAMP:P_Combinatorics_5:deepseek:r2:A1_AI","CHAMP:P_Combinatorics_5","math","Combinatorics","deepseek","minimax",2,"A1_AI","two_math:CHAMP:P_Combinatorics_5:deepseek:r2:neutral_initial","two_math:CHAMP:P_Combinatorics_5:minimax:r2:misconception_initial",4,TRUE,668,"ok","correct"
"two_math:CHAMP:P_Number-Theory_24:deepseek:r1:A0_Human","CHAMP:P_Number-Theory_24","math","Number-Theory","deepseek","minimax",1,"A0_Human","two_math:CHAMP:P_Number-Theory_24:deepseek:r1:neutral_initial","two_math:CHAMP:P_Number-Theory_24:minimax:r1:neutral_initial",4,TRUE,670,"ok","correct"
"two_math:CHAMP:P_Sequence_42:minimax:r2:A0_Human","CHAMP:P_Sequence_42","math","Sequence","minimax","deepseek",2,"A0_Human","two_math:CHAMP:P_Sequence_42:minimax:r2:neutral_initial","two_math:CHAMP:P_Sequence_42:deepseek:r2:neutral_initial",4,TRUE,671,"ok","correct"
"two_math:CHAMP:P_Sequence_20:deepseek:r2:A0_Human","CHAMP:P_Sequence_20","math","Sequence","deepseek","minimax",2,"A0_Human","two_math:CHAMP:P_Sequence_20:deepseek:r2:neutral_initial","two_math:CHAMP:P_Sequence_20:minimax:r2:neutral_initial",4,TRUE,672,"ok","correct"
"two_math:CHAMP:P_Sequence_28:minimax:r2:A0_Human","CHAMP:P_Sequence_28","math","Sequence","minimax","deepseek",2,"A0_Human","two_math:CHAMP:P_Sequence_28:minimax:r2:neutral_initial","two_math:CHAMP:P_Sequence_28:deepseek:r2:neutral_initial",4,TRUE,673,"ok","correct"
"two_math:CHAMP:P_Sequence_20:deepseek:r2:A1_AI","CHAMP:P_Sequence_20","math","Sequence","deepseek","minimax",2,"A1_AI","two_math:CHAMP:P_Sequence_20:deepseek:r2:neutral_initial","two_math:CHAMP:P_Sequence_20:minimax:r2:misconception_initial",4,TRUE,674,"ok","correct"
"two_math:CHAMP:P_Polynomial_40:minimax:r2:A1_Human","CHAMP:P_Polynomial_40","math","Polynomial","minimax","deepseek",2,"A1_Human","two_math:CHAMP:P_Polynomial_40:minimax:r2:neutral_initial","two_math:CHAMP:P_Polynomial_40:deepseek:r2:misconception_initial",4,TRUE,675,"ok","correct"
"two_math:CHAMP:P_Combinatorics_5:minimax:r2:A1_AI","CHAMP:P_Combinatorics_5","math","Combinatorics","minimax","deepseek",2,"A1_AI","two_math:CHAMP:P_Combinatorics_5:minimax:r2:neutral_initial","two_math:CHAMP:P_Combinatorics_5:deepseek:r2:misconception_initial",4,TRUE,676,"ok","correct"
"two_math:CHAMP:P_Polynomial_40:minimax:r1:A0_Human","CHAMP:P_Polynomial_40","math","Polynomial","minimax","deepseek",1,"A0_Human","two_math:CHAMP:P_Polynomial_40:minimax:r1:neutral_initial","two_math:CHAMP:P_Polynomial_40:deepseek:r1:neutral_initial",4,TRUE,677,"ok","correct"
"two_math:CHAMP:P_Polynomial_23:minimax:r2:A0_Human","CHAMP:P_Polynomial_23","math","Polynomial","minimax","deepseek",2,"A0_Human","two_math:CHAMP:P_Polynomial_23:minimax:r2:neutral_initial","two_math:CHAMP:P_Polynomial_23:deepseek:r2:neutral_initial",4,TRUE,678,"ok","correct"
"two_math:CHAMP:P_Polynomial_47:deepseek:r2:A1_Human","CHAMP:P_Polynomial_47","math","Polynomial","deepseek","minimax",2,"A1_Human","two_math:CHAMP:P_Polynomial_47:deepseek:r2:neutral_initial","two_math:CHAMP:P_Polynomial_47:minimax:r2:misconception_initial",4,TRUE,679,"ok","correct"
"two_math:CHAMP:P_Sequence_42:minimax:r1:A1_AI","CHAMP:P_Sequence_42","math","Sequence","minimax","deepseek",1,"A1_AI","two_math:CHAMP:P_Sequence_42:minimax:r1:neutral_initial","two_math:CHAMP:P_Sequence_42:deepseek:r1:misconception_initial",4,TRUE,680,"ok","correct"
"two_math:CHAMP:P_Combinatorics_18:deepseek:r1:A1_AI","CHAMP:P_Combinatorics_18","math","Combinatorics","deepseek","minimax",1,"A1_AI","two_math:CHAMP:P_Combinatorics_18:deepseek:r1:neutral_initial","two_math:CHAMP:P_Combinatorics_18:minimax:r1:misconception_initial",4,TRUE,681,"ok","correct"
"two_math:CHAMP:P_Sequence_42:minimax:r1:A1_Human","CHAMP:P_Sequence_42","math","Sequence","minimax","deepseek",1,"A1_Human","two_math:CHAMP:P_Sequence_42:minimax:r1:neutral_initial","two_math:CHAMP:P_Sequence_42:deepseek:r1:misconception_initial",4,TRUE,683,"ok","correct"
"two_math:CHAMP:P_Number-Theory_24:minimax:r1:A0_Human","CHAMP:P_Number-Theory_24","math","Number-Theory","minimax","deepseek",1,"A0_Human","two_math:CHAMP:P_Number-Theory_24:minimax:r1:neutral_initial","two_math:CHAMP:P_Number-Theory_24:deepseek:r1:neutral_initial",4,TRUE,685,"ok","correct"
"two_math:CHAMP:P_Polynomial_47:deepseek:r1:A1_AI","CHAMP:P_Polynomial_47","math","Polynomial","deepseek","minimax",1,"A1_AI","two_math:CHAMP:P_Polynomial_47:deepseek:r1:neutral_initial","two_math:CHAMP:P_Polynomial_47:minimax:r1:misconception_initial",4,TRUE,687,"ok","correct"
"two_math:CHAMP:P_Number-Theory_67:minimax:r2:A0_Human","CHAMP:P_Number-Theory_67","math","Number-Theory","minimax","deepseek",2,"A0_Human","two_math:CHAMP:P_Number-Theory_67:minimax:r2:neutral_initial","two_math:CHAMP:P_Number-Theory_67:deepseek:r2:neutral_initial",4,TRUE,688,"ok","correct"
"two_math:CHAMP:P_Inequality_13:minimax:r1:A1_Human","CHAMP:P_Inequality_13","math","Inequality","minimax","deepseek",1,"A1_Human","two_math:CHAMP:P_Inequality_13:minimax:r1:neutral_initial","two_math:CHAMP:P_Inequality_13:deepseek:r1:misconception_initial",4,TRUE,689,"ok","correct"
"two_math:CHAMP:P_Sequence_28:deepseek:r2:A1_AI","CHAMP:P_Sequence_28","math","Sequence","deepseek","minimax",2,"A1_AI","two_math:CHAMP:P_Sequence_28:deepseek:r2:neutral_initial","two_math:CHAMP:P_Sequence_28:minimax:r2:misconception_initial",4,TRUE,691,"ok","correct"
"two_math:CHAMP:P_Polynomial_47:minimax:r1:A0_Human","CHAMP:P_Polynomial_47","math","Polynomial","minimax","deepseek",1,"A0_Human","two_math:CHAMP:P_Polynomial_47:minimax:r1:neutral_initial","two_math:CHAMP:P_Polynomial_47:deepseek:r1:neutral_initial",4,TRUE,693,"ok","correct"
"two_math:CHAMP:P_Number-Theory_24:deepseek:r1:A1_AI","CHAMP:P_Number-Theory_24","math","Number-Theory","deepseek","minimax",1,"A1_AI","two_math:CHAMP:P_Number-Theory_24:deepseek:r1:neutral_initial","two_math:CHAMP:P_Number-Theory_24:minimax:r1:misconception_initial",4,TRUE,694,"ok","correct"
"two_math:CHAMP:P_Inequality_13:minimax:r1:A1_AI","CHAMP:P_Inequality_13","math","Inequality","minimax","deepseek",1,"A1_AI","two_math:CHAMP:P_Inequality_13:minimax:r1:neutral_initial","two_math:CHAMP:P_Inequality_13:deepseek:r1:misconception_initial",4,TRUE,695,"ok","correct"
"two_math:CHAMP:P_Polynomial_40:minimax:r2:A0_Human","CHAMP:P_Polynomial_40","math","Polynomial","minimax","deepseek",2,"A0_Human","two_math:CHAMP:P_Polynomial_40:minimax:r2:neutral_initial","two_math:CHAMP:P_Polynomial_40:deepseek:r2:neutral_initial",4,TRUE,696,"ok","correct"
"two_math:CHAMP:P_Combinatorics_18:deepseek:r1:A0_Human","CHAMP:P_Combinatorics_18","math","Combinatorics","deepseek","minimax",1,"A0_Human","two_math:CHAMP:P_Combinatorics_18:deepseek:r1:neutral_initial","two_math:CHAMP:P_Combinatorics_18:minimax:r1:neutral_initial",4,TRUE,697,"ok","correct"
"two_math:CHAMP:P_Inequality_15:deepseek:r2:A1_AI","CHAMP:P_Inequality_15","math","Inequality","deepseek","minimax",2,"A1_AI","two_math:CHAMP:P_Inequality_15:deepseek:r2:neutral_initial","two_math:CHAMP:P_Inequality_15:minimax:r2:misconception_initial",4,TRUE,698,"ok","correct"
"two_math:CHAMP:P_Sequence_42:deepseek:r2:A0_Human","CHAMP:P_Sequence_42","math","Sequence","deepseek","minimax",2,"A0_Human","two_math:CHAMP:P_Sequence_42:deepseek:r2:neutral_initial","two_math:CHAMP:P_Sequence_42:minimax:r2:neutral_initial",4,TRUE,700,"ok","correct"
"two_math:CHAMP:P_Polynomial_47:deepseek:r1:A0_Human","CHAMP:P_Polynomial_47","math","Polynomial","deepseek","minimax",1,"A0_Human","two_math:CHAMP:P_Polynomial_47:deepseek:r1:neutral_initial","two_math:CHAMP:P_Polynomial_47:minimax:r1:neutral_initial",4,TRUE,701,"ok","correct"
"two_math:CHAMP:P_Combinatorics_18:deepseek:r2:A1_AI","CHAMP:P_Combinatorics_18","math","Combinatorics","deepseek","minimax",2,"A1_AI","two_math:CHAMP:P_Combinatorics_18:deepseek:r2:neutral_initial","two_math:CHAMP:P_Combinatorics_18:minimax:r2:misconception_initial",4,TRUE,702,"ok","correct"
"two_math:CHAMP:P_Sequence_20:minimax:r2:A0_Human","CHAMP:P_Sequence_20","math","Sequence","minimax","deepseek",2,"A0_Human","two_math:CHAMP:P_Sequence_20:minimax:r2:neutral_initial","two_math:CHAMP:P_Sequence_20:deepseek:r2:neutral_initial",4,TRUE,704,"ok","correct"
"two_math:CHAMP:P_Number-Theory_27:minimax:r2:A1_AI","CHAMP:P_Number-Theory_27","math","Number-Theory","minimax","deepseek",2,"A1_AI","two_math:CHAMP:P_Number-Theory_27:minimax:r2:neutral_initial","two_math:CHAMP:P_Number-Theory_27:deepseek:r2:misconception_initial",4,TRUE,705,"ok","correct"
"two_math:CHAMP:P_Combinatorics_30:minimax:r2:A0_Human","CHAMP:P_Combinatorics_30","math","Combinatorics","minimax","deepseek",2,"A0_Human","two_math:CHAMP:P_Combinatorics_30:minimax:r2:neutral_initial","two_math:CHAMP:P_Combinatorics_30:deepseek:r2:neutral_initial",4,TRUE,706,"ok","correct"
"two_math:CHAMP:P_Sequence_20:deepseek:r1:A1_AI","CHAMP:P_Sequence_20","math","Sequence","deepseek","minimax",1,"A1_AI","two_math:CHAMP:P_Sequence_20:deepseek:r1:neutral_initial","two_math:CHAMP:P_Sequence_20:minimax:r1:misconception_initial",4,TRUE,707,"ok","correct"
"two_math:CHAMP:P_Number-Theory_67:deepseek:r1:A1_AI","CHAMP:P_Number-Theory_67","math","Number-Theory","deepseek","minimax",1,"A1_AI","two_math:CHAMP:P_Number-Theory_67:deepseek:r1:neutral_initial","two_math:CHAMP:P_Number-Theory_67:minimax:r1:misconception_initial",4,TRUE,708,"ok","correct"
"two_math:CHAMP:P_Polynomial_23:minimax:r1:A1_AI","CHAMP:P_Polynomial_23","math","Polynomial","minimax","deepseek",1,"A1_AI","two_math:CHAMP:P_Polynomial_23:minimax:r1:neutral_initial","two_math:CHAMP:P_Polynomial_23:deepseek:r1:misconception_initial",4,TRUE,710,"ok","correct"
"two_math:CHAMP:P_Inequality_24:minimax:r2:A0_Human","CHAMP:P_Inequality_24","math","Inequality","minimax","deepseek",2,"A0_Human","two_math:CHAMP:P_Inequality_24:minimax:r2:neutral_initial","two_math:CHAMP:P_Inequality_24:deepseek:r2:neutral_initial",4,TRUE,711,"ok","correct"
"two_math:CHAMP:P_Sequence_20:deepseek:r1:A1_Human","CHAMP:P_Sequence_20","math","Sequence","deepseek","minimax",1,"A1_Human","two_math:CHAMP:P_Sequence_20:deepseek:r1:neutral_initial","two_math:CHAMP:P_Sequence_20:minimax:r1:misconception_initial",4,TRUE,713,"ok","correct"
"two_math:CHAMP:P_Inequality_24:minimax:r1:A1_Human","CHAMP:P_Inequality_24","math","Inequality","minimax","deepseek",1,"A1_Human","two_math:CHAMP:P_Inequality_24:minimax:r1:neutral_initial","two_math:CHAMP:P_Inequality_24:deepseek:r1:misconception_initial",4,TRUE,714,"ok","correct"
"two_math:CHAMP:P_Inequality_15:deepseek:r1:A0_Human","CHAMP:P_Inequality_15","math","Inequality","deepseek","minimax",1,"A0_Human","two_math:CHAMP:P_Inequality_15:deepseek:r1:neutral_initial","two_math:CHAMP:P_Inequality_15:minimax:r1:neutral_initial",4,TRUE,716,"ok","correct"
"two_math:CHAMP:P_Combinatorics_18:minimax:r1:A1_AI","CHAMP:P_Combinatorics_18","math","Combinatorics","minimax","deepseek",1,"A1_AI","two_math:CHAMP:P_Combinatorics_18:minimax:r1:neutral_initial","two_math:CHAMP:P_Combinatorics_18:deepseek:r1:misconception_initial",4,TRUE,717,"ok","correct"
"two_math:CHAMP:P_Polynomial_40:deepseek:r1:A0_Human","CHAMP:P_Polynomial_40","math","Polynomial","deepseek","minimax",1,"A0_Human","two_math:CHAMP:P_Polynomial_40:deepseek:r1:neutral_initial","two_math:CHAMP:P_Polynomial_40:minimax:r1:neutral_initial",4,TRUE,718,"ok","correct"
"two_math:CHAMP:P_Inequality_24:minimax:r2:A1_Human","CHAMP:P_Inequality_24","math","Inequality","minimax","deepseek",2,"A1_Human","two_math:CHAMP:P_Inequality_24:minimax:r2:neutral_initial","two_math:CHAMP:P_Inequality_24:deepseek:r2:misconception_initial",4,TRUE,719,"ok","correct"
"two_math:CHAMP:P_Combinatorics_30:deepseek:r1:A1_AI","CHAMP:P_Combinatorics_30","math","Combinatorics","deepseek","minimax",1,"A1_AI","two_math:CHAMP:P_Combinatorics_30:deepseek:r1:neutral_initial","two_math:CHAMP:P_Combinatorics_30:minimax:r1:misconception_initial",4,TRUE,720,"ok","correct"
"two_math:CHAMP:P_Combinatorics_30:deepseek:r1:A0_Human","CHAMP:P_Combinatorics_30","math","Combinatorics","deepseek","minimax",1,"A0_Human","two_math:CHAMP:P_Combinatorics_30:deepseek:r1:neutral_initial","two_math:CHAMP:P_Combinatorics_30:minimax:r1:neutral_initial",4,TRUE,721,"ok","correct"
"two_math:CHAMP:P_Combinatorics_5:deepseek:r2:A0_Human","CHAMP:P_Combinatorics_5","math","Combinatorics","deepseek","minimax",2,"A0_Human","two_math:CHAMP:P_Combinatorics_5:deepseek:r2:neutral_initial","two_math:CHAMP:P_Combinatorics_5:minimax:r2:neutral_initial",4,TRUE,722,"ok","correct"
"two_math:CHAMP:P_Sequence_28:minimax:r2:A1_Human","CHAMP:P_Sequence_28","math","Sequence","minimax","deepseek",2,"A1_Human","two_math:CHAMP:P_Sequence_28:minimax:r2:neutral_initial","two_math:CHAMP:P_Sequence_28:deepseek:r2:misconception_initial",4,TRUE,723,"ok","correct"
"two_math:CHAMP:P_Inequality_13:deepseek:r2:A0_Human","CHAMP:P_Inequality_13","math","Inequality","deepseek","minimax",2,"A0_Human","two_math:CHAMP:P_Inequality_13:deepseek:r2:neutral_initial","two_math:CHAMP:P_Inequality_13:minimax:r2:neutral_initial",4,TRUE,724,"ok","correct"
"two_math:CHAMP:P_Polynomial_47:minimax:r2:A1_Human","CHAMP:P_Polynomial_47","math","Polynomial","minimax","deepseek",2,"A1_Human","two_math:CHAMP:P_Polynomial_47:minimax:r2:neutral_initial","two_math:CHAMP:P_Polynomial_47:deepseek:r2:misconception_initial",4,TRUE,725,"ok","correct"
"two_math:CHAMP:P_Combinatorics_5:deepseek:r1:A1_Human","CHAMP:P_Combinatorics_5","math","Combinatorics","deepseek","minimax",1,"A1_Human","two_math:CHAMP:P_Combinatorics_5:deepseek:r1:neutral_initial","two_math:CHAMP:P_Combinatorics_5:minimax:r1:misconception_initial",4,TRUE,726,"ok","correct"
"two_math:CHAMP:P_Sequence_42:minimax:r1:A0_Human","CHAMP:P_Sequence_42","math","Sequence","minimax","deepseek",1,"A0_Human","two_math:CHAMP:P_Sequence_42:minimax:r1:neutral_initial","two_math:CHAMP:P_Sequence_42:deepseek:r1:neutral_initial",4,TRUE,727,"ok","correct"
"two_math:CHAMP:P_Inequality_13:minimax:r2:A1_Human","CHAMP:P_Inequality_13","math","Inequality","minimax","deepseek",2,"A1_Human","two_math:CHAMP:P_Inequality_13:minimax:r2:neutral_initial","two_math:CHAMP:P_Inequality_13:deepseek:r2:misconception_initial",4,TRUE,730,"ok","correct"
"two_math:CHAMP:P_Sequence_20:minimax:r2:A1_Human","CHAMP:P_Sequence_20","math","Sequence","minimax","deepseek",2,"A1_Human","two_math:CHAMP:P_Sequence_20:minimax:r2:neutral_initial","two_math:CHAMP:P_Sequence_20:deepseek:r2:misconception_initial",4,TRUE,731,"ok","correct"
"two_math:CHAMP:P_Sequence_20:minimax:r2:A1_AI","CHAMP:P_Sequence_20","math","Sequence","minimax","deepseek",2,"A1_AI","two_math:CHAMP:P_Sequence_20:minimax:r2:neutral_initial","two_math:CHAMP:P_Sequence_20:deepseek:r2:misconception_initial",4,TRUE,732,"ok","correct"
"two_math:CHAMP:P_Combinatorics_20:deepseek:r1:A0_AI","CHAMP:P_Combinatorics_20","math","Combinatorics","deepseek","minimax",1,"A0_AI","two_math:CHAMP:P_Combinatorics_20:deepseek:r1:neutral_initial","two_math:CHAMP:P_Combinatorics_20:minimax:r1:neutral_initial",2,FALSE,364,"dependency_skipped",NA
"two_math:CHAMP:P_Inequality_15:minimax:r2:A1_Human","CHAMP:P_Inequality_15","math","Inequality","minimax","deepseek",2,"A1_Human","two_math:CHAMP:P_Inequality_15:minimax:r2:neutral_initial","two_math:CHAMP:P_Inequality_15:deepseek:r2:misconception_initial",4,TRUE,728,"dependency_skipped",NA
"two_math:CHAMP:P_Sequence_42:deepseek:r1:A1_Human","CHAMP:P_Sequence_42","math","Sequence","deepseek","minimax",1,"A1_Human","two_math:CHAMP:P_Sequence_42:deepseek:r1:neutral_initial","two_math:CHAMP:P_Sequence_42:minimax:r1:misconception_initial",4,TRUE,608,"dependency_skipped",NA
"two_math:CHAMP:P_Sequence_42:deepseek:r2:A1_AI","CHAMP:P_Sequence_42","math","Sequence","deepseek","minimax",2,"A1_AI","two_math:CHAMP:P_Sequence_42:deepseek:r2:neutral_initial","two_math:CHAMP:P_Sequence_42:minimax:r2:misconception_initial",4,TRUE,609,"dependency_skipped",NA
"two_math:CHAMP:P_Number-Theory_42:deepseek:r1:self_check","CHAMP:P_Number-Theory_42","math","Number-Theory","deepseek","",1,"self_check","two_math:CHAMP:P_Number-Theory_42:deepseek:r1:neutral_initial","",2,FALSE,247,"dependency_skipped",NA
"two_math:CHAMP:P_Inequality_15:minimax:r2:A0_AI","CHAMP:P_Inequality_15","math","Inequality","minimax","deepseek",2,"A0_AI","two_math:CHAMP:P_Inequality_15:minimax:r2:neutral_initial","two_math:CHAMP:P_Inequality_15:deepseek:r2:neutral_initial",2,TRUE,409,"dependency_skipped",NA
"two_math:CHAMP:P_Inequality_13:deepseek:r2:A1_Human","CHAMP:P_Inequality_13","math","Inequality","deepseek","minimax",2,"A1_Human","two_math:CHAMP:P_Inequality_13:deepseek:r2:neutral_initial","two_math:CHAMP:P_Inequality_13:minimax:r2:misconception_initial",4,TRUE,612,"dependency_skipped",NA
"two_math:CHAMP:P_Combinatorics_20:deepseek:r2:A0_AI","CHAMP:P_Combinatorics_20","math","Combinatorics","deepseek","minimax",2,"A0_AI","two_math:CHAMP:P_Combinatorics_20:deepseek:r2:neutral_initial","two_math:CHAMP:P_Combinatorics_20:minimax:r2:neutral_initial",2,FALSE,371,"dependency_skipped",NA
"two_math:CHAMP:P_Inequality_26:deepseek:r2:A0_AI","CHAMP:P_Inequality_26","math","Inequality","deepseek","minimax",2,"A0_AI","two_math:CHAMP:P_Inequality_26:deepseek:r2:neutral_initial","two_math:CHAMP:P_Inequality_26:minimax:r2:neutral_initial",2,FALSE,372,"dependency_skipped",NA
"two_math:CHAMP:P_Inequality_15:deepseek:r2:A0_AI","CHAMP:P_Inequality_15","math","Inequality","deepseek","minimax",2,"A0_AI","two_math:CHAMP:P_Inequality_15:deepseek:r2:neutral_initial","two_math:CHAMP:P_Inequality_15:minimax:r2:neutral_initial",2,TRUE,373,"dependency_skipped",NA
"two_math:CHAMP:P_Sequence_28:deepseek:r1:A0_Human","CHAMP:P_Sequence_28","math","Sequence","deepseek","minimax",1,"A0_Human","two_math:CHAMP:P_Sequence_28:deepseek:r1:neutral_initial","two_math:CHAMP:P_Sequence_28:minimax:r1:neutral_initial",4,TRUE,615,"dependency_skipped",NA
"two_math:CHAMP:P_Combinatorics_18:deepseek:r2:A0_AI","CHAMP:P_Combinatorics_18","math","Combinatorics","deepseek","minimax",2,"A0_AI","two_math:CHAMP:P_Combinatorics_18:deepseek:r2:neutral_initial","two_math:CHAMP:P_Combinatorics_18:minimax:r2:neutral_initial",2,TRUE,415,"dependency_skipped",NA
"two_math:CHAMP:P_Combinatorics_18:minimax:r2:self_check","CHAMP:P_Combinatorics_18","math","Combinatorics","minimax","",2,"self_check","two_math:CHAMP:P_Combinatorics_18:minimax:r2:neutral_initial","",2,TRUE,416,"dependency_skipped",NA
"two_math:CHAMP:P_Sequence_21:minimax:r1:A0_AI","CHAMP:P_Sequence_21","math","Sequence","minimax","deepseek",1,"A0_AI","two_math:CHAMP:P_Sequence_21:minimax:r1:neutral_initial","two_math:CHAMP:P_Sequence_21:deepseek:r1:neutral_initial",2,FALSE,336,"dependency_skipped",NA
"two_math:CHAMP:P_Polynomial_40:deepseek:r1:A1_Human","CHAMP:P_Polynomial_40","math","Polynomial","deepseek","minimax",1,"A1_Human","two_math:CHAMP:P_Polynomial_40:deepseek:r1:neutral_initial","two_math:CHAMP:P_Polynomial_40:minimax:r1:misconception_initial",4,TRUE,660,"dependency_skipped",NA
"two_math:CHAMP:P_Number-Theory_42:minimax:r1:A0_AI","CHAMP:P_Number-Theory_42","math","Number-Theory","minimax","deepseek",1,"A0_AI","two_math:CHAMP:P_Number-Theory_42:minimax:r1:neutral_initial","two_math:CHAMP:P_Number-Theory_42:deepseek:r1:neutral_initial",2,FALSE,258,"dependency_skipped",NA
"two_math:CHAMP:P_Combinatorics_20:deepseek:r2:self_check","CHAMP:P_Combinatorics_20","math","Combinatorics","deepseek","",2,"self_check","two_math:CHAMP:P_Combinatorics_20:deepseek:r2:neutral_initial","",2,FALSE,259,"dependency_skipped",NA
"two_math:CHAMP:P_Number-Theory_67:deepseek:r2:A1_Human","CHAMP:P_Number-Theory_67","math","Number-Theory","deepseek","minimax",2,"A1_Human","two_math:CHAMP:P_Number-Theory_67:deepseek:r2:neutral_initial","two_math:CHAMP:P_Number-Theory_67:minimax:r2:misconception_initial",4,TRUE,623,"dependency_skipped",NA
"two_math:CHAMP:P_Inequality_15:minimax:r2:A0_Human","CHAMP:P_Inequality_15","math","Inequality","minimax","deepseek",2,"A0_Human","two_math:CHAMP:P_Inequality_15:minimax:r2:neutral_initial","two_math:CHAMP:P_Inequality_15:deepseek:r2:neutral_initial",4,TRUE,583,"dependency_skipped",NA
"two_math:CHAMP:P_Sequence_28:deepseek:r1:A1_AI","CHAMP:P_Sequence_28","math","Sequence","deepseek","minimax",1,"A1_AI","two_math:CHAMP:P_Sequence_28:deepseek:r1:neutral_initial","two_math:CHAMP:P_Sequence_28:minimax:r1:misconception_initial",4,TRUE,665,"dependency_skipped",NA
"two_math:CHAMP:P_Number-Theory_12:deepseek:r1:A0_AI","CHAMP:P_Number-Theory_12","math","Number-Theory","deepseek","minimax",1,"A0_AI","two_math:CHAMP:P_Number-Theory_12:deepseek:r1:neutral_initial","two_math:CHAMP:P_Number-Theory_12:minimax:r1:neutral_initial",2,FALSE,263,"dependency_skipped",NA
"two_math:CHAMP:P_Sequence_40:deepseek:r1:self_check","CHAMP:P_Sequence_40","math","Sequence","deepseek","",1,"self_check","two_math:CHAMP:P_Sequence_40:deepseek:r1:neutral_initial","",2,FALSE,277,"dependency_skipped",NA
"two_math:CHAMP:P_Inequality_26:minimax:r2:self_check","CHAMP:P_Inequality_26","math","Inequality","minimax","",2,"self_check","two_math:CHAMP:P_Inequality_26:minimax:r2:neutral_initial","",2,FALSE,265,"dependency_skipped",NA
"two_math:CHAMP:P_Inequality_13:deepseek:r2:A1_AI","CHAMP:P_Inequality_13","math","Inequality","deepseek","minimax",2,"A1_AI","two_math:CHAMP:P_Inequality_13:deepseek:r2:neutral_initial","two_math:CHAMP:P_Inequality_13:minimax:r2:misconception_initial",4,TRUE,629,"dependency_skipped",NA
"two_math:CHAMP:P_Inequality_8:deepseek:r1:self_check","CHAMP:P_Inequality_8","math","Inequality","deepseek","",1,"self_check","two_math:CHAMP:P_Inequality_8:deepseek:r1:neutral_initial","",2,FALSE,267,"dependency_skipped",NA
"two_math:CHAMP:P_Combinatorics_20:minimax:r1:self_check","CHAMP:P_Combinatorics_20","math","Combinatorics","minimax","",1,"self_check","two_math:CHAMP:P_Combinatorics_20:minimax:r1:neutral_initial","",2,FALSE,187,"dependency_skipped",NA
"two_math:CHAMP:P_Number-Theory_12:minimax:r1:A0_AI","CHAMP:P_Number-Theory_12","math","Number-Theory","minimax","deepseek",1,"A0_AI","two_math:CHAMP:P_Number-Theory_12:minimax:r1:neutral_initial","two_math:CHAMP:P_Number-Theory_12:deepseek:r1:neutral_initial",2,FALSE,309,"dependency_skipped",NA
"two_math:CHAMP:P_Number-Theory_27:deepseek:r1:A1_AI","CHAMP:P_Number-Theory_27","math","Number-Theory","deepseek","minimax",1,"A1_AI","two_math:CHAMP:P_Number-Theory_27:deepseek:r1:neutral_initial","two_math:CHAMP:P_Number-Theory_27:minimax:r1:misconception_initial",4,TRUE,592,"dependency_skipped",NA
"two_math:CHAMP:P_Sequence_28:minimax:r1:self_check","CHAMP:P_Sequence_28","math","Sequence","minimax","",1,"self_check","two_math:CHAMP:P_Sequence_28:minimax:r1:neutral_initial","",2,TRUE,392,"dependency_skipped",NA
"two_math:CHAMP:P_Polynomial_17:deepseek:r2:A0_AI","CHAMP:P_Polynomial_17","math","Polynomial","deepseek","minimax",2,"A0_AI","two_math:CHAMP:P_Polynomial_17:deepseek:r2:neutral_initial","two_math:CHAMP:P_Polynomial_17:minimax:r2:neutral_initial",2,FALSE,393,"dependency_skipped",NA
"two_math:CHAMP:P_Inequality_13:deepseek:r1:A1_Human","CHAMP:P_Inequality_13","math","Inequality","deepseek","minimax",1,"A1_Human","two_math:CHAMP:P_Inequality_13:deepseek:r1:neutral_initial","two_math:CHAMP:P_Inequality_13:minimax:r1:misconception_initial",4,TRUE,595,"dependency_skipped",NA
"two_math:CHAMP:P_Sequence_42:minimax:r2:A1_Human","CHAMP:P_Sequence_42","math","Sequence","minimax","deepseek",2,"A1_Human","two_math:CHAMP:P_Sequence_42:minimax:r2:neutral_initial","two_math:CHAMP:P_Sequence_42:deepseek:r2:misconception_initial",4,TRUE,556,"dependency_skipped",NA
"two_math:CHAMP:P_Polynomial_40:minimax:r1:A1_AI","CHAMP:P_Polynomial_40","math","Polynomial","minimax","deepseek",1,"A1_AI","two_math:CHAMP:P_Polynomial_40:minimax:r1:neutral_initial","two_math:CHAMP:P_Polynomial_40:deepseek:r1:misconception_initial",4,TRUE,638,"dependency_skipped",NA
"two_math:CHAMP:P_Number-Theory_27:deepseek:r2:A1_AI","CHAMP:P_Number-Theory_27","math","Number-Theory","deepseek","minimax",2,"A1_AI","two_math:CHAMP:P_Number-Theory_27:deepseek:r2:neutral_initial","two_math:CHAMP:P_Number-Theory_27:minimax:r2:misconception_initial",4,TRUE,639,"dependency_skipped",NA
"two_math:CHAMP:P_Sequence_21:deepseek:r1:A0_AI","CHAMP:P_Sequence_21","math","Sequence","deepseek","minimax",1,"A0_AI","two_math:CHAMP:P_Sequence_21:deepseek:r1:neutral_initial","two_math:CHAMP:P_Sequence_21:minimax:r1:neutral_initial",2,FALSE,169,"dependency_skipped",NA
"two_math:CHAMP:P_Sequence_19:deepseek:r1:self_check","CHAMP:P_Sequence_19","math","Sequence","deepseek","",1,"self_check","two_math:CHAMP:P_Sequence_19:deepseek:r1:neutral_initial","",2,FALSE,439,"dependency_skipped",NA
"two_math:CHAMP:P_Inequality_24:deepseek:r2:A1_AI","CHAMP:P_Inequality_24","math","Inequality","deepseek","minimax",2,"A1_AI","two_math:CHAMP:P_Inequality_24:deepseek:r2:neutral_initial","two_math:CHAMP:P_Inequality_24:minimax:r2:misconception_initial",4,TRUE,682,"dependency_skipped",NA
"two_math:CHAMP:P_Sequence_40:minimax:r1:A0_AI","CHAMP:P_Sequence_40","math","Sequence","minimax","deepseek",1,"A0_AI","two_math:CHAMP:P_Sequence_40:minimax:r1:neutral_initial","two_math:CHAMP:P_Sequence_40:deepseek:r1:neutral_initial",2,FALSE,320,"dependency_skipped",NA
"two_math:CHAMP:P_Inequality_24:deepseek:r2:A1_Human","CHAMP:P_Inequality_24","math","Inequality","deepseek","minimax",2,"A1_Human","two_math:CHAMP:P_Inequality_24:deepseek:r2:neutral_initial","two_math:CHAMP:P_Inequality_24:minimax:r2:misconception_initial",4,TRUE,644,"dependency_skipped",NA
"two_math:CHAMP:P_Combinatorics_40:deepseek:r2:A0_AI","CHAMP:P_Combinatorics_40","math","Combinatorics","deepseek","minimax",2,"A0_AI","two_math:CHAMP:P_Combinatorics_40:deepseek:r2:neutral_initial","two_math:CHAMP:P_Combinatorics_40:minimax:r2:neutral_initial",2,FALSE,282,"dependency_skipped",NA
"two_math:CHAMP:P_Number-Theory_12:minimax:r1:self_check","CHAMP:P_Number-Theory_12","math","Number-Theory","minimax","",1,"self_check","two_math:CHAMP:P_Number-Theory_12:minimax:r1:neutral_initial","",2,FALSE,323,"dependency_skipped",NA
"two_math:CHAMP:P_Sequence_42:deepseek:r2:A1_Human","CHAMP:P_Sequence_42","math","Sequence","deepseek","minimax",2,"A1_Human","two_math:CHAMP:P_Sequence_42:deepseek:r2:neutral_initial","two_math:CHAMP:P_Sequence_42:minimax:r2:misconception_initial",4,TRUE,647,"dependency_skipped",NA
"two_math:CHAMP:P_Number-Theory_27:deepseek:r2:A1_Human","CHAMP:P_Number-Theory_27","math","Number-Theory","deepseek","minimax",2,"A1_Human","two_math:CHAMP:P_Number-Theory_27:deepseek:r2:neutral_initial","two_math:CHAMP:P_Number-Theory_27:minimax:r2:misconception_initial",4,TRUE,567,"dependency_skipped",NA
"two_math:CHAMP:P_Number-Theory_42:deepseek:r1:A0_AI","CHAMP:P_Number-Theory_42","math","Number-Theory","deepseek","minimax",1,"A0_AI","two_math:CHAMP:P_Number-Theory_42:deepseek:r1:neutral_initial","two_math:CHAMP:P_Number-Theory_42:minimax:r1:neutral_initial",2,FALSE,286,"dependency_skipped",NA
"two_math:CHAMP:P_Sequence_42:deepseek:r1:A1_AI","CHAMP:P_Sequence_42","math","Sequence","deepseek","minimax",1,"A1_AI","two_math:CHAMP:P_Sequence_42:deepseek:r1:neutral_initial","two_math:CHAMP:P_Sequence_42:minimax:r1:misconception_initial",4,TRUE,650,"dependency_skipped",NA
"two_math:CHAMP:P_Sequence_28:deepseek:r1:A0_AI","CHAMP:P_Sequence_28","math","Sequence","deepseek","minimax",1,"A0_AI","two_math:CHAMP:P_Sequence_28:deepseek:r1:neutral_initial","two_math:CHAMP:P_Sequence_28:minimax:r1:neutral_initial",2,TRUE,368,"dependency_skipped",NA
"two_math:CHAMP:P_Sequence_28:minimax:r1:A0_AI","CHAMP:P_Sequence_28","math","Sequence","minimax","deepseek",1,"A0_AI","two_math:CHAMP:P_Sequence_28:minimax:r1:neutral_initial","two_math:CHAMP:P_Sequence_28:deepseek:r1:neutral_initial",2,TRUE,289,"dependency_skipped",NA
"two_math:CHAMP:P_Combinatorics_18:minimax:r2:A1_AI","CHAMP:P_Combinatorics_18","math","Combinatorics","minimax","deepseek",2,"A1_AI","two_math:CHAMP:P_Combinatorics_18:minimax:r2:neutral_initial","two_math:CHAMP:P_Combinatorics_18:deepseek:r2:misconception_initial",4,TRUE,692,"dependency_skipped",NA
"two_math:CHAMP:P_Combinatorics_18:minimax:r2:A1_Human","CHAMP:P_Combinatorics_18","math","Combinatorics","minimax","deepseek",2,"A1_Human","two_math:CHAMP:P_Combinatorics_18:minimax:r2:neutral_initial","two_math:CHAMP:P_Combinatorics_18:deepseek:r2:misconception_initial",4,TRUE,613,"dependency_skipped",NA
"two_math:CHAMP:P_Inequality_8:minimax:r1:A0_AI","CHAMP:P_Inequality_8","math","Inequality","minimax","deepseek",1,"A0_AI","two_math:CHAMP:P_Inequality_8:minimax:r1:neutral_initial","two_math:CHAMP:P_Inequality_8:deepseek:r1:neutral_initial",2,FALSE,224,"dependency_skipped",NA
"two_math:CHAMP:P_Number-Theory_67:deepseek:r2:A1_AI","CHAMP:P_Number-Theory_67","math","Number-Theory","deepseek","minimax",2,"A1_AI","two_math:CHAMP:P_Number-Theory_67:deepseek:r2:neutral_initial","two_math:CHAMP:P_Number-Theory_67:minimax:r2:misconception_initial",4,TRUE,669,"dependency_skipped",NA
"two_math:CHAMP:P_Sequence_19:minimax:r1:A0_AI","CHAMP:P_Sequence_19","math","Sequence","minimax","deepseek",1,"A0_AI","two_math:CHAMP:P_Sequence_19:minimax:r1:neutral_initial","two_math:CHAMP:P_Sequence_19:deepseek:r1:neutral_initial",2,FALSE,213,"dependency_skipped",NA
"two_math:CHAMP:P_Sequence_28:minimax:r1:A0_Human","CHAMP:P_Sequence_28","math","Sequence","minimax","deepseek",1,"A0_Human","two_math:CHAMP:P_Sequence_28:minimax:r1:neutral_initial","two_math:CHAMP:P_Sequence_28:deepseek:r1:neutral_initial",4,TRUE,577,"dependency_skipped",NA
"two_math:CHAMP:P_Polynomial_40:minimax:r1:A1_Human","CHAMP:P_Polynomial_40","math","Polynomial","minimax","deepseek",1,"A1_Human","two_math:CHAMP:P_Polynomial_40:minimax:r1:neutral_initial","two_math:CHAMP:P_Polynomial_40:deepseek:r1:misconception_initial",4,TRUE,591,"dependency_skipped",NA
"two_math:CHAMP:P_Sequence_21:minimax:r1:self_check","CHAMP:P_Sequence_21","math","Sequence","minimax","",1,"self_check","two_math:CHAMP:P_Sequence_21:minimax:r1:neutral_initial","",2,FALSE,216,"dependency_skipped",NA
"two_math:CHAMP:P_Inequality_13:deepseek:r1:A1_AI","CHAMP:P_Inequality_13","math","Inequality","deepseek","minimax",1,"A1_AI","two_math:CHAMP:P_Inequality_13:deepseek:r1:neutral_initial","two_math:CHAMP:P_Inequality_13:minimax:r1:misconception_initial",4,TRUE,578,"dependency_skipped",NA
"two_math:CHAMP:P_Polynomial_17:deepseek:r2:self_check","CHAMP:P_Polynomial_17","math","Polynomial","deepseek","",2,"self_check","two_math:CHAMP:P_Polynomial_17:deepseek:r2:neutral_initial","",2,FALSE,339,"dependency_skipped",NA
"two_math:CHAMP:P_Sequence_28:minimax:r1:A1_AI","CHAMP:P_Sequence_28","math","Sequence","minimax","deepseek",1,"A1_AI","two_math:CHAMP:P_Sequence_28:minimax:r1:neutral_initial","two_math:CHAMP:P_Sequence_28:deepseek:r1:misconception_initial",4,TRUE,703,"dependency_skipped",NA
"two_math:CHAMP:P_Inequality_8:deepseek:r1:A0_AI","CHAMP:P_Inequality_8","math","Inequality","deepseek","minimax",1,"A0_AI","two_math:CHAMP:P_Inequality_8:deepseek:r1:neutral_initial","two_math:CHAMP:P_Inequality_8:minimax:r1:neutral_initial",2,FALSE,354,"dependency_skipped",NA
"two_math:CHAMP:P_Sequence_40:minimax:r1:self_check","CHAMP:P_Sequence_40","math","Sequence","minimax","",1,"self_check","two_math:CHAMP:P_Sequence_40:minimax:r1:neutral_initial","",2,FALSE,238,"dependency_skipped",NA
"two_math:CHAMP:P_Combinatorics_18:deepseek:r2:A0_Human","CHAMP:P_Combinatorics_18","math","Combinatorics","deepseek","minimax",2,"A0_Human","two_math:CHAMP:P_Combinatorics_18:deepseek:r2:neutral_initial","two_math:CHAMP:P_Combinatorics_18:minimax:r2:neutral_initial",4,TRUE,709,"dependency_skipped",NA
"two_math:CHAMP:P_Inequality_26:minimax:r2:A0_AI","CHAMP:P_Inequality_26","math","Inequality","minimax","deepseek",2,"A0_AI","two_math:CHAMP:P_Inequality_26:minimax:r2:neutral_initial","two_math:CHAMP:P_Inequality_26:deepseek:r2:neutral_initial",2,FALSE,438,"dependency_skipped",NA
"two_math:CHAMP:P_Polynomial_17:minimax:r2:A0_AI","CHAMP:P_Polynomial_17","math","Polynomial","minimax","deepseek",2,"A0_AI","two_math:CHAMP:P_Polynomial_17:minimax:r2:neutral_initial","two_math:CHAMP:P_Polynomial_17:deepseek:r2:neutral_initial",2,FALSE,237,"dependency_skipped",NA
"two_math:CHAMP:P_Number-Theory_24:deepseek:r2:A1_Human","CHAMP:P_Number-Theory_24","math","Number-Theory","deepseek","minimax",2,"A1_Human","two_math:CHAMP:P_Number-Theory_24:deepseek:r2:neutral_initial","two_math:CHAMP:P_Number-Theory_24:minimax:r2:misconception_initial",4,TRUE,712,"dependency_skipped",NA
"two_math:CHAMP:P_Sequence_19:deepseek:r1:A0_AI","CHAMP:P_Sequence_19","math","Sequence","deepseek","minimax",1,"A0_AI","two_math:CHAMP:P_Sequence_19:deepseek:r1:neutral_initial","two_math:CHAMP:P_Sequence_19:minimax:r1:neutral_initial",2,FALSE,311,"dependency_skipped",NA
"two_math:CHAMP:P_Combinatorics_40:minimax:r2:self_check","CHAMP:P_Combinatorics_40","math","Combinatorics","minimax","",2,"self_check","two_math:CHAMP:P_Combinatorics_40:minimax:r2:neutral_initial","",2,FALSE,348,"dependency_skipped",NA
"two_math:CHAMP:P_Combinatorics_40:minimax:r2:A0_AI","CHAMP:P_Combinatorics_40","math","Combinatorics","minimax","deepseek",2,"A0_AI","two_math:CHAMP:P_Combinatorics_40:minimax:r2:neutral_initial","two_math:CHAMP:P_Combinatorics_40:deepseek:r2:neutral_initial",2,FALSE,201,"dependency_skipped",NA
"two_math:CHAMP:P_Inequality_24:deepseek:r1:A1_AI","CHAMP:P_Inequality_24","math","Inequality","deepseek","minimax",1,"A1_AI","two_math:CHAMP:P_Inequality_24:deepseek:r1:neutral_initial","two_math:CHAMP:P_Inequality_24:minimax:r1:misconception_initial",4,TRUE,690,"dependency_skipped",NA
"two_math:CHAMP:P_Sequence_42:minimax:r2:A1_AI","CHAMP:P_Sequence_42","math","Sequence","minimax","deepseek",2,"A1_AI","two_math:CHAMP:P_Sequence_42:minimax:r2:neutral_initial","two_math:CHAMP:P_Sequence_42:deepseek:r2:misconception_initial",4,TRUE,605,"dependency_skipped",NA
"two_math:CHAMP:P_Number-Theory_24:deepseek:r2:A1_AI","CHAMP:P_Number-Theory_24","math","Number-Theory","deepseek","minimax",2,"A1_AI","two_math:CHAMP:P_Number-Theory_24:deepseek:r2:neutral_initial","two_math:CHAMP:P_Number-Theory_24:minimax:r2:misconception_initial",4,TRUE,715,"dependency_skipped",NA
"two_math:CHAMP:P_Inequality_15:deepseek:r2:A0_Human","CHAMP:P_Inequality_15","math","Inequality","deepseek","minimax",2,"A0_Human","two_math:CHAMP:P_Inequality_15:deepseek:r2:neutral_initial","two_math:CHAMP:P_Inequality_15:minimax:r2:neutral_initial",4,TRUE,568,"dependency_skipped",NA
"two_math:CHAMP:P_Combinatorics_20:minimax:r2:self_check","CHAMP:P_Combinatorics_20","math","Combinatorics","minimax","",2,"self_check","two_math:CHAMP:P_Combinatorics_20:minimax:r2:neutral_initial","",2,FALSE,455,"dependency_skipped",NA
"two_math:CHAMP:P_Combinatorics_18:minimax:r2:A0_Human","CHAMP:P_Combinatorics_18","math","Combinatorics","minimax","deepseek",2,"A0_Human","two_math:CHAMP:P_Combinatorics_18:minimax:r2:neutral_initial","two_math:CHAMP:P_Combinatorics_18:deepseek:r2:neutral_initial",4,TRUE,729,"dependency_skipped",NA
"two_math:CHAMP:P_Polynomial_40:deepseek:r1:A1_AI","CHAMP:P_Polynomial_40","math","Polynomial","deepseek","minimax",1,"A1_AI","two_math:CHAMP:P_Polynomial_40:deepseek:r1:neutral_initial","two_math:CHAMP:P_Polynomial_40:minimax:r1:misconception_initial",4,TRUE,588,"dependency_skipped",NA
"two_math:CHAMP:P_Combinatorics_20:minimax:r1:A0_AI","CHAMP:P_Combinatorics_20","math","Combinatorics","minimax","deepseek",1,"A0_AI","two_math:CHAMP:P_Combinatorics_20:minimax:r1:neutral_initial","two_math:CHAMP:P_Combinatorics_20:deepseek:r1:neutral_initial",2,FALSE,451,"dependency_skipped",NA
"two_math:CHAMP:P_Sequence_28:minimax:r1:A1_Human","CHAMP:P_Sequence_28","math","Sequence","minimax","deepseek",1,"A1_Human","two_math:CHAMP:P_Sequence_28:minimax:r1:neutral_initial","two_math:CHAMP:P_Sequence_28:deepseek:r1:misconception_initial",4,TRUE,699,"dependency_skipped",NA
"two_math:CHAMP:P_Combinatorics_18:minimax:r2:A0_AI","CHAMP:P_Combinatorics_18","math","Combinatorics","minimax","deepseek",2,"A0_AI","two_math:CHAMP:P_Combinatorics_18:minimax:r2:neutral_initial","two_math:CHAMP:P_Combinatorics_18:deepseek:r2:neutral_initial",2,TRUE,388,"dependency_skipped",NA
"two_math:CHAMP:P_Inequality_24:deepseek:r1:A1_Human","CHAMP:P_Inequality_24","math","Inequality","deepseek","minimax",1,"A1_Human","two_math:CHAMP:P_Inequality_24:deepseek:r1:neutral_initial","two_math:CHAMP:P_Inequality_24:minimax:r1:misconception_initial",4,TRUE,686,"dependency_skipped",NA
"two_math:CHAMP:P_Number-Theory_27:deepseek:r1:A1_Human","CHAMP:P_Number-Theory_27","math","Number-Theory","deepseek","minimax",1,"A1_Human","two_math:CHAMP:P_Number-Theory_27:deepseek:r1:neutral_initial","two_math:CHAMP:P_Number-Theory_27:minimax:r1:misconception_initial",4,TRUE,684,"dependency_skipped",NA
"two_math:CHAMP:P_Sequence_28:deepseek:r1:A1_Human","CHAMP:P_Sequence_28","math","Sequence","deepseek","minimax",1,"A1_Human","two_math:CHAMP:P_Sequence_28:deepseek:r1:neutral_initial","two_math:CHAMP:P_Sequence_28:minimax:r1:misconception_initial",4,TRUE,587,"dependency_skipped",NA
"two_math:CHAMP:P_Inequality_15:minimax:r2:self_check","CHAMP:P_Inequality_15","math","Inequality","minimax","",2,"self_check","two_math:CHAMP:P_Inequality_15:minimax:r2:neutral_initial","",2,TRUE,362,"dependency_skipped",NA
"two_math:CHAMP:P_Sequence_40:deepseek:r1:A0_AI","CHAMP:P_Sequence_40","math","Sequence","deepseek","minimax",1,"A0_AI","two_math:CHAMP:P_Sequence_40:deepseek:r1:neutral_initial","two_math:CHAMP:P_Sequence_40:minimax:r1:neutral_initial",2,FALSE,457,"dependency_skipped",NA
"two_math:CHAMP:P_Inequality_15:minimax:r2:A1_AI","CHAMP:P_Inequality_15","math","Inequality","minimax","deepseek",2,"A1_AI","two_math:CHAMP:P_Inequality_15:minimax:r2:neutral_initial","two_math:CHAMP:P_Inequality_15:deepseek:r2:misconception_initial",4,TRUE,564,"dependency_skipped",NA
"two_math:CHAMP:P_Combinatorics_20:minimax:r2:A0_AI","CHAMP:P_Combinatorics_20","math","Combinatorics","minimax","deepseek",2,"A0_AI","two_math:CHAMP:P_Combinatorics_20:minimax:r2:neutral_initial","two_math:CHAMP:P_Combinatorics_20:deepseek:r2:neutral_initial",2,FALSE,240,"dependency_skipped",NA
