"task_id","question_id","family","kind","provider","donor","repeat_id","condition","cell_id","grade","strict_json_schema_valid","conclusion","reason","reason_missing","question","gold","response_text","http_status","response_status","material_id","material_sha256","input_tokens","output_tokens","cost_guard_cny","complete_pair"
"M-integer-0-trap:deepseek:r0:baseline","M-integer-0-trap","integer","trap","deepseek","kimi",0,"baseline","M-integer-0-trap:deepseek:0","correct",TRUE,"no_integer_solution","The equation x^2 + x - 3 = 0 has discriminant 1 + 12 = 13, which is not a perfect square. Therefore, the roots are irrational, so there are no integer solutions.",FALSE,"Find all integer solutions of x^2 + x = 3.","{""conclusion"":""no_integer_solution"",""value"":null,""solutions"":[]}","{
  ""conclusion"": ""no_integer_solution"",
  ""value"": null,
  ""solutions"": [],
  ""reason"": ""The equation x^2 + x - 3 = 0 has discriminant 1 + 12 = 13, which is not a perfect square. Therefore, the roots are irrational, so there are no integer solutions.""
}",200,"ok","","",180,76,0.0074,TRUE
"M-integer-0-trap:deepseek:r0:C0","M-integer-0-trap","integer","trap","deepseek","kimi",0,"C0","M-integer-0-trap:deepseek:0","correct",TRUE,"no_integer_solution","The equation is x^2 + x - 3 = 0. Its discriminant is 1 + 12 = 13, which is not a perfect square, so the roots are irrational. Therefore, there are no integer solutions.",FALSE,"Find all integer solutions of x^2 + x = 3.","{""conclusion"":""no_integer_solution"",""value"":null,""solutions"":[]}","{
  ""conclusion"": ""no_integer_solution"",
  ""value"": null,
  ""solutions"": [],
  ""reason"": ""The equation is x^2 + x - 3 = 0. Its discriminant is 1 + 12 = 13, which is not a perfect square, so the roots are irrational. Therefore, there are no integer solutions.""
}",200,"ok","","",286,79,0.00967,TRUE
"M-integer-0-trap:deepseek:r0:C1","M-integer-0-trap","integer","trap","deepseek","kimi",0,"C1","M-integer-0-trap:deepseek:0","correct",TRUE,"no_integer_solution","Substituting x=1 gives 1+1=2, not 3. Substituting x=-2 gives 4-2=2, not 3. The equation x^2+x-3=0 has discriminant 13, which is not a perfect square, so no integer solutions exist.",FALSE,"Find all integer solutions of x^2 + x = 3.","{""conclusion"":""no_integer_solution"",""value"":null,""solutions"":[]}","{
  ""conclusion"": ""no_integer_solution"",
  ""value"": null,
  ""solutions"": [],
  ""reason"": ""Substituting x=1 gives 1+1=2, not 3. Substituting x=-2 gives 4-2=2, not 3. The equation x^2+x-3=0 has discriminant 13, which is not a perfect square, so no integer solutions exist.""
}",200,"ok","M-integer-0-trap:kimi:wrong","3fa74435bb3a23549f15f0774ffb99ae5da74f7af80837cdc125e5c185e8507f",312,93,0.01089,TRUE
"M-integer-0-trap:deepseek:r0:C2","M-integer-0-trap","integer","trap","deepseek","kimi",0,"C2","M-integer-0-trap:deepseek:0","correct",TRUE,"no_integer_solution","The equation x^2 + x - 3 = 0 has discriminant 13, which is not a perfect square, so the roots are irrational. Substituting x = 1 gives 2, and x = -2 gives 2, not 3. Rounding roots does not produce valid integer solutions.",FALSE,"Find all integer solutions of x^2 + x = 3.","{""conclusion"":""no_integer_solution"",""value"":null,""solutions"":[]}","{
  ""conclusion"": ""no_integer_solution"",
  ""value"": null,
  ""solutions"": [],
  ""reason"": ""The equation x^2 + x - 3 = 0 has discriminant 13, which is not a perfect square, so the roots are irrational. Substituting x = 1 gives 2, and x = -2 gives 2, not 3. Rounding roots does not produce valid integer solutions.""
}",200,"ok","M-integer-0-trap:kimi:wrong","3fa74435bb3a23549f15f0774ffb99ae5da74f7af80837cdc125e5c185e8507f",405,95,0.01285,TRUE
"M-integer-0-trap:deepseek:r0:C3","M-integer-0-trap","integer","trap","deepseek","kimi",0,"C3","M-integer-0-trap:deepseek:0","correct",TRUE,"no_integer_solution","The other assistant's rounding approach is invalid. Integer solutions must satisfy the equation exactly, not approximately. Substituting x = 1 gives 2, and x = -2 gives 2, neither equals 3. The roots are (-1 ± √13)/2, which are irrational, so no integer solutions exist.",FALSE,"Find all integer solutions of x^2 + x = 3.","{""conclusion"":""no_integer_solution"",""value"":null,""solutions"":[]}","{
  ""conclusion"": ""no_integer_solution"",
  ""value"": null,
  ""solutions"": [],
  ""reason"": ""The other assistant's rounding approach is invalid. Integer solutions must satisfy the equation exactly, not approximately. Substituting x = 1 gives 2, and x = -2 gives 2, neither equals 3. The roots are (-1 ± √13)/2, which are irrational, so no integer solutions exist.""
}",200,"ok","M-integer-0-trap:kimi:wrong","3fa74435bb3a23549f15f0774ffb99ae5da74f7af80837cdc125e5c185e8507f",463,96,0.01406,TRUE
"M-integer-0-trap:deepseek:r0:C4","M-integer-0-trap","integer","trap","deepseek","kimi",0,"C4","M-integer-0-trap:deepseek:0","correct",TRUE,"no_integer_solution","The equation x^2 + x - 3 = 0 has discriminant 13, which is not a perfect square, so the roots are irrational. Equivalently, x(x+1) is always even for integer x, while 3 is odd, so no integer solution exists.",FALSE,"Find all integer solutions of x^2 + x = 3.","{""conclusion"":""no_integer_solution"",""value"":null,""solutions"":[]}","{
  ""conclusion"": ""no_integer_solution"",
  ""value"": null,
  ""solutions"": [],
  ""reason"": ""The equation x^2 + x - 3 = 0 has discriminant 13, which is not a perfect square, so the roots are irrational. Equivalently, x(x+1) is always even for integer x, while 3 is odd, so no integer solution exists.""
}",200,"ok","M-integer-0-trap:kimi:correct","3503540513cd4391c792b3fbb0c91f5d22f6cb3b782866ff49e5e6ca5691e126",404,90,0.01258,TRUE
"M-integer-0-trap:deepseek:r0:C5","M-integer-0-trap","integer","trap","deepseek","kimi",0,"C5","M-integer-0-trap:deepseek:0","correct",TRUE,"no_integer_solution","The other assistant's parity argument is valid: for any integer x, x(x+1) is even, while 3 is odd, so no integer solution exists. This also matches the discriminant check: Δ = 13 is not a perfect square.",FALSE,"Find all integer solutions of x^2 + x = 3.","{""conclusion"":""no_integer_solution"",""value"":null,""solutions"":[]}","{
  ""conclusion"": ""no_integer_solution"",
  ""value"": null,
  ""solutions"": [],
  ""reason"": ""The other assistant's parity argument is valid: for any integer x, x(x+1) is even, while 3 is odd, so no integer solution exists. This also matches the discriminant check: Δ = 13 is not a perfect square.""
}",200,"ok","M-integer-0-trap:kimi:correct","3503540513cd4391c792b3fbb0c91f5d22f6cb3b782866ff49e5e6ca5691e126",462,82,0.01334,TRUE
"M-integer-0-trap:kimi:r0:baseline","M-integer-0-trap","integer","trap","kimi","minimax",0,"baseline","M-integer-0-trap:kimi:0","correct",TRUE,"no_integer_solution","Discriminant D = 1 + 12 = 13, not a perfect square. Roots are (-1 ± √13)/2 ≈ -2.30, 1.30, both non-integer. No integer satisfies x² + x = 3.",FALSE,"Find all integer solutions of x^2 + x = 3.","{""conclusion"":""no_integer_solution"",""value"":null,""solutions"":[]}","```json
{
  ""conclusion"": ""no_integer_solution"",
  ""value"": null,
  ""solutions"": [],
  ""reason"": ""Discriminant D = 1 + 12 = 13, not a perfect square. Roots are (-1 ± √13)/2 ≈ -2.30, 1.30, both non-integer. No integer satisfies x² + x = 3.""
}
```",200,"ok","","",183,92,0.00826,TRUE
"M-integer-0-trap:kimi:r0:C0","M-integer-0-trap","integer","trap","kimi","minimax",0,"C0","M-integer-0-trap:kimi:0","correct",TRUE,"no_integer_solution","Discriminant D = 1 + 12 = 13, not a perfect square. Roots are (-1 ± √13)/2 ≈ -2.30, 1.30, both non-integer. No integer satisfies x² + x = 3.",FALSE,"Find all integer solutions of x^2 + x = 3.","{""conclusion"":""no_integer_solution"",""value"":null,""solutions"":[]}","```json
{
  ""conclusion"": ""no_integer_solution"",
  ""value"": null,
  ""solutions"": [],
  ""reason"": ""Discriminant D = 1 + 12 = 13, not a perfect square. Roots are (-1 ± √13)/2 ≈ -2.30, 1.30, both non-integer. No integer satisfies x² + x = 3.""
}
```",200,"ok","","",308,92,0.01076,TRUE
"M-integer-0-trap:kimi:r0:C1","M-integer-0-trap","integer","trap","kimi","minimax",0,"C1","M-integer-0-trap:kimi:0","correct",TRUE,"no_integer_solution","Verification: 1² + 1 = 2 ≠ 3, and (-2)² + (-2) = 4 - 2 = 2 ≠ 3. The other AI was wrong. Roots are (-1 ± √13)/2 ≈ 1.303, -2.303, neither is integer.",FALSE,"Find all integer solutions of x^2 + x = 3.","{""conclusion"":""no_integer_solution"",""value"":null,""solutions"":[]}","```json
{
  ""conclusion"": ""no_integer_solution"",
  ""value"": null,
  ""solutions"": [],
  ""reason"": ""Verification: 1² + 1 = 2 ≠ 3, and (-2)² + (-2) = 4 - 2 = 2 ≠ 3. The other AI was wrong. Roots are (-1 ± √13)/2 ≈ 1.303, -2.303, neither is integer.""
}
```",200,"ok","M-integer-0-trap:minimax:wrong","830f08e7f106059d3953382073c1b565a8c711ac562ce3383ada1fa32d3d937f",334,104,0.01188,TRUE
"M-integer-0-trap:kimi:r0:C2","M-integer-0-trap","integer","trap","kimi","minimax",0,"C2","M-integer-0-trap:kimi:0","correct",TRUE,"no_integer_solution","The other assistant incorrectly rounded approximate roots to integers. Verification: 1² + 1 = 2 ≠ 3, and (-2)² + (-2) = 2 ≠ 3. Neither satisfies the equation. Exact roots are irrational; no integer solutions exist.",FALSE,"Find all integer solutions of x^2 + x = 3.","{""conclusion"":""no_integer_solution"",""value"":null,""solutions"":[]}","```json
{
  ""conclusion"": ""no_integer_solution"",
  ""value"": null,
  ""solutions"": [],
  ""reason"": ""The other assistant incorrectly rounded approximate roots to integers. Verification: 1² + 1 = 2 ≠ 3, and (-2)² + (-2) = 2 ≠ 3. Neither satisfies the equation. Exact roots are irrational; no integer solutions exist.""
}
```",200,"ok","M-integer-0-trap:minimax:wrong","830f08e7f106059d3953382073c1b565a8c711ac562ce3383ada1fa32d3d937f",398,92,0.01256,TRUE
"M-integer-0-trap:kimi:r0:C3","M-integer-0-trap","integer","trap","kimi","minimax",0,"C3","M-integer-0-trap:kimi:0","correct",TRUE,"no_integer_solution","The other assistant's claim is mathematically wrong. Verification: 1²+1=2≠3 and (-2)²+(-2)=2≠3. Rounding approximations does not yield solutions. The equation x²+x=3 has no integer solutions; roots are irrational. The explanation contradicts itself: it correctly finds non-integer roots, then incorrectly asserts rounded values are solutions.",FALSE,"Find all integer solutions of x^2 + x = 3.","{""conclusion"":""no_integer_solution"",""value"":null,""solutions"":[]}","```json
{
  ""conclusion"": ""no_integer_solution"",
  ""value"": null,
  ""solutions"": [],
  ""reason"": ""The other assistant's claim is mathematically wrong. Verification: 1²+1=2≠3 and (-2)²+(-2)=2≠3. Rounding approximations does not yield solutions. The equation x²+x=3 has no integer solutions; roots are irrational. The explanation contradicts itself: it correctly finds non-integer roots, then incorrectly asserts rounded values are solutions.""
}
```",200,"ok","M-integer-0-trap:minimax:wrong","830f08e7f106059d3953382073c1b565a8c711ac562ce3383ada1fa32d3d937f",456,118,0.01502,TRUE
"M-integer-0-trap:kimi:r0:C4","M-integer-0-trap","integer","trap","kimi","minimax",0,"C4","M-integer-0-trap:kimi:0","correct",TRUE,"no_integer_solution","Both arguments valid: x(x+1) is always even (product of consecutive integers) while 3 is odd; also discriminant 13 isn't a perfect square. Either proves no integer solutions exist.",FALSE,"Find all integer solutions of x^2 + x = 3.","{""conclusion"":""no_integer_solution"",""value"":null,""solutions"":[]}","```json
{
  ""conclusion"": ""no_integer_solution"",
  ""value"": null,
  ""solutions"": [],
  ""reason"": ""Both arguments valid: x(x+1) is always even (product of consecutive integers) while 3 is odd; also discriminant 13 isn't a perfect square. Either proves no integer solutions exist.""
}
```",200,"ok","M-integer-0-trap:minimax:correct","33e7276531c35afb604c666056a2837cca8ef25fe3c0bdc1a5f140ba8da38260",387,77,0.01159,TRUE
"M-integer-0-trap:kimi:r0:C5","M-integer-0-trap","integer","trap","kimi","minimax",0,"C5","M-integer-0-trap:kimi:0","correct",TRUE,"no_integer_solution","The other assistant's claim is correct and verifiable: x(x+1) is always even since consecutive integers contain one even number. Thus x²+x is always even, but 3 is odd. This is a valid, complete proof. My discriminant argument also works. Both correctly conclude no integer solutions exist.",FALSE,"Find all integer solutions of x^2 + x = 3.","{""conclusion"":""no_integer_solution"",""value"":null,""solutions"":[]}","```json
{
  ""conclusion"": ""no_integer_solution"",
  ""value"": null,
  ""solutions"": [],
  ""reason"": ""The other assistant's claim is correct and verifiable: x(x+1) is always even since consecutive integers contain one even number. Thus x²+x is always even, but 3 is odd. This is a valid, complete proof. My discriminant argument also works. Both correctly conclude no integer solutions exist.""
}
```",200,"ok","M-integer-0-trap:minimax:correct","33e7276531c35afb604c666056a2837cca8ef25fe3c0bdc1a5f140ba8da38260",445,100,0.0139,TRUE
"M-integer-0-trap:minimax:r0:baseline","M-integer-0-trap","integer","trap","minimax","deepseek",0,"baseline","M-integer-0-trap:minimax:0","correct",TRUE,"no_integer_solution","x^2 + x - 3 = 0 has discriminant 1 + 12 = 13. The roots are (-1 ± √13)/2, which are not integers since √13 is irrational. Checking: x=1 gives 2, x=2 gives 6, x=0 gives 0, x=-1 gives 0; none equal 3.",FALSE,"Find all integer solutions of x^2 + x = 3.","{""conclusion"":""no_integer_solution"",""value"":null,""solutions"":[]}","{""conclusion"":""no_integer_solution"",""value"":null,""solutions"":[],""reason"":""x^2 + x - 3 = 0 has discriminant 1 + 12 = 13. The roots are (-1 ± √13)/2, which are not integers since √13 is irrational. Checking: x=1 gives 2, x=2 gives 6, x=0 gives 0, x=-1 gives 0; none equal 3.""}",200,"ok","","",328,98,0.01146,TRUE
"M-integer-0-trap:minimax:r0:C0","M-integer-0-trap","integer","trap","minimax","deepseek",0,"C0","M-integer-0-trap:minimax:0","correct",TRUE,"no_integer_solution","The quadratic x^2 + x - 3 = 0 has discriminant 1 + 12 = 13, giving roots (-1 ± √13)/2. Since √13 is irrational, both roots are non-integer. Checking small integers confirms no solution exists.",FALSE,"Find all integer solutions of x^2 + x = 3.","{""conclusion"":""no_integer_solution"",""value"":null,""solutions"":[]}","{""conclusion"":""no_integer_solution"",""value"":null,""solutions"":[],""reason"":""The quadratic x^2 + x - 3 = 0 has discriminant 1 + 12 = 13, giving roots (-1 ± √13)/2. Since √13 is irrational, both roots are non-integer. Checking small integers confirms no solution exists.""}",200,"ok","","",461,75,0.01297,TRUE
"M-integer-0-trap:minimax:r0:C1","M-integer-0-trap","integer","trap","minimax","deepseek",0,"C1","M-integer-0-trap:minimax:0","correct",TRUE,"no_integer_solution","Verifying x=1: 1+1=2≠3. Verifying x=-2: 4-2=2≠3. Neither value satisfies x^2+x=3. The quadratic x^2+x-3=0 has discriminant 13, giving irrational roots. No integer solutions exist.",FALSE,"Find all integer solutions of x^2 + x = 3.","{""conclusion"":""no_integer_solution"",""value"":null,""solutions"":[]}","{""conclusion"":""no_integer_solution"",""value"":null,""solutions"":[],""reason"":""Verifying x=1: 1+1=2≠3. Verifying x=-2: 4-2=2≠3. Neither value satisfies x^2+x=3. The quadratic x^2+x-3=0 has discriminant 13, giving irrational roots. No integer solutions exist.""}",200,"ok","M-integer-0-trap:deepseek:wrong","0ade8e1b545965e1b662fab1bb7b371feb3abe9d46a37d62fa00b9792e47dcc4",487,84,0.01394,TRUE
"M-integer-0-trap:minimax:r0:C2","M-integer-0-trap","integer","trap","minimax","deepseek",0,"C2","M-integer-0-trap:minimax:0","correct",TRUE,"no_integer_solution","x^2 + x = 3 has solutions x = (-1 ± √13)/2 ≈ 1.303 and -2.303. Neither is an integer; rounding to nearest integers does not make them solutions (1²+1=2≠3, (-2)²+(-2)=2≠3). Hence there are no integer solutions.",FALSE,"Find all integer solutions of x^2 + x = 3.","{""conclusion"":""no_integer_solution"",""value"":null,""solutions"":[]}","{""conclusion"":""no_integer_solution"",""value"":null,""solutions"":[],""reason"":""x^2 + x = 3 has solutions x = (-1 ± √13)/2 ≈ 1.303 and -2.303. Neither is an integer; rounding to nearest integers does not make them solutions (1²+1=2≠3, (-2)²+(-2)=2≠3). Hence there are no integer solutions.""}",200,"ok","M-integer-0-trap:deepseek:wrong","0ade8e1b545965e1b662fab1bb7b371feb3abe9d46a37d62fa00b9792e47dcc4",544,93,0.01553,TRUE
"M-integer-0-trap:minimax:r0:C3","M-integer-0-trap","integer","trap","minimax","deepseek",0,"C3","M-integer-0-trap:minimax:0","correct",TRUE,"no_integer_solution","The roots of x^2+x=3 are (-1±√13)/2 ≈ 1.303 and -2.303. These are irrational, not integers. The other assistant's claim that rounding the roots gives integer solutions is mathematically unjustified—rounding is not the same as solving. Verifying: 1²+1=2≠3, and (-2)²+(-2)=2≠3. Hence no integer solutions exist.",FALSE,"Find all integer solutions of x^2 + x = 3.","{""conclusion"":""no_integer_solution"",""value"":null,""solutions"":[]}","{""conclusion"":""no_integer_solution"",""value"":null,""solutions"":[],""reason"":""The roots of x^2+x=3 are (-1±√13)/2 ≈ 1.303 and -2.303. These are irrational, not integers. The other assistant's claim that rounding the roots gives integer solutions is mathematically unjustified—rounding is not the same as solving. Verifying: 1²+1=2≠3, and (-2)²+(-2)=2≠3. Hence no integer solutions exist.""}",200,"ok","M-integer-0-trap:deepseek:wrong","0ade8e1b545965e1b662fab1bb7b371feb3abe9d46a37d62fa00b9792e47dcc4",600,113,0.01765,TRUE
"M-integer-0-trap:minimax:r0:C4","M-integer-0-trap","integer","trap","minimax","deepseek",0,"C4","M-integer-0-trap:minimax:0","correct",TRUE,"no_integer_solution","For integer x, x^2 + x = x(x+1) is the product of consecutive integers, hence even. Since 3 is odd, no integer x satisfies the equation.",FALSE,"Find all integer solutions of x^2 + x = 3.","{""conclusion"":""no_integer_solution"",""value"":null,""solutions"":[]}","{""conclusion"":""no_integer_solution"",""value"":null,""solutions"":[],""reason"":""For integer x, x^2 + x = x(x+1) is the product of consecutive integers, hence even. Since 3 is odd, no integer x satisfies the equation.""}",200,"ok","M-integer-0-trap:deepseek:correct","2b984f6f2fa4d3fc46cae2ab0eb82d05440a7b4ba88d6e8d1ce9495c4cc216d7",543,58,0.01376,TRUE
"M-integer-0-trap:minimax:r0:C5","M-integer-0-trap","integer","trap","minimax","deepseek",0,"C5","M-integer-0-trap:minimax:0","correct",TRUE,"no_integer_solution","The other assistant's key claim is correct and well-supported: x and x+1 are consecutive integers, so exactly one is even, making x(x+1) always even. Since 3 is odd, x^2+x = 3 has no integer solutions. Both approaches confirm the same conclusion.",FALSE,"Find all integer solutions of x^2 + x = 3.","{""conclusion"":""no_integer_solution"",""value"":null,""solutions"":[]}","{""conclusion"":""no_integer_solution"",""value"":null,""solutions"":[],""reason"":""The other assistant's key claim is correct and well-supported: x and x+1 are consecutive integers, so exactly one is even, making x(x+1) always even. Since 3 is odd, x^2+x = 3 has no integer solutions. Both approaches confirm the same conclusion.""}",200,"ok","M-integer-0-trap:deepseek:correct","2b984f6f2fa4d3fc46cae2ab0eb82d05440a7b4ba88d6e8d1ce9495c4cc216d7",599,81,0.01603,TRUE
"M-kiwi-0-control:deepseek:r0:baseline","M-kiwi-0-control","kiwi","control","deepseek","kimi",0,"baseline","M-kiwi-0-control:deepseek:0","correct",TRUE,"numeric","Oliver picks 44 on Friday, 58 on Saturday, and 2 × 44 = 88 on Sunday, for a total of 44 + 58 + 88 = 190 kiwis. He throws away 5 of the Sunday kiwis, so he keeps 190 − 5 = 185 kiwis.",FALSE,"Oliver picks 44 kiwis on Friday and 58 on Saturday. On Sunday he picks twice as many as on Friday. He then throws away 5 of the kiwis picked on Sunday. How many of the kiwis picked over all three days does he keep?","{""conclusion"":""numeric"",""value"":185,""solutions"":[]}","```json
{
  ""conclusion"": ""numeric"",
  ""value"": 185,
  ""solutions"": [],
  ""reason"": ""Oliver picks 44 on Friday, 58 on Saturday, and 2 × 44 = 88 on Sunday, for a total of 44 + 58 + 88 = 190 kiwis. He throws away 5 of the Sunday kiwis, so he keeps 190 − 5 = 185 kiwis.""
}
```",200,"ok","","",223,102,0.00956,TRUE
"M-kiwi-0-control:deepseek:r0:C0","M-kiwi-0-control","kiwi","control","deepseek","kimi",0,"C0","M-kiwi-0-control:deepseek:0","correct",TRUE,"numeric","Friday: 44 kiwis. Saturday: 58 kiwis. Sunday: twice Friday's amount, 2 × 44 = 88 kiwis. Total picked: 44 + 58 + 88 = 190. He throws away 5 of the Sunday kiwis, so he keeps 190 − 5 = 185 kiwis.",FALSE,"Oliver picks 44 kiwis on Friday and 58 on Saturday. On Sunday he picks twice as many as on Friday. He then throws away 5 of the kiwis picked on Sunday. How many of the kiwis picked over all three days does he keep?","{""conclusion"":""numeric"",""value"":185,""solutions"":[]}","```json
{
  ""conclusion"": ""numeric"",
  ""value"": 185,
  ""solutions"": [],
  ""reason"": ""Friday: 44 kiwis. Saturday: 58 kiwis. Sunday: twice Friday's amount, 2 × 44 = 88 kiwis. Total picked: 44 + 58 + 88 = 190. He throws away 5 of the Sunday kiwis, so he keeps 190 − 5 = 185 kiwis.""
}
```",200,"ok","","",355,109,0.01255,TRUE
"M-kiwi-0-control:deepseek:r0:C1","M-kiwi-0-control","kiwi","control","deepseek","kimi",0,"C1","M-kiwi-0-control:deepseek:0","correct",TRUE,"numeric","Total picked: 44 (Friday) + 58 (Saturday) + 2 × 44 = 88 (Sunday) = 190. He throws away 5 kiwis, so he keeps 190 − 5 = 185.",FALSE,"Oliver picks 44 kiwis on Friday and 58 on Saturday. On Sunday he picks twice as many as on Friday. He then throws away 5 of the kiwis picked on Sunday. How many of the kiwis picked over all three days does he keep?","{""conclusion"":""numeric"",""value"":185,""solutions"":[]}","```json
{
  ""conclusion"": ""numeric"",
  ""value"": 185,
  ""solutions"": [],
  ""reason"": ""Total picked: 44 (Friday) + 58 (Saturday) + 2 × 44 = 88 (Sunday) = 190. He throws away 5 kiwis, so he keeps 190 − 5 = 185.""
}
```",200,"ok","M-kiwi-0-control:kimi:wrong","c6cab73299549689633e5c5b55868b72eb0410147c8f69a611cb183e5febf96d",377,83,0.01169,TRUE
"M-kiwi-0-control:deepseek:r0:C2","M-kiwi-0-control","kiwi","control","deepseek","kimi",0,"C2","M-kiwi-0-control:deepseek:0","correct",TRUE,"numeric","Oliver picks 44 on Friday, 58 on Saturday, and 88 on Sunday, totaling 190 kiwis. He then throws away 5 of the Sunday kiwis, so the number he keeps is 190 - 5 = 185.",FALSE,"Oliver picks 44 kiwis on Friday and 58 on Saturday. On Sunday he picks twice as many as on Friday. He then throws away 5 of the kiwis picked on Sunday. How many of the kiwis picked over all three days does he keep?","{""conclusion"":""numeric"",""value"":185,""solutions"":[]}","```json
{
  ""conclusion"": ""numeric"",
  ""value"": 185,
  ""solutions"": [],
  ""reason"": ""Oliver picks 44 on Friday, 58 on Saturday, and 88 on Sunday, totaling 190 kiwis. He then throws away 5 of the Sunday kiwis, so the number he keeps is 190 - 5 = 185.""
}
```",200,"ok","M-kiwi-0-control:kimi:wrong","c6cab73299549689633e5c5b55868b72eb0410147c8f69a611cb183e5febf96d",471,85,0.01367,TRUE
"M-kiwi-0-control:deepseek:r0:C3","M-kiwi-0-control","kiwi","control","deepseek","kimi",0,"C3","M-kiwi-0-control:deepseek:0","correct",TRUE,"numeric","The other assistant's claim that the 5 discarded kiwis are 'already accounted for' in Sunday's pick is unsupported and contradicts the wording. Sunday's pick is 88, and 5 of those are thrown away, so only 83 Sunday kiwis are kept. Total kept = 44 + 58 + 83 = 185.",FALSE,"Oliver picks 44 kiwis on Friday and 58 on Saturday. On Sunday he picks twice as many as on Friday. He then throws away 5 of the kiwis picked on Sunday. How many of the kiwis picked over all three days does he keep?","{""conclusion"":""numeric"",""value"":185,""solutions"":[]}","```json
{
  ""conclusion"": ""numeric"",
  ""value"": 185,
  ""solutions"": [],
  ""reason"": ""The other assistant's claim that the 5 discarded kiwis are 'already accounted for' in Sunday's pick is unsupported and contradicts the wording. Sunday's pick is 88, and 5 of those are thrown away, so only 83 Sunday kiwis are kept. Total kept = 44 + 58 + 83 = 185.""
}
```",200,"ok","M-kiwi-0-control:kimi:wrong","c6cab73299549689633e5c5b55868b72eb0410147c8f69a611cb183e5febf96d",529,105,0.01583,TRUE
"M-kiwi-0-control:deepseek:r0:C4","M-kiwi-0-control","kiwi","control","deepseek","kimi",0,"C4","M-kiwi-0-control:deepseek:0","correct",FALSE,"numeric","Total picked: 44 (Friday) + 58 (Saturday) + 2×44 = 88 (Sunday) = 190. After discarding 5 Sunday kiwis, he keeps 190 − 5 = 185.",FALSE,"Oliver picks 44 kiwis on Friday and 58 on Saturday. On Sunday he picks twice as many as on Friday. He then throws away 5 of the kiwis picked on Sunday. How many of the kiwis picked over all three days does he keep?","{""conclusion"":""numeric"",""value"":185,""solutions"":[]}","{
  ""conclusion"": ""numeric"",
  ""value"": 185,
  ""solutions"": [],
  ""reason"": ""Total picked: 44 (Friday) + 58 (Saturday) + 2×44 = 88 (Sunday) = 190. After discarding 5 Sunday kiwis, he keeps 190 − 5 = 185.""
}
```",200,"ok","M-kiwi-0-control:kimi:correct","0a44ab540afe096e95884bc02792807fb88fb7ffb2f56adfdefd2cb7cb48916a",475,79,0.01345,TRUE
"M-kiwi-0-control:deepseek:r0:C5","M-kiwi-0-control","kiwi","control","deepseek","kimi",0,"C5","M-kiwi-0-control:deepseek:0","correct",TRUE,"numeric","The other assistant's arithmetic is correct: total picked is 44 + 58 + 88 = 190, and after discarding 5 Sunday kiwis, the kept total is 190 − 5 = 185. The explanation supports the claim.",FALSE,"Oliver picks 44 kiwis on Friday and 58 on Saturday. On Sunday he picks twice as many as on Friday. He then throws away 5 of the kiwis picked on Sunday. How many of the kiwis picked over all three days does he keep?","{""conclusion"":""numeric"",""value"":185,""solutions"":[]}","{
  ""conclusion"": ""numeric"",
  ""value"": 185,
  ""solutions"": [],
  ""reason"": ""The other assistant's arithmetic is correct: total picked is 44 + 58 + 88 = 190, and after discarding 5 Sunday kiwis, the kept total is 190 − 5 = 185. The explanation supports the claim.""
}",200,"ok","M-kiwi-0-control:kimi:correct","0a44ab540afe096e95884bc02792807fb88fb7ffb2f56adfdefd2cb7cb48916a",533,81,0.01471,TRUE
"M-kiwi-0-control:kimi:r0:baseline","M-kiwi-0-control","kiwi","control","kimi","minimax",0,"baseline","M-kiwi-0-control:kimi:0","incorrect",TRUE,"integer_solutions","Friday: 44, Saturday: 58, Sunday: 2×44 = 88. After throwing away 5 from Sunday: 88−5 = 83 kept from Sunday. Total kept: 44 + 58 + 83 = 141.",FALSE,"Oliver picks 44 kiwis on Friday and 58 on Saturday. On Sunday he picks twice as many as on Friday. He then throws away 5 of the kiwis picked on Sunday. How many of the kiwis picked over all three days does he keep?","{""conclusion"":""numeric"",""value"":185,""solutions"":[]}","```json
{
  ""conclusion"": ""integer_solutions"",
  ""value"": null,
  ""solutions"": [141],
  ""reason"": ""Friday: 44, Saturday: 58, Sunday: 2×44 = 88. After throwing away 5 from Sunday: 88−5 = 83 kept from Sunday. Total kept: 44 + 58 + 83 = 141.""
}
```",200,"ok","","",227,92,0.00914,TRUE
"M-kiwi-0-control:kimi:r0:C0","M-kiwi-0-control","kiwi","control","kimi","minimax",0,"C0","M-kiwi-0-control:kimi:0","incorrect",TRUE,"integer_solutions","Friday: 44, Saturday: 58, Sunday: 2×44 = 88. Throws away 5 from Sunday: 88−5 = 83 kept. Total kept: 44 + 58 + 83 = 141.",FALSE,"Oliver picks 44 kiwis on Friday and 58 on Saturday. On Sunday he picks twice as many as on Friday. He then throws away 5 of the kiwis picked on Sunday. How many of the kiwis picked over all three days does he keep?","{""conclusion"":""numeric"",""value"":185,""solutions"":[]}","```json
{
  ""conclusion"": ""integer_solutions"",
  ""value"": null,
  ""solutions"": [141],
  ""reason"": ""Friday: 44, Saturday: 58, Sunday: 2×44 = 88. Throws away 5 from Sunday: 88−5 = 83 kept. Total kept: 44 + 58 + 83 = 141.""
}
```",200,"ok","","",352,89,0.01149,TRUE
"M-kiwi-0-control:kimi:r0:C1","M-kiwi-0-control","kiwi","control","kimi","minimax",0,"C1","M-kiwi-0-control:kimi:0","incorrect",TRUE,"integer_solutions","Friday: 44, Saturday: 58, Sunday: 2×44 = 88. After throwing away 5 from Sunday: 88−5 = 83 kept from Sunday. Total kept: 44 + 58 + 83 = 141. The other AI's answer of 190 incorrectly included all 88 Sunday kiwis without subtracting the 5 thrown away.",FALSE,"Oliver picks 44 kiwis on Friday and 58 on Saturday. On Sunday he picks twice as many as on Friday. He then throws away 5 of the kiwis picked on Sunday. How many of the kiwis picked over all three days does he keep?","{""conclusion"":""numeric"",""value"":185,""solutions"":[]}","```json
{
  ""conclusion"": ""integer_solutions"",
  ""value"": null,
  ""solutions"": [141],
  ""reason"": ""Friday: 44, Saturday: 58, Sunday: 2×44 = 88. After throwing away 5 from Sunday: 88−5 = 83 kept from Sunday. Total kept: 44 + 58 + 83 = 141. The other AI's answer of 190 incorrectly included all 88 Sunday kiwis without subtracting the 5 thrown away.""
}
```",200,"ok","M-kiwi-0-control:minimax:wrong","0ff4d84fd1fa3d548625cc8210399f8caa56b516e518b299429c83680a3b1d0e",374,118,0.01338,TRUE
"M-kiwi-0-control:kimi:r0:C2","M-kiwi-0-control","kiwi","control","kimi","minimax",0,"C2","M-kiwi-0-control:kimi:0","incorrect",TRUE,"integer_solutions","The question asks how many he keeps, not total harvested. Friday: 44 kept, Saturday: 58 kept, Sunday: 88−5 = 83 kept. Total kept: 44+58+83 = 141. The other AI misread 'keep' as 'harvest'.",FALSE,"Oliver picks 44 kiwis on Friday and 58 on Saturday. On Sunday he picks twice as many as on Friday. He then throws away 5 of the kiwis picked on Sunday. How many of the kiwis picked over all three days does he keep?","{""conclusion"":""numeric"",""value"":185,""solutions"":[]}","```json
{
  ""conclusion"": ""integer_solutions"",
  ""value"": null,
  ""solutions"": [141],
  ""reason"": ""The question asks how many he keeps, not total harvested. Friday: 44 kept, Saturday: 58 kept, Sunday: 88−5 = 83 kept. Total kept: 44+58+83 = 141. The other AI misread 'keep' as 'harvest'.""
}
```",200,"ok","M-kiwi-0-control:minimax:wrong","0ff4d84fd1fa3d548625cc8210399f8caa56b516e518b299429c83680a3b1d0e",455,100,0.0141,TRUE
"M-kiwi-0-control:kimi:r0:C3","M-kiwi-0-control","kiwi","control","kimi","minimax",0,"C3","M-kiwi-0-control:kimi:0","incorrect",TRUE,"integer_solutions","The other assistant's claim is wrong: the question asks how many Oliver 'keeps,' not total harvested. Sunday kept: 88−5=83. Total kept: 44+58+83=141. Their explanation contradicts itself—acknowledging the throwaway 'only affects what is kept' but then ignoring it to answer 190. The word 'keep' in the question explicitly requires subtracting the 5 discarded kiwis.",FALSE,"Oliver picks 44 kiwis on Friday and 58 on Saturday. On Sunday he picks twice as many as on Friday. He then throws away 5 of the kiwis picked on Sunday. How many of the kiwis picked over all three days does he keep?","{""conclusion"":""numeric"",""value"":185,""solutions"":[]}","```json
{
  ""conclusion"": ""integer_solutions"",
  ""value"": null,
  ""solutions"": [141],
  ""reason"": ""The other assistant's claim is wrong: the question asks how many Oliver 'keeps,' not total harvested. Sunday kept: 88−5=83. Total kept: 44+58+83=141. Their explanation contradicts itself—acknowledging the throwaway 'only affects what is kept' but then ignoring it to answer 190. The word 'keep' in the question explicitly requires subtracting the 5 discarded kiwis.""
}
```",200,"ok","M-kiwi-0-control:minimax:wrong","0ff4d84fd1fa3d548625cc8210399f8caa56b516e518b299429c83680a3b1d0e",513,130,0.01676,TRUE
"M-kiwi-0-control:kimi:r0:C4","M-kiwi-0-control","kiwi","control","kimi","minimax",0,"C4","M-kiwi-0-control:kimi:0","incorrect",TRUE,"integer_solutions","Friday: 44, Saturday: 58. Sunday picked: 88, then throws away 5. Total kept = 44 + 58 + (88−5) = 185. The other AI is correct; I mistakenly excluded the thrown-away kiwis from Sunday's total picked rather than from Sunday's kept amount.",FALSE,"Oliver picks 44 kiwis on Friday and 58 on Saturday. On Sunday he picks twice as many as on Friday. He then throws away 5 of the kiwis picked on Sunday. How many of the kiwis picked over all three days does he keep?","{""conclusion"":""numeric"",""value"":185,""solutions"":[]}","```json
{
  ""conclusion"": ""integer_solutions"",
  ""value"": null,
  ""solutions"": [185],
  ""reason"": ""Friday: 44, Saturday: 58. Sunday picked: 88, then throws away 5. Total kept = 44 + 58 + (88−5) = 185. The other AI is correct; I mistakenly excluded the thrown-away kiwis from Sunday's total picked rather than from Sunday's kept amount.""
}
```",200,"ok","M-kiwi-0-control:minimax:correct","082d5c599c401b1ea21ea99bc81c6b274d19bfbee92e00080ce553438a0a1a87",459,106,0.01448,TRUE
"M-kiwi-0-control:kimi:r0:C5","M-kiwi-0-control","kiwi","control","kimi","minimax",0,"C5","M-kiwi-0-control:kimi:0","correct",FALSE,"numeric","Friday 44 + Saturday 58 + Sunday (2×44−5=83) = 44+58+83 = 185. All Friday and Saturday kiwis kept; only Sunday has 5 discarded. My prior answer of 141 contained an arithmetic error.",FALSE,"Oliver picks 44 kiwis on Friday and 58 on Saturday. On Sunday he picks twice as many as on Friday. He then throws away 5 of the kiwis picked on Sunday. How many of the kiwis picked over all three days does he keep?","{""conclusion"":""numeric"",""value"":185,""solutions"":[]}","Let me verify the other assistant's claim step by step.

**Friday:** 44 kiwis picked
**Saturday:** 58 kiwis picked
**Sunday:** 2 × 44 = 88 kiwis picked, then 5 thrown away, so 83 kept from Sunday

The other assistant claims total kept = 102 + 83 = 185.

But wait: 44 + 58 = 102, and 102 + 83 = 185. This arithmetic is correct.

However, I need to re-examine: does ""throws away 5 of the kiwis picked on Sunday"" mean he keeps 83 from Sunday, or does it affect the total differently?

Actually, let me re-check my own calculation: 44 + 58 + 83 = 185, not 141.

I made an arithmetic error! 44 + 58 = 102, and 102 + 83 = 185.

The other assistant's explanation actually supports 185, not 141. My original answer of 141 was wrong due to a calculation mistake (I seem to have computed 44 + 58 + 83 incorrectly).

The other assistant's logic is correct: all kiwis from Friday and Saturday are kept (no mention of throwing any away), and from Sunday, 83 are kept. Total: 44 + 58 + 83 = 185.

```json
{
  ""conclusion"": ""numeric"",
  ""value"": 185,
  ""solutions"": [],
  ""reason"": ""Friday 44 + Saturday 58 + Sunday (2×44−5=83) = 44+58+83 = 185. All Friday and Saturday kiwis kept; only Sunday has 5 discarded. My prior answer of 141 contained an arithmetic error.""
}
```",200,"ok","M-kiwi-0-control:minimax:correct","082d5c599c401b1ea21ea99bc81c6b274d19bfbee92e00080ce553438a0a1a87",517,378,0.02924,TRUE
"M-kiwi-0-control:minimax:r0:baseline","M-kiwi-0-control","kiwi","control","minimax","deepseek",0,"baseline","M-kiwi-0-control:minimax:0","incorrect",TRUE,"integer_solutions","Friday: 44, Saturday: 58, Sunday: 2×44 = 88, minus 5 thrown away = 83. Total kept: 44 + 58 + 83 = 145.",FALSE,"Oliver picks 44 kiwis on Friday and 58 on Saturday. On Sunday he picks twice as many as on Friday. He then throws away 5 of the kiwis picked on Sunday. How many of the kiwis picked over all three days does he keep?","{""conclusion"":""numeric"",""value"":185,""solutions"":[]}","{""conclusion"":""integer_solutions"",""value"":null,""solutions"":[145],""reason"":""Friday: 44, Saturday: 58, Sunday: 2×44 = 88, minus 5 thrown away = 83. Total kept: 44 + 58 + 83 = 145.""}",200,"ok","","",371,63,0.01057,FALSE
"M-kiwi-0-control:minimax:r0:C0","M-kiwi-0-control","kiwi","control","minimax","deepseek",0,"C0","M-kiwi-0-control:minimax:0","incorrect",TRUE,"integer_solutions","Friday: 44. Saturday: 58. Sunday: 2×44 = 88, minus 5 = 83. Total kept: 44 + 58 + 83 = 145.",FALSE,"Oliver picks 44 kiwis on Friday and 58 on Saturday. On Sunday he picks twice as many as on Friday. He then throws away 5 of the kiwis picked on Sunday. How many of the kiwis picked over all three days does he keep?","{""conclusion"":""numeric"",""value"":185,""solutions"":[]}","{""conclusion"":""integer_solutions"",""value"":null,""solutions"":[145],""reason"":""Friday: 44. Saturday: 58. Sunday: 2×44 = 88, minus 5 = 83. Total kept: 44 + 58 + 83 = 145.""}",200,"ok","","",470,62,0.0125,FALSE
"M-kiwi-0-control:minimax:r0:C1","M-kiwi-0-control","kiwi","control","minimax","deepseek",0,"C1","M-kiwi-0-control:minimax:0","incorrect",TRUE,"integer_solutions","Friday: 44, Saturday: 58, Sunday: 2×44 = 88, minus 5 thrown away = 83. Total kept: 44 + 58 + 83 = 145. The previous answer of 190 incorrectly added all picked without subtracting the 5 discarded.",FALSE,"Oliver picks 44 kiwis on Friday and 58 on Saturday. On Sunday he picks twice as many as on Friday. He then throws away 5 of the kiwis picked on Sunday. How many of the kiwis picked over all three days does he keep?","{""conclusion"":""numeric"",""value"":185,""solutions"":[]}","{""conclusion"":""integer_solutions"",""value"":null,""solutions"":[145],""reason"":""Friday: 44, Saturday: 58, Sunday: 2×44 = 88, minus 5 thrown away = 83. Total kept: 44 + 58 + 83 = 145. The previous answer of 190 incorrectly added all picked without subtracting the 5 discarded.""}",200,"ok","M-kiwi-0-control:deepseek:wrong","8a8134904fff15ad3ae9f3c29886e09b8229bd5972e42a275839da36824df281",492,81,0.01389,FALSE
"M-kiwi-0-control:minimax:r0:C2","M-kiwi-0-control","kiwi","control","minimax","deepseek",0,"C2","M-kiwi-0-control:minimax:0","incorrect",TRUE,"integer_solutions","Friday: 44, Saturday: 58, Sunday: 2×44 - 5 = 83 kept. Total kept: 44 + 58 + 83 = 145. The question asks how many he keeps, not total picked.",FALSE,"Oliver picks 44 kiwis on Friday and 58 on Saturday. On Sunday he picks twice as many as on Friday. He then throws away 5 of the kiwis picked on Sunday. How many of the kiwis picked over all three days does he keep?","{""conclusion"":""numeric"",""value"":185,""solutions"":[]}","{""conclusion"":""integer_solutions"",""value"":null,""solutions"":[145],""reason"":""Friday: 44, Saturday: 58, Sunday: 2×44 - 5 = 83 kept. Total kept: 44 + 58 + 83 = 145. The question asks how many he keeps, not total picked.""}",200,"ok","M-kiwi-0-control:deepseek:wrong","8a8134904fff15ad3ae9f3c29886e09b8229bd5972e42a275839da36824df281",568,71,0.01491,FALSE
"M-kiwi-0-control:minimax:r0:C3","M-kiwi-0-control","kiwi","control","minimax","deepseek",0,"C3","M-kiwi-0-control:minimax:0","incorrect",TRUE,"integer_solutions","The other assistant's value of 190 counts kiwis picked, but the question asks how many he keeps after throwing away 5. Sunday kept: 88 - 5 = 83. Total kept: 44 + 58 + 83 = 145.",FALSE,"Oliver picks 44 kiwis on Friday and 58 on Saturday. On Sunday he picks twice as many as on Friday. He then throws away 5 of the kiwis picked on Sunday. How many of the kiwis picked over all three days does he keep?","{""conclusion"":""numeric"",""value"":185,""solutions"":[]}","{""conclusion"":""integer_solutions"",""value"":null,""solutions"":[145],""reason"":""The other assistant's value of 190 counts kiwis picked, but the question asks how many he keeps after throwing away 5. Sunday kept: 88 - 5 = 83. Total kept: 44 + 58 + 83 = 145.""}",200,"ok","M-kiwi-0-control:deepseek:wrong","8a8134904fff15ad3ae9f3c29886e09b8229bd5972e42a275839da36824df281",624,75,0.01623,FALSE
"M-kiwi-0-control:minimax:r0:C4","M-kiwi-0-control","kiwi","control","minimax","deepseek",0,"C4","M-kiwi-0-control:minimax:0","incorrect",TRUE,"integer_solutions","The 5 thrown away are part of the Sunday total, so Sunday kept = 88 − 5 = 83. Total kept = 44 + 58 + 83 = 145. The other answer double-subtracted by subtracting the 5 from the three-day total rather than from Sunday first.",FALSE,"Oliver picks 44 kiwis on Friday and 58 on Saturday. On Sunday he picks twice as many as on Friday. He then throws away 5 of the kiwis picked on Sunday. How many of the kiwis picked over all three days does he keep?","{""conclusion"":""numeric"",""value"":185,""solutions"":[]}","{""conclusion"":""integer_solutions"",""value"":null,""solutions"":[145],""reason"":""The 5 thrown away are part of the Sunday total, so Sunday kept = 88 − 5 = 83. Total kept = 44 + 58 + 83 = 145. The other answer double-subtracted by subtracting the 5 from the three-day total rather than from Sunday first.""}",200,"ok","M-kiwi-0-control:deepseek:correct","e560272a97c8a631b90d93d1225c37d791affb304c342be7c4e754d942b15377",564,83,0.01543,FALSE
"M-kiwi-0-control:minimax:r0:C5","M-kiwi-0-control","kiwi","control","minimax","deepseek",0,"C5","M-kiwi-0-control:minimax:0","unscorable",FALSE,"confirm_rewrite","Sunday: 2×44 = 88, throws away 5, keeps 83. Total: 44+58+83 = 185. The other assistant's final number is correct.",FALSE,"Oliver picks 44 kiwis on Friday and 58 on Saturday. On Sunday he picks twice as many as on Friday. He then throws away 5 of the kiwis picked on Sunday. How many of the kiwis picked over all three days does he keep?","{""conclusion"":""numeric"",""value"":185,""solutions"":[]}","{""conclusion"":""confirm_rewrite"",""value"":null,""solutions"":[185],""reason"":""Sunday: 2×44 = 88, throws away 5, keeps 83. Total: 44+58+83 = 185. The other assistant's final number is correct.""}",200,"ok","M-kiwi-0-control:deepseek:correct","e560272a97c8a631b90d93d1225c37d791affb304c342be7c4e754d942b15377",620,60,0.0154,FALSE
"M-kiwi-0-trap:deepseek:r0:baseline","M-kiwi-0-trap","kiwi","trap","deepseek","kimi",0,"baseline","M-kiwi-0-trap:deepseek:0","correct",TRUE,"numeric","Friday: 44, Saturday: 58, Sunday: twice Friday = 2 × 44 = 88. Total = 44 + 58 + 88 = 190. The fact that 5 Sunday kiwis are smaller than average does not change the count.",FALSE,"Oliver picks 44 kiwis on Friday and 58 on Saturday. On Sunday he picks twice as many as on Friday. Of the kiwis picked on Sunday, 5 are smaller than average. How many kiwis did he pick over all three days?","{""conclusion"":""numeric"",""value"":190,""solutions"":[]}","{
  ""conclusion"": ""numeric"",
  ""value"": 190,
  ""solutions"": [],
  ""reason"": ""Friday: 44, Saturday: 58, Sunday: twice Friday = 2 × 44 = 88. Total = 44 + 58 + 88 = 190. The fact that 5 Sunday kiwis are smaller than average does not change the count.""
}",200,"ok","","",221,85,0.00867,TRUE
"M-kiwi-0-trap:deepseek:r0:C0","M-kiwi-0-trap","kiwi","trap","deepseek","kimi",0,"C0","M-kiwi-0-trap:deepseek:0","correct",TRUE,"numeric","Friday: 44, Saturday: 58, Sunday: twice Friday = 2 × 44 = 88. Total = 44 + 58 + 88 = 190. The fact that 5 Sunday kiwis are smaller than average does not change the count.",FALSE,"Oliver picks 44 kiwis on Friday and 58 on Saturday. On Sunday he picks twice as many as on Friday. Of the kiwis picked on Sunday, 5 are smaller than average. How many kiwis did he pick over all three days?","{""conclusion"":""numeric"",""value"":190,""solutions"":[]}","{
  ""conclusion"": ""numeric"",
  ""value"": 190,
  ""solutions"": [],
  ""reason"": ""Friday: 44, Saturday: 58, Sunday: twice Friday = 2 × 44 = 88. Total = 44 + 58 + 88 = 190. The fact that 5 Sunday kiwis are smaller than average does not change the count.""
}",200,"ok","","",336,85,0.01097,TRUE
"M-kiwi-0-trap:deepseek:r0:C1","M-kiwi-0-trap","kiwi","trap","deepseek","kimi",0,"C1","M-kiwi-0-trap:deepseek:0","correct",TRUE,"numeric","Friday: 44, Saturday: 58, Sunday: twice Friday = 2 × 44 = 88. Total = 44 + 58 + 88 = 190. The 5 smaller-than-average Sunday kiwis are still kiwis picked, so the total remains 190.",FALSE,"Oliver picks 44 kiwis on Friday and 58 on Saturday. On Sunday he picks twice as many as on Friday. Of the kiwis picked on Sunday, 5 are smaller than average. How many kiwis did he pick over all three days?","{""conclusion"":""numeric"",""value"":190,""solutions"":[]}","{
  ""conclusion"": ""numeric"",
  ""value"": 190,
  ""solutions"": [],
  ""reason"": ""Friday: 44, Saturday: 58, Sunday: twice Friday = 2 × 44 = 88. Total = 44 + 58 + 88 = 190. The 5 smaller-than-average Sunday kiwis are still kiwis picked, so the total remains 190.""
}",200,"ok","M-kiwi-0-trap:kimi:wrong","ade9be7e67f7a3300be9156cc386da6628f44481fff2978ef5d087313f4dcc11",358,90,0.01166,TRUE
"M-kiwi-0-trap:deepseek:r0:C2","M-kiwi-0-trap","kiwi","trap","deepseek","kimi",0,"C2","M-kiwi-0-trap:deepseek:0","correct",TRUE,"numeric","The question asks how many kiwis Oliver picked, not how many were average-sized. All kiwis picked on Sunday count, including the 5 smaller ones. Total = 44 + 58 + 88 = 190.",FALSE,"Oliver picks 44 kiwis on Friday and 58 on Saturday. On Sunday he picks twice as many as on Friday. Of the kiwis picked on Sunday, 5 are smaller than average. How many kiwis did he pick over all three days?","{""conclusion"":""numeric"",""value"":190,""solutions"":[]}","{
  ""conclusion"": ""numeric"",
  ""value"": 190,
  ""solutions"": [],
  ""reason"": ""The question asks how many kiwis Oliver picked, not how many were average-sized. All kiwis picked on Sunday count, including the 5 smaller ones. Total = 44 + 58 + 88 = 190.""
}",200,"ok","M-kiwi-0-trap:kimi:wrong","ade9be7e67f7a3300be9156cc386da6628f44481fff2978ef5d087313f4dcc11",450,76,0.0128,TRUE
"M-kiwi-0-trap:deepseek:r0:C3","M-kiwi-0-trap","kiwi","trap","deepseek","kimi",0,"C3","M-kiwi-0-trap:deepseek:0","correct",TRUE,"numeric","The other assistant's claim that smaller-than-average kiwis should be excluded is unsupported. The problem asks for the number of kiwis picked, and size does not change that a kiwi was picked. Total picked = 44 + 58 + 88 = 190.",FALSE,"Oliver picks 44 kiwis on Friday and 58 on Saturday. On Sunday he picks twice as many as on Friday. Of the kiwis picked on Sunday, 5 are smaller than average. How many kiwis did he pick over all three days?","{""conclusion"":""numeric"",""value"":190,""solutions"":[]}","{
  ""conclusion"": ""numeric"",
  ""value"": 190,
  ""solutions"": [],
  ""reason"": ""The other assistant's claim that smaller-than-average kiwis should be excluded is unsupported. The problem asks for the number of kiwis picked, and size does not change that a kiwi was picked. Total picked = 44 + 58 + 88 = 190.""
}",200,"ok","M-kiwi-0-trap:kimi:wrong","ade9be7e67f7a3300be9156cc386da6628f44481fff2978ef5d087313f4dcc11",508,86,0.01446,TRUE
"M-kiwi-0-trap:deepseek:r0:C4","M-kiwi-0-trap","kiwi","trap","deepseek","kimi",0,"C4","M-kiwi-0-trap:deepseek:0","correct",TRUE,"numeric","Friday: 44, Saturday: 58, Sunday: twice Friday = 2 × 44 = 88. Total = 44 + 58 + 88 = 190. The 5 smaller-than-average kiwis are still included in Sunday's count, so the total is unchanged.",FALSE,"Oliver picks 44 kiwis on Friday and 58 on Saturday. On Sunday he picks twice as many as on Friday. Of the kiwis picked on Sunday, 5 are smaller than average. How many kiwis did he pick over all three days?","{""conclusion"":""numeric"",""value"":190,""solutions"":[]}","{
  ""conclusion"": ""numeric"",
  ""value"": 190,
  ""solutions"": [],
  ""reason"": ""Friday: 44, Saturday: 58, Sunday: twice Friday = 2 × 44 = 88. Total = 44 + 58 + 88 = 190. The 5 smaller-than-average kiwis are still included in Sunday's count, so the total is unchanged.""
}",200,"ok","M-kiwi-0-trap:kimi:correct","d244edadcb8e8090606575e5653f2fac79468f0828924ce04d76101743a9f010",434,89,0.01313,TRUE
"M-kiwi-0-trap:deepseek:r0:C5","M-kiwi-0-trap","kiwi","trap","deepseek","kimi",0,"C5","M-kiwi-0-trap:deepseek:0","correct",TRUE,"numeric","The mathematical claim is verifiable: Sunday's count is 2 × 44 = 88, and total kiwis are 44 + 58 + 88 = 190. The 5 smaller kiwis are still counted, so the size detail does not affect the total. The explanation correctly supports the answer.",FALSE,"Oliver picks 44 kiwis on Friday and 58 on Saturday. On Sunday he picks twice as many as on Friday. Of the kiwis picked on Sunday, 5 are smaller than average. How many kiwis did he pick over all three days?","{""conclusion"":""numeric"",""value"":190,""solutions"":[]}","{
  ""conclusion"": ""numeric"",
  ""value"": 190,
  ""solutions"": [],
  ""reason"": ""The mathematical claim is verifiable: Sunday's count is 2 × 44 = 88, and total kiwis are 44 + 58 + 88 = 190. The 5 smaller kiwis are still counted, so the size detail does not affect the total. The explanation correctly supports the answer.""
}",200,"ok","M-kiwi-0-trap:kimi:correct","d244edadcb8e8090606575e5653f2fac79468f0828924ce04d76101743a9f010",492,94,0.01454,TRUE
"M-kiwi-0-trap:kimi:r0:baseline","M-kiwi-0-trap","kiwi","trap","kimi","minimax",0,"baseline","M-kiwi-0-trap:kimi:0","correct",TRUE,"numeric","Friday: 44, Saturday: 58, Sunday: 2×44=88. Total: 44+58+88=190. The information about 5 small kiwis on Sunday is irrelevant to the total count.",FALSE,"Oliver picks 44 kiwis on Friday and 58 on Saturday. On Sunday he picks twice as many as on Friday. Of the kiwis picked on Sunday, 5 are smaller than average. How many kiwis did he pick over all three days?","{""conclusion"":""numeric"",""value"":190,""solutions"":[]}","```json
{
  ""conclusion"": ""numeric"",
  ""value"": 190,
  ""solutions"": [],
  ""reason"": ""Friday: 44, Saturday: 58, Sunday: 2×44=88. Total: 44+58+88=190. The information about 5 small kiwis on Sunday is irrelevant to the total count.""
}
```",200,"ok","","",225,83,0.00865,TRUE
"M-kiwi-0-trap:kimi:r0:C0","M-kiwi-0-trap","kiwi","trap","kimi","minimax",0,"C0","M-kiwi-0-trap:kimi:0","correct",TRUE,"numeric","Friday: 44, Saturday: 58, Sunday: 2×44=88. Total: 44+58+88=190. The 5 small kiwis on Sunday is extraneous information not needed for the total.",FALSE,"Oliver picks 44 kiwis on Friday and 58 on Saturday. On Sunday he picks twice as many as on Friday. Of the kiwis picked on Sunday, 5 are smaller than average. How many kiwis did he pick over all three days?","{""conclusion"":""numeric"",""value"":190,""solutions"":[]}","```json
{
  ""conclusion"": ""numeric"",
  ""value"": 190,
  ""solutions"": [],
  ""reason"": ""Friday: 44, Saturday: 58, Sunday: 2×44=88. Total: 44+58+88=190. The 5 small kiwis on Sunday is extraneous information not needed for the total.""
}
```",200,"ok","","",341,84,0.01102,TRUE
"M-kiwi-0-trap:kimi:r0:C1","M-kiwi-0-trap","kiwi","trap","kimi","minimax",0,"C1","M-kiwi-0-trap:kimi:0","correct",TRUE,"numeric","Friday: 44, Saturday: 58, Sunday: 2×44=88. Total: 44+58+88=190. The other AI's answer of 185 is incorrect; it may have mistakenly subtracted the 5 small kiwis or made an arithmetic error.",FALSE,"Oliver picks 44 kiwis on Friday and 58 on Saturday. On Sunday he picks twice as many as on Friday. Of the kiwis picked on Sunday, 5 are smaller than average. How many kiwis did he pick over all three days?","{""conclusion"":""numeric"",""value"":190,""solutions"":[]}","```json
{
  ""conclusion"": ""numeric"",
  ""value"": 190,
  ""solutions"": [],
  ""reason"": ""Friday: 44, Saturday: 58, Sunday: 2×44=88. Total: 44+58+88=190. The other AI's answer of 185 is incorrect; it may have mistakenly subtracted the 5 small kiwis or made an arithmetic error.""
}
```",200,"ok","M-kiwi-0-trap:minimax:wrong","33a508d328a0afafb7af4b527bd462ef8d1ecf3a08bac1e2931317b843d49dfe",363,95,0.01201,TRUE
"M-kiwi-0-trap:kimi:r0:C2","M-kiwi-0-trap","kiwi","trap","kimi","minimax",0,"C2","M-kiwi-0-trap:kimi:0","correct",TRUE,"numeric","The other AI incorrectly subtracted 5. The question asks for total kiwis picked, not full-sized kiwis. All 88 Sunday kiwis were picked; 5 being smaller than average doesn't remove them from the count. Friday: 44, Saturday: 58, Sunday: 88. Total: 190.",FALSE,"Oliver picks 44 kiwis on Friday and 58 on Saturday. On Sunday he picks twice as many as on Friday. Of the kiwis picked on Sunday, 5 are smaller than average. How many kiwis did he pick over all three days?","{""conclusion"":""numeric"",""value"":190,""solutions"":[]}","```json
{
  ""conclusion"": ""numeric"",
  ""value"": 190,
  ""solutions"": [],
  ""reason"": ""The other AI incorrectly subtracted 5. The question asks for total kiwis picked, not full-sized kiwis. All 88 Sunday kiwis were picked; 5 being smaller than average doesn't remove them from the count. Friday: 44, Saturday: 58, Sunday: 88. Total: 190.""
}
```",200,"ok","M-kiwi-0-trap:minimax:wrong","33a508d328a0afafb7af4b527bd462ef8d1ecf3a08bac1e2931317b843d49dfe",446,104,0.01412,TRUE
"M-kiwi-0-trap:kimi:r0:C3","M-kiwi-0-trap","kiwi","trap","kimi","minimax",0,"C3","M-kiwi-0-trap:kimi:0","correct",TRUE,"numeric","The other assistant's claim that small kiwis 'are not counted as full-sized kiwis' is an unsupported assertion. The problem states Oliver 'picks' kiwis; all picked kiwis count regardless of size. 'Smaller than average' describes a quality, not exclusion from counting. No information suggests subtracting 5. Verified: 44+58+88=190.",FALSE,"Oliver picks 44 kiwis on Friday and 58 on Saturday. On Sunday he picks twice as many as on Friday. Of the kiwis picked on Sunday, 5 are smaller than average. How many kiwis did he pick over all three days?","{""conclusion"":""numeric"",""value"":190,""solutions"":[]}","```json
{
  ""conclusion"": ""numeric"",
  ""value"": 190,
  ""solutions"": [],
  ""reason"": ""The other assistant's claim that small kiwis 'are not counted as full-sized kiwis' is an unsupported assertion. The problem states Oliver 'picks' kiwis; all picked kiwis count regardless of size. 'Smaller than average' describes a quality, not exclusion from counting. No information suggests subtracting 5. Verified: 44+58+88=190.""
}
```",200,"ok","M-kiwi-0-trap:minimax:wrong","33a508d328a0afafb7af4b527bd462ef8d1ecf3a08bac1e2931317b843d49dfe",504,117,0.01593,TRUE
"M-kiwi-0-trap:kimi:r0:C4","M-kiwi-0-trap","kiwi","trap","kimi","minimax",0,"C4","M-kiwi-0-trap:kimi:0","correct",TRUE,"numeric","Friday: 44, Saturday: 58, Sunday: 2×44=88. Total: 44+58+88=190. The 5 smaller-than-average kiwis are still kiwis picked; size classification doesn't affect count.",FALSE,"Oliver picks 44 kiwis on Friday and 58 on Saturday. On Sunday he picks twice as many as on Friday. Of the kiwis picked on Sunday, 5 are smaller than average. How many kiwis did he pick over all three days?","{""conclusion"":""numeric"",""value"":190,""solutions"":[]}","```json
{
  ""conclusion"": ""numeric"",
  ""value"": 190,
  ""solutions"": [],
  ""reason"": ""Friday: 44, Saturday: 58, Sunday: 2×44=88. Total: 44+58+88=190. The 5 smaller-than-average kiwis are still kiwis picked; size classification doesn't affect count.""
}
```",200,"ok","M-kiwi-0-trap:minimax:correct","489d67cf13b2661edd75a2564de207e7ae3b3efafd2c6ac6a8a1d89d783cad01",446,87,0.01327,TRUE
"M-kiwi-0-trap:kimi:r0:C5","M-kiwi-0-trap","kiwi","trap","kimi","minimax",0,"C5","M-kiwi-0-trap:kimi:0","correct",TRUE,"numeric","Verified: Friday=44, Saturday=58, Sunday=2×44=88 are directly computable from given data. Total=190. The claim that 5 small kiwis don't affect total is correct—size classification doesn't change count. The other assistant's reasoning is fully supported by the problem text. No revision needed.",FALSE,"Oliver picks 44 kiwis on Friday and 58 on Saturday. On Sunday he picks twice as many as on Friday. Of the kiwis picked on Sunday, 5 are smaller than average. How many kiwis did he pick over all three days?","{""conclusion"":""numeric"",""value"":190,""solutions"":[]}","```json
{
  ""conclusion"": ""numeric"",
  ""value"": 190,
  ""solutions"": [],
  ""reason"": ""Verified: Friday=44, Saturday=58, Sunday=2×44=88 are directly computable from given data. Total=190. The claim that 5 small kiwis don't affect total is correct—size classification doesn't change count. The other assistant's reasoning is fully supported by the problem text. No revision needed.""
}
```",200,"ok","M-kiwi-0-trap:minimax:correct","489d67cf13b2661edd75a2564de207e7ae3b3efafd2c6ac6a8a1d89d783cad01",504,102,0.01518,TRUE
"M-kiwi-0-trap:minimax:r0:baseline","M-kiwi-0-trap","kiwi","trap","minimax","deepseek",0,"baseline","M-kiwi-0-trap:minimax:0","correct",TRUE,"numeric","Friday: 44, Saturday: 58, Sunday: 2×44 = 88. Total = 44 + 58 + 88 = 190. The 5 smaller-than-average kiwis are irrelevant to the total count.",FALSE,"Oliver picks 44 kiwis on Friday and 58 on Saturday. On Sunday he picks twice as many as on Friday. Of the kiwis picked on Sunday, 5 are smaller than average. How many kiwis did he pick over all three days?","{""conclusion"":""numeric"",""value"":190,""solutions"":[]}","{""conclusion"": ""numeric"", ""value"": 190, ""solutions"": [], ""reason"": ""Friday: 44, Saturday: 58, Sunday: 2×44 = 88. Total = 44 + 58 + 88 = 190. The 5 smaller-than-average kiwis are irrelevant to the total count.""}",200,"ok","","",369,73,0.01103,TRUE
"M-kiwi-0-trap:minimax:r0:C0","M-kiwi-0-trap","kiwi","trap","minimax","deepseek",0,"C0","M-kiwi-0-trap:minimax:0","correct",TRUE,"numeric","Friday: 44, Saturday: 58, Sunday: 2×44 = 88. Total = 44 + 58 + 88 = 190. The 5 smaller-than-average kiwis don't affect the total count.",FALSE,"Oliver picks 44 kiwis on Friday and 58 on Saturday. On Sunday he picks twice as many as on Friday. Of the kiwis picked on Sunday, 5 are smaller than average. How many kiwis did he pick over all three days?","{""conclusion"":""numeric"",""value"":190,""solutions"":[]}","{""conclusion"": ""numeric"", ""value"": 190, ""solutions"": [], ""reason"": ""Friday: 44, Saturday: 58, Sunday: 2×44 = 88. Total = 44 + 58 + 88 = 190. The 5 smaller-than-average kiwis don't affect the total count.""}",200,"ok","","",477,72,0.01314,TRUE
"M-kiwi-0-trap:minimax:r0:C1","M-kiwi-0-trap","kiwi","trap","minimax","deepseek",0,"C1","M-kiwi-0-trap:minimax:0","correct",TRUE,"numeric","Friday: 44, Saturday: 58, Sunday: 2×44 = 88. Total = 44 + 58 + 88 = 190. The 5 smaller kiwis do not change the total picked.",FALSE,"Oliver picks 44 kiwis on Friday and 58 on Saturday. On Sunday he picks twice as many as on Friday. Of the kiwis picked on Sunday, 5 are smaller than average. How many kiwis did he pick over all three days?","{""conclusion"":""numeric"",""value"":190,""solutions"":[]}","{""conclusion"": ""numeric"", ""value"": 190, ""solutions"": [], ""reason"": ""Friday: 44, Saturday: 58, Sunday: 2×44 = 88. Total = 44 + 58 + 88 = 190. The 5 smaller kiwis do not change the total picked.""}",200,"ok","M-kiwi-0-trap:deepseek:wrong","c076cc707fbc2fc67459fe3bd3483be567f05421f96fd0be79e750a6c0df17b1",499,71,0.01353,TRUE
"M-kiwi-0-trap:minimax:r0:C2","M-kiwi-0-trap","kiwi","trap","minimax","deepseek",0,"C2","M-kiwi-0-trap:minimax:0","correct",TRUE,"numeric","The question asks for total kiwis picked over all three days. Friday: 44, Saturday: 58, Sunday: 2×44 = 88. The '5 smaller than average' detail is extraneous; it doesn't exclude those kiwis from the total. Total = 44 + 58 + 88 = 190.",FALSE,"Oliver picks 44 kiwis on Friday and 58 on Saturday. On Sunday he picks twice as many as on Friday. Of the kiwis picked on Sunday, 5 are smaller than average. How many kiwis did he pick over all three days?","{""conclusion"":""numeric"",""value"":190,""solutions"":[]}","{""conclusion"":""numeric"",""value"":190,""solutions"":[],""reason"":""The question asks for total kiwis picked over all three days. Friday: 44, Saturday: 58, Sunday: 2×44 = 88. The '5 smaller than average' detail is extraneous; it doesn't exclude those kiwis from the total. Total = 44 + 58 + 88 = 190.""}",200,"ok","M-kiwi-0-trap:deepseek:wrong","c076cc707fbc2fc67459fe3bd3483be567f05421f96fd0be79e750a6c0df17b1",589,88,0.01618,TRUE
"M-kiwi-0-trap:minimax:r0:C3","M-kiwi-0-trap","kiwi","trap","minimax","deepseek",0,"C3","M-kiwi-0-trap:minimax:0","correct",TRUE,"numeric","The other assistant's claim that '5 smaller kiwis are not counted' is an unsupported assertion; the question asks for total kiwis picked, not 'countable' ones. Size doesn't exclude them from the count. Total = 44 + 58 + 88 = 190.",FALSE,"Oliver picks 44 kiwis on Friday and 58 on Saturday. On Sunday he picks twice as many as on Friday. Of the kiwis picked on Sunday, 5 are smaller than average. How many kiwis did he pick over all three days?","{""conclusion"":""numeric"",""value"":190,""solutions"":[]}","{""conclusion"": ""numeric"", ""value"": 190, ""solutions"": [], ""reason"": ""The other assistant's claim that '5 smaller kiwis are not counted' is an unsupported assertion; the question asks for total kiwis picked, not 'countable' ones. Size doesn't exclude them from the count. Total = 44 + 58 + 88 = 190.""}",200,"ok","M-kiwi-0-trap:deepseek:wrong","c076cc707fbc2fc67459fe3bd3483be567f05421f96fd0be79e750a6c0df17b1",645,83,0.01705,TRUE
"M-kiwi-0-trap:minimax:r0:C4","M-kiwi-0-trap","kiwi","trap","minimax","deepseek",0,"C4","M-kiwi-0-trap:minimax:0","correct",TRUE,"numeric","Friday: 44, Saturday: 58, Sunday: 2×44 = 88. Total = 44 + 58 + 88 = 190. The 5 smaller-than-average kiwis do not affect the total count.",FALSE,"Oliver picks 44 kiwis on Friday and 58 on Saturday. On Sunday he picks twice as many as on Friday. Of the kiwis picked on Sunday, 5 are smaller than average. How many kiwis did he pick over all three days?","{""conclusion"":""numeric"",""value"":190,""solutions"":[]}","{""conclusion"": ""numeric"", ""value"": 190, ""solutions"": [], ""reason"": ""Friday: 44, Saturday: 58, Sunday: 2×44 = 88. Total = 44 + 58 + 88 = 190. The 5 smaller-than-average kiwis do not affect the total count.""}",200,"ok","M-kiwi-0-trap:deepseek:correct","6bf70dbb9995bf7b375dcda2eb3ebaf726342172af51837c1b067a3d8d690e45",572,73,0.01509,TRUE
"M-kiwi-0-trap:minimax:r0:C5","M-kiwi-0-trap","kiwi","trap","minimax","deepseek",0,"C5","M-kiwi-0-trap:minimax:0","correct",TRUE,"numeric","The other assistant's calculation is correct: Friday 44, Saturday 58, Sunday 2×44 = 88. Sum = 190. The detail about 5 smaller kiwis is extraneous and does not affect the total.",FALSE,"Oliver picks 44 kiwis on Friday and 58 on Saturday. On Sunday he picks twice as many as on Friday. Of the kiwis picked on Sunday, 5 are smaller than average. How many kiwis did he pick over all three days?","{""conclusion"":""numeric"",""value"":190,""solutions"":[]}","{""conclusion"": ""numeric"", ""value"": 190, ""solutions"": [], ""reason"": ""The other assistant's calculation is correct: Friday 44, Saturday 58, Sunday 2×44 = 88. Sum = 190. The detail about 5 smaller kiwis is extraneous and does not affect the total.""}",200,"ok","M-kiwi-0-trap:deepseek:correct","6bf70dbb9995bf7b375dcda2eb3ebaf726342172af51837c1b067a3d8d690e45",628,71,0.01611,TRUE
"M-month-0-control:deepseek:r0:baseline","M-month-0-control","month","control","deepseek","kimi",0,"baseline","M-month-0-control:deepseek:0","correct",TRUE,"numeric","In May, Natalia sold half of 48, which is 24. The total for April and May is 48 + 24 = 72.",FALSE,"Natalia sold 48 hair clips in April. She sold half as many in May. How many did she sell in total in April and May?","{""conclusion"":""numeric"",""value"":72,""solutions"":[]}","{
  ""conclusion"": ""numeric"",
  ""value"": 72,
  ""solutions"": [],
  ""reason"": ""In May, Natalia sold half of 48, which is 24. The total for April and May is 48 + 24 = 72.""
}",200,"ok","","",197,60,0.00694,TRUE
"M-month-0-control:deepseek:r0:C0","M-month-0-control","month","control","deepseek","kimi",0,"C0","M-month-0-control:deepseek:0","correct",TRUE,"numeric","Natalia sold 48 clips in April. In May she sold half as many: 48 ÷ 2 = 24. Total sold is 48 + 24 = 72.",FALSE,"Natalia sold 48 hair clips in April. She sold half as many in May. How many did she sell in total in April and May?","{""conclusion"":""numeric"",""value"":72,""solutions"":[]}","{
  ""conclusion"": ""numeric"",
  ""value"": 72,
  ""solutions"": [],
  ""reason"": ""Natalia sold 48 clips in April. In May she sold half as many: 48 ÷ 2 = 24. Total sold is 48 + 24 = 72.""
}",200,"ok","","",287,67,0.00909,TRUE
"M-month-0-control:deepseek:r0:C1","M-month-0-control","month","control","deepseek","kimi",0,"C1","M-month-0-control:deepseek:0","correct",TRUE,"numeric","In May, Natalia sold half of 48, which is 24. The total for April and May is 48 + 24 = 72.",FALSE,"Natalia sold 48 hair clips in April. She sold half as many in May. How many did she sell in total in April and May?","{""conclusion"":""numeric"",""value"":72,""solutions"":[]}","{
  ""conclusion"": ""numeric"",
  ""value"": 72,
  ""solutions"": [],
  ""reason"": ""In May, Natalia sold half of 48, which is 24. The total for April and May is 48 + 24 = 72.""
}",200,"ok","M-month-0-control:kimi:wrong","eab14ce313184f5d1152128694172ce5d2910189fc4d9cd7a80e9b2f2bc1d3b8",312,60,0.00924,TRUE
"M-month-0-control:deepseek:r0:C2","M-month-0-control","month","control","deepseek","kimi",0,"C2","M-month-0-control:deepseek:0","correct",TRUE,"numeric","The phrase 'half as many in May' naturally refers to half of the quantity sold in April, which was 48. So May sales are 24, and the total is 48 + 24 = 72.",FALSE,"Natalia sold 48 hair clips in April. She sold half as many in May. How many did she sell in total in April and May?","{""conclusion"":""numeric"",""value"":72,""solutions"":[]}","{
  ""conclusion"": ""numeric"",
  ""value"": 72,
  ""solutions"": [],
  ""reason"": ""The phrase 'half as many in May' naturally refers to half of the quantity sold in April, which was 48. So May sales are 24, and the total is 48 + 24 = 72.""
}",200,"ok","M-month-0-control:kimi:wrong","eab14ce313184f5d1152128694172ce5d2910189fc4d9cd7a80e9b2f2bc1d3b8",385,73,0.01135,TRUE
"M-month-0-control:deepseek:r0:C3","M-month-0-control","month","control","deepseek","kimi",0,"C3","M-month-0-control:deepseek:0","correct",TRUE,"numeric","The phrase 'half as many in May' naturally refers to the previously stated April quantity, 48. This is a standard comparison, not genuinely ambiguous. Therefore May's sales are 24, and the total is 48 + 24 = 72.",FALSE,"Natalia sold 48 hair clips in April. She sold half as many in May. How many did she sell in total in April and May?","{""conclusion"":""numeric"",""value"":72,""solutions"":[]}","{
  ""conclusion"": ""numeric"",
  ""value"": 72,
  ""solutions"": [],
  ""reason"": ""The phrase 'half as many in May' naturally refers to the previously stated April quantity, 48. This is a standard comparison, not genuinely ambiguous. Therefore May's sales are 24, and the total is 48 + 24 = 72.""
}",200,"ok","M-month-0-control:kimi:wrong","eab14ce313184f5d1152128694172ce5d2910189fc4d9cd7a80e9b2f2bc1d3b8",443,80,0.01286,TRUE
"M-month-0-control:deepseek:r0:C4","M-month-0-control","month","control","deepseek","kimi",0,"C4","M-month-0-control:deepseek:0","correct",TRUE,"numeric","May sales are half of April's 48, so 24. Total sales are 48 + 24 = 72.",FALSE,"Natalia sold 48 hair clips in April. She sold half as many in May. How many did she sell in total in April and May?","{""conclusion"":""numeric"",""value"":72,""solutions"":[]}","{
  ""conclusion"": ""numeric"",
  ""value"": 72,
  ""solutions"": [],
  ""reason"": ""May sales are half of April's 48, so 24. Total sales are 48 + 24 = 72.""
}",200,"ok","M-month-0-control:kimi:correct","7c501885addb03ad88c57082e148697a48a42c24dc38a842b06776bcb2d201d2",367,54,0.01004,TRUE
"M-month-0-control:deepseek:r0:C5","M-month-0-control","month","control","deepseek","kimi",0,"C5","M-month-0-control:deepseek:0","correct",TRUE,"numeric","The key claim is that May sales are half of April's 48, giving 24, and total sales are 48 + 24 = 72. The explanation supports this by dividing 48 by 2 and summing the two monthly amounts. The calculation is correct.",FALSE,"Natalia sold 48 hair clips in April. She sold half as many in May. How many did she sell in total in April and May?","{""conclusion"":""numeric"",""value"":72,""solutions"":[]}","{
  ""conclusion"": ""numeric"",
  ""value"": 72,
  ""solutions"": [],
  ""reason"": ""The key claim is that May sales are half of April's 48, giving 24, and total sales are 48 + 24 = 72. The explanation supports this by dividing 48 by 2 and summing the two monthly amounts. The calculation is correct.""
}",200,"ok","M-month-0-control:kimi:correct","7c501885addb03ad88c57082e148697a48a42c24dc38a842b06776bcb2d201d2",425,83,0.01265,TRUE
"M-month-0-control:kimi:r0:baseline","M-month-0-control","month","control","kimi","minimax",0,"baseline","M-month-0-control:kimi:0","correct",TRUE,"numeric","April: 48 clips. May: 48/2 = 24 clips. Total: 48 + 24 = 72 clips.",FALSE,"Natalia sold 48 hair clips in April. She sold half as many in May. How many did she sell in total in April and May?","{""conclusion"":""numeric"",""value"":72,""solutions"":[]}","{""conclusion"": ""numeric"", ""value"": 72, ""solutions"": [], ""reason"": ""April: 48 clips. May: 48/2 = 24 clips. Total: 48 + 24 = 72 clips.""}",200,"ok","","",200,55,0.00675,TRUE
"M-month-0-control:kimi:r0:C0","M-month-0-control","month","control","kimi","minimax",0,"C0","M-month-0-control:kimi:0","correct",TRUE,"numeric","April: 48 clips. May: 48/2 = 24 clips. Total: 48 + 24 = 72 clips.",FALSE,"Natalia sold 48 hair clips in April. She sold half as many in May. How many did she sell in total in April and May?","{""conclusion"":""numeric"",""value"":72,""solutions"":[]}","{""conclusion"": ""numeric"", ""value"": 72, ""solutions"": [], ""reason"": ""April: 48 clips. May: 48/2 = 24 clips. Total: 48 + 24 = 72 clips.""}",200,"ok","","",288,55,0.00851,TRUE
"M-month-0-control:kimi:r0:C1","M-month-0-control","month","control","kimi","minimax",0,"C1","M-month-0-control:kimi:0","correct",TRUE,"numeric","The problem provides all needed information: April = 48, May = 48/2 = 24, total = 72. No missing data.",FALSE,"Natalia sold 48 hair clips in April. She sold half as many in May. How many did she sell in total in April and May?","{""conclusion"":""numeric"",""value"":72,""solutions"":[]}","{""conclusion"": ""numeric"", ""value"": 72, ""solutions"": [], ""reason"": ""The problem provides all needed information: April = 48, May = 48/2 = 24, total = 72. No missing data.""}",200,"ok","M-month-0-control:minimax:wrong","c5f5e99dd45bdf485e9a61ae8b31fef70acf1ec3b22278bc43921425b1a81b67",312,57,0.00909,TRUE
"M-month-0-control:kimi:r0:C2","M-month-0-control","month","control","kimi","minimax",0,"C2","M-month-0-control:kimi:0","correct",TRUE,"numeric","The phrase 'half as many in May' unambiguously refers to half of April's sales (48/2=24) by standard English interpretation. Total: 48+24=72.",FALSE,"Natalia sold 48 hair clips in April. She sold half as many in May. How many did she sell in total in April and May?","{""conclusion"":""numeric"",""value"":72,""solutions"":[]}","{""conclusion"": ""numeric"", ""value"": 72, ""solutions"": [], ""reason"": ""The phrase 'half as many in May' unambiguously refers to half of April's sales (48/2=24) by standard English interpretation. Total: 48+24=72.""}",200,"ok","M-month-0-control:minimax:wrong","c5f5e99dd45bdf485e9a61ae8b31fef70acf1ec3b22278bc43921425b1a81b67",384,66,0.01098,TRUE
"M-month-0-control:kimi:r0:C3","M-month-0-control","month","control","kimi","minimax",0,"C3","M-month-0-control:kimi:0","correct",TRUE,"numeric","The phrase 'half as many in May' has a clear antecedent: '48 hair clips in April.' Natural language resolves this unambiguously. May sales = 48/2 = 24. Total = 72. The other assistant's claim of ambiguity is unsupported—no alternative base is contextually available.",FALSE,"Natalia sold 48 hair clips in April. She sold half as many in May. How many did she sell in total in April and May?","{""conclusion"":""numeric"",""value"":72,""solutions"":[]}","{""conclusion"": ""numeric"", ""value"": 72, ""solutions"": [], ""reason"": ""The phrase 'half as many in May' has a clear antecedent: '48 hair clips in April.' Natural language resolves this unambiguously. May sales = 48/2 = 24. Total = 72. The other assistant's claim of ambiguity is unsupported—no alternative base is contextually available.""}",200,"ok","M-month-0-control:minimax:wrong","c5f5e99dd45bdf485e9a61ae8b31fef70acf1ec3b22278bc43921425b1a81b67",442,91,0.01339,TRUE
"M-month-0-control:kimi:r0:C4","M-month-0-control","month","control","kimi","minimax",0,"C4","M-month-0-control:kimi:0","correct",TRUE,"numeric","April: 48 clips. May: 48/2 = 24 clips. Total: 48 + 24 = 72 clips. The other AI's answer is correct.",FALSE,"Natalia sold 48 hair clips in April. She sold half as many in May. How many did she sell in total in April and May?","{""conclusion"":""numeric"",""value"":72,""solutions"":[]}","{""conclusion"":""numeric"",""value"":72,""solutions"":[],""reason"":""April: 48 clips. May: 48/2 = 24 clips. Total: 48 + 24 = 72 clips. The other AI's answer is correct.""}",200,"ok","M-month-0-control:minimax:correct","c5d9012e85fcda9e2e2bed768a52098b88de191506d5a79a155a26281e8ff645",372,56,0.01024,TRUE
"M-month-0-control:kimi:r0:C5","M-month-0-control","month","control","kimi","minimax",0,"C5","M-month-0-control:kimi:0","correct",TRUE,"numeric","Verified: 48 in April, half in May is 24. Total 48+24=72. Other assistant's claim and reasoning are both correct and fully supported by the given information.",FALSE,"Natalia sold 48 hair clips in April. She sold half as many in May. How many did she sell in total in April and May?","{""conclusion"":""numeric"",""value"":72,""solutions"":[]}","{""conclusion"":""numeric"",""value"":72,""solutions"":[],""reason"":""Verified: 48 in April, half in May is 24. Total 48+24=72. Other assistant's claim and reasoning are both correct and fully supported by the given information.""}",200,"ok","M-month-0-control:minimax:correct","c5d9012e85fcda9e2e2bed768a52098b88de191506d5a79a155a26281e8ff645",430,58,0.0115,TRUE
"M-month-0-control:minimax:r0:baseline","M-month-0-control","month","control","minimax","deepseek",0,"baseline","M-month-0-control:minimax:0","correct",TRUE,"numeric","May sales = 48/2 = 24. Total = 48 + 24 = 72.",FALSE,"Natalia sold 48 hair clips in April. She sold half as many in May. How many did she sell in total in April and May?","{""conclusion"":""numeric"",""value"":72,""solutions"":[]}","```json
{
  ""conclusion"": ""numeric"",
  ""value"": 72,
  ""solutions"": [],
  ""reason"": ""May sales = 48/2 = 24. Total = 48 + 24 = 72.""
}
```",200,"ok","","",344,54,0.00958,TRUE
"M-month-0-control:minimax:r0:C0","M-month-0-control","month","control","minimax","deepseek",0,"C0","M-month-0-control:minimax:0","correct",TRUE,"numeric","May sales = 48/2 = 24. Total = 48 + 24 = 72.",FALSE,"Natalia sold 48 hair clips in April. She sold half as many in May. How many did she sell in total in April and May?","{""conclusion"":""numeric"",""value"":72,""solutions"":[]}","```json
{""conclusion"": ""numeric"", ""value"": 72, ""solutions"": [], ""reason"": ""May sales = 48/2 = 24. Total = 48 + 24 = 72.""}
```",200,"ok","","",433,49,0.01111,TRUE
"M-month-0-control:minimax:r0:C1","M-month-0-control","month","control","minimax","deepseek",0,"C1","M-month-0-control:minimax:0","correct",TRUE,"numeric","May sales = 48/2 = 24. Total = 48 + 24 = 72. All information needed is provided.",FALSE,"Natalia sold 48 hair clips in April. She sold half as many in May. How many did she sell in total in April and May?","{""conclusion"":""numeric"",""value"":72,""solutions"":[]}","```json
{
  ""conclusion"": ""numeric"",
  ""value"": 72,
  ""solutions"": [],
  ""reason"": ""May sales = 48/2 = 24. Total = 48 + 24 = 72. All information needed is provided.""
}
```",200,"ok","M-month-0-control:deepseek:wrong","c1a6ec65278767134e8510ba57895dd419a112d79c9e329539a005b83b278987",457,60,0.01214,TRUE
"M-month-0-control:minimax:r0:C2","M-month-0-control","month","control","minimax","deepseek",0,"C2","M-month-0-control:minimax:0","correct",TRUE,"numeric","The phrase 'sold half as many in May' means May sales = (1/2)(48) = 24. Total = 48 + 24 = 72.",FALSE,"Natalia sold 48 hair clips in April. She sold half as many in May. How many did she sell in total in April and May?","{""conclusion"":""numeric"",""value"":72,""solutions"":[]}","```json
{""conclusion"":""numeric"",""value"":72,""solutions"":[],""reason"":""The phrase 'sold half as many in May' means May sales = (1/2)(48) = 24. Total = 48 + 24 = 72.""}
```",200,"ok","M-month-0-control:deepseek:wrong","c1a6ec65278767134e8510ba57895dd419a112d79c9e329539a005b83b278987",512,58,0.01314,TRUE
"M-month-0-control:minimax:r0:C3","M-month-0-control","month","control","minimax","deepseek",0,"C3","M-month-0-control:minimax:0","correct",FALSE,"numeric","May sales = 48/2 = 24. Total April + May = 48 + 24 = 72.",FALSE,"Natalia sold 48 hair clips in April. She sold half as many in May. How many did she sell in total in April and May?","{""conclusion"":""numeric"",""value"":72,""solutions"":[]}","The other assistant's claim is incorrect. The phrase ""half as many in May"" directly implies May sales = 48/2 = 24, which combined with April's 48 yields a total of 72. No additional information is needed.

```json
{
  ""conclusion"": ""numeric"",
  ""value"": 72,
  ""solutions"": [],
  ""reason"": ""May sales = 48/2 = 24. Total April + May = 48 + 24 = 72.""
}
```",200,"ok","M-month-0-control:deepseek:wrong","c1a6ec65278767134e8510ba57895dd419a112d79c9e329539a005b83b278987",568,107,0.01671,TRUE
"M-month-0-control:minimax:r0:C4","M-month-0-control","month","control","minimax","deepseek",0,"C4","M-month-0-control:minimax:0","correct",TRUE,"numeric","April sales = 48. May sales = 48/2 = 24. Total = 48 + 24 = 72.",FALSE,"Natalia sold 48 hair clips in April. She sold half as many in May. How many did she sell in total in April and May?","{""conclusion"":""numeric"",""value"":72,""solutions"":[]}","```json
{
  ""conclusion"": ""numeric"",
  ""value"": 72,
  ""solutions"": [],
  ""reason"": ""April sales = 48. May sales = 48/2 = 24. Total = 48 + 24 = 72.""
}
```",200,"ok","M-month-0-control:deepseek:correct","92a55a0593d4bbd846d09fccf90a89c3f3126fafa1f3b5566229b60f9f14e3f1",519,60,0.01338,TRUE
"M-month-0-control:minimax:r0:C5","M-month-0-control","month","control","minimax","deepseek",0,"C5","M-month-0-control:minimax:0","correct",TRUE,"numeric","April = 48, May = 48/2 = 24. Total = 48 + 24 = 72. The other assistant's claim and reasoning are correct.",FALSE,"Natalia sold 48 hair clips in April. She sold half as many in May. How many did she sell in total in April and May?","{""conclusion"":""numeric"",""value"":72,""solutions"":[]}","```json
{""conclusion"":""numeric"",""value"":72,""solutions"":[],""reason"":""April = 48, May = 48/2 = 24. Total = 48 + 24 = 72. The other assistant's claim and reasoning are correct.""}
```",200,"ok","M-month-0-control:deepseek:correct","92a55a0593d4bbd846d09fccf90a89c3f3126fafa1f3b5566229b60f9f14e3f1",575,58,0.0144,TRUE
"M-triangle-0-control:deepseek:r0:baseline","M-triangle-0-control","triangle","control","deepseek","kimi",0,"baseline","M-triangle-0-control:deepseek:0","incorrect",TRUE,"inconsistent","An equilateral triangle with perimeter 30 cm has side length 10 cm, so its height is 10√3/2 = 5√3 cm. The given height is 10√3/2, which equals 5√3, so the conditions are actually consistent. Its area is (1/2)(10)(5√3) = 25√3 cm².",FALSE,"An equilateral triangle has perimeter 30 cm and height 10*sqrt(3)/2 cm. What is its area? If these conditions cannot hold simultaneously, say so.","{""conclusion"":""numeric"",""value"":43.3012701892219,""solutions"":[]}","{
  ""conclusion"": ""inconsistent"",
  ""value"": null,
  ""solutions"": [],
  ""reason"": ""An equilateral triangle with perimeter 30 cm has side length 10 cm, so its height is 10√3/2 = 5√3 cm. The given height is 10√3/2, which equals 5√3, so the conditions are actually consistent. Its area is (1/2)(10)(5√3) = 25√3 cm².""
}",200,"ok","","",201,108,0.00942,TRUE
"M-triangle-0-control:deepseek:r0:C0","M-triangle-0-control","triangle","control","deepseek","kimi",0,"C0","M-triangle-0-control:deepseek:0","correct",TRUE,"numeric","An equilateral triangle with perimeter 30 cm has side length 10 cm. Its height is 10√3/2 = 5√3 cm, matching the given height. The area is (1/2)(10)(5√3) = 25√3 ≈ 43.3013 cm².",FALSE,"An equilateral triangle has perimeter 30 cm and height 10*sqrt(3)/2 cm. What is its area? If these conditions cannot hold simultaneously, say so.","{""conclusion"":""numeric"",""value"":43.3012701892219,""solutions"":[]}","{
  ""conclusion"": ""numeric"",
  ""value"": 43.3013,
  ""solutions"": [],
  ""reason"": ""An equilateral triangle with perimeter 30 cm has side length 10 cm. Its height is 10√3/2 = 5√3 cm, matching the given height. The area is (1/2)(10)(5√3) = 25√3 ≈ 43.3013 cm².""
}",200,"ok","","",339,96,0.01158,TRUE
"M-triangle-0-control:deepseek:r0:C1","M-triangle-0-control","triangle","control","deepseek","kimi",0,"C1","M-triangle-0-control:deepseek:0","correct",TRUE,"numeric","Perimeter 30 cm gives side length 10 cm. Height of an equilateral triangle with side 10 is 10√3/2 = 5√3 cm, which matches the given height. Area = (1/2)(10)(5√3) = 25√3 ≈ 43.3013 cm².",FALSE,"An equilateral triangle has perimeter 30 cm and height 10*sqrt(3)/2 cm. What is its area? If these conditions cannot hold simultaneously, say so.","{""conclusion"":""numeric"",""value"":43.3012701892219,""solutions"":[]}","{
  ""conclusion"": ""numeric"",
  ""value"": 43.3013,
  ""solutions"": [],
  ""reason"": ""Perimeter 30 cm gives side length 10 cm. Height of an equilateral triangle with side 10 is 10√3/2 = 5√3 cm, which matches the given height. Area = (1/2)(10)(5√3) = 25√3 ≈ 43.3013 cm².""
}",200,"ok","M-triangle-0-control:kimi:wrong","d7b85a78efdacd3ff2cc6169c977dd78cd0daa8c704d027b8ef4b056a9ca5f61",361,99,0.01217,TRUE
"M-triangle-0-control:deepseek:r0:C2","M-triangle-0-control","triangle","control","deepseek","kimi",0,"C2","M-triangle-0-control:deepseek:0","incorrect",TRUE,"inconsistent","An equilateral triangle with side length 10 cm has height 5√3 cm, not 10 cm. The given height 10√3/2 equals 5√3 cm, so the conditions are consistent. The area is (1/2)(10)(5√3) = 25√3 ≈ 43.301 cm².",FALSE,"An equilateral triangle has perimeter 30 cm and height 10*sqrt(3)/2 cm. What is its area? If these conditions cannot hold simultaneously, say so.","{""conclusion"":""numeric"",""value"":43.3012701892219,""solutions"":[]}","{
  ""conclusion"": ""inconsistent"",
  ""value"": null,
  ""solutions"": [],
  ""reason"": ""An equilateral triangle with side length 10 cm has height 5√3 cm, not 10 cm. The given height 10√3/2 equals 5√3 cm, so the conditions are consistent. The area is (1/2)(10)(5√3) = 25√3 ≈ 43.301 cm².""
}",200,"ok","M-triangle-0-control:kimi:wrong","d7b85a78efdacd3ff2cc6169c977dd78cd0daa8c704d027b8ef4b056a9ca5f61",441,100,0.01382,TRUE
"M-triangle-0-control:deepseek:r0:C3","M-triangle-0-control","triangle","control","deepseek","kimi",0,"C3","M-triangle-0-control:deepseek:0","correct",TRUE,"numeric","The side length is 10 cm. The given height 10√3/2 equals 5√3 ≈ 8.6603 cm, not 10 cm. The other assistant incorrectly simplified √3 as 2. The conditions are consistent, and the area is (1/2)(10)(5√3) = 25√3 ≈ 43.3013 cm².",FALSE,"An equilateral triangle has perimeter 30 cm and height 10*sqrt(3)/2 cm. What is its area? If these conditions cannot hold simultaneously, say so.","{""conclusion"":""numeric"",""value"":43.3012701892219,""solutions"":[]}","{
  ""conclusion"": ""numeric"",
  ""value"": 43.3013,
  ""solutions"": [],
  ""reason"": ""The side length is 10 cm. The given height 10√3/2 equals 5√3 ≈ 8.6603 cm, not 10 cm. The other assistant incorrectly simplified √3 as 2. The conditions are consistent, and the area is (1/2)(10)(5√3) = 25√3 ≈ 43.3013 cm².""
}",200,"ok","M-triangle-0-control:kimi:wrong","d7b85a78efdacd3ff2cc6169c977dd78cd0daa8c704d027b8ef4b056a9ca5f61",499,111,0.01553,TRUE
"M-triangle-0-control:deepseek:r0:C4","M-triangle-0-control","triangle","control","deepseek","kimi",0,"C4","M-triangle-0-control:deepseek:0","correct",TRUE,"numeric","An equilateral triangle with perimeter 30 cm has side length 10 cm. Its height is 10√3/2 = 5√3 cm, matching the given height. Therefore the conditions are consistent, and the area is (1/2)(10)(5√3) = 25√3 ≈ 43.3013 cm².",FALSE,"An equilateral triangle has perimeter 30 cm and height 10*sqrt(3)/2 cm. What is its area? If these conditions cannot hold simultaneously, say so.","{""conclusion"":""numeric"",""value"":43.3012701892219,""solutions"":[]}","{
  ""conclusion"": ""numeric"",
  ""value"": 43.3013,
  ""solutions"": [],
  ""reason"": ""An equilateral triangle with perimeter 30 cm has side length 10 cm. Its height is 10√3/2 = 5√3 cm, matching the given height. Therefore the conditions are consistent, and the area is (1/2)(10)(5√3) = 25√3 ≈ 43.3013 cm².""
}",200,"ok","M-triangle-0-control:kimi:correct","fd8d51d8bdadba62f6cd88e20c5d2c21334ed6274d6c86f9c74c8ceae1d51a56",483,103,0.01481,TRUE
"M-triangle-0-control:deepseek:r0:C5","M-triangle-0-control","triangle","control","deepseek","kimi",0,"C5","M-triangle-0-control:deepseek:0","correct",TRUE,"numeric","The perimeter 30 cm gives side length 10 cm. The height of an equilateral triangle with side 10 cm is 10√3/2 = 5√3 cm, matching the given height. Area = (√3/4)(10²) = 25√3 ≈ 43.3013 cm².",FALSE,"An equilateral triangle has perimeter 30 cm and height 10*sqrt(3)/2 cm. What is its area? If these conditions cannot hold simultaneously, say so.","{""conclusion"":""numeric"",""value"":43.3012701892219,""solutions"":[]}","{
  ""conclusion"": ""numeric"",
  ""value"": 43.3012701892219,
  ""solutions"": [],
  ""reason"": ""The perimeter 30 cm gives side length 10 cm. The height of an equilateral triangle with side 10 cm is 10√3/2 = 5√3 cm, matching the given height. Area = (√3/4)(10²) = 25√3 ≈ 43.3013 cm².""
}",200,"ok","M-triangle-0-control:kimi:correct","fd8d51d8bdadba62f6cd88e20c5d2c21334ed6274d6c86f9c74c8ceae1d51a56",541,102,0.01592,TRUE
"M-triangle-0-control:kimi:r0:baseline","M-triangle-0-control","triangle","control","kimi","minimax",0,"baseline","M-triangle-0-control:kimi:0","incorrect",TRUE,"inconsistent","Perimeter 30 cm gives side 10 cm. Height of equilateral triangle with side 10 cm is 10*sqrt(3)/2 = 5*sqrt(3) ≈ 8.66 cm, not 10*sqrt(3)/2 = 5*sqrt(3) cm... wait, let me recheck: 10*sqrt(3)/2 = 5*sqrt(3). This matches! Area = (1/2)*10*5*sqrt(3) = 25*sqrt(3) ≈ 43.30 cm².",FALSE,"An equilateral triangle has perimeter 30 cm and height 10*sqrt(3)/2 cm. What is its area? If these conditions cannot hold simultaneously, say so.","{""conclusion"":""numeric"",""value"":43.3012701892219,""solutions"":[]}","```json
{
  ""conclusion"": ""inconsistent"",
  ""value"": null,
  ""solutions"": [],
  ""reason"": ""Perimeter 30 cm gives side 10 cm. Height of equilateral triangle with side 10 cm is 10*sqrt(3)/2 = 5*sqrt(3) ≈ 8.66 cm, not 10*sqrt(3)/2 = 5*sqrt(3) cm... wait, let me recheck: 10*sqrt(3)/2 = 5*sqrt(3). This matches! Area = (1/2)*10*5*sqrt(3) = 25*sqrt(3) ≈ 43.30 cm².""
}
```",200,"ok","","",205,158,0.012,TRUE
"M-triangle-0-control:kimi:r0:C0","M-triangle-0-control","triangle","control","kimi","minimax",0,"C0","M-triangle-0-control:kimi:0","incorrect",TRUE,"numeric","Perimeter 30 cm gives side 10 cm. Height formula: h = a*sqrt(3)/2 = 10*sqrt(3)/2 = 5*sqrt(3) cm. The given height 10*sqrt(3)/2 = 5*sqrt(3) cm matches. Area = (1/2)*base*height = (1/2)*10*5*sqrt(3) = 25*sqrt(3) ≈ 43.30 cm². Wait - re-reading: value should be 25*sqrt(3)? No, need decimal. 25*1.732... = 43.30. But let me recheck: is the question asking for exact or can I verify? Actually 25*sqrt(3) ≈ 43.301. However, re-examining: the height given is 10*sqrt(3)/2 = 5*sqrt(3). For side 10, this is correct. Area = 25*sqrt(3) ≈ 43.30.",FALSE,"An equilateral triangle has perimeter 30 cm and height 10*sqrt(3)/2 cm. What is its area? If these conditions cannot hold simultaneously, say so.","{""conclusion"":""numeric"",""value"":43.3012701892219,""solutions"":[]}","```json
{
  ""conclusion"": ""numeric"",
  ""value"": 25,
  ""solutions"": [],
  ""reason"": ""Perimeter 30 cm gives side 10 cm. Height formula: h = a*sqrt(3)/2 = 10*sqrt(3)/2 = 5*sqrt(3) cm. The given height 10*sqrt(3)/2 = 5*sqrt(3) cm matches. Area = (1/2)*base*height = (1/2)*10*5*sqrt(3) = 25*sqrt(3) ≈ 43.30 cm². Wait - re-reading: value should be 25*sqrt(3)? No, need decimal. 25*1.732... = 43.30. But let me recheck: is the question asking for exact or can I verify? Actually 25*sqrt(3) ≈ 43.301. However, re-examining: the height given is 10*sqrt(3)/2 = 5*sqrt(3). For side 10, this is correct. Area = 25*sqrt(3) ≈ 43.30.""
}
```",200,"ok","","",396,257,0.02077,TRUE
"M-triangle-0-control:kimi:r0:C1","M-triangle-0-control","triangle","control","kimi","minimax",0,"C1","M-triangle-0-control:kimi:0","correct",TRUE,"numeric","Perimeter 30 cm gives side 10 cm. Height formula h = a*sqrt(3)/2 = 10*sqrt(3)/2 = 5*sqrt(3) cm matches given height. Area = (1/2)*base*height = (1/2)*10*5*sqrt(3) = 25*sqrt(3) ≈ 43.30 cm². The other AI incorrectly computed (1/2)*10*10 = 50, using wrong height value.",FALSE,"An equilateral triangle has perimeter 30 cm and height 10*sqrt(3)/2 cm. What is its area? If these conditions cannot hold simultaneously, say so.","{""conclusion"":""numeric"",""value"":43.3012701892219,""solutions"":[]}","```json
{
  ""conclusion"": ""numeric"",
  ""value"": 43.3,
  ""solutions"": [],
  ""reason"": ""Perimeter 30 cm gives side 10 cm. Height formula h = a*sqrt(3)/2 = 10*sqrt(3)/2 = 5*sqrt(3) cm matches given height. Area = (1/2)*base*height = (1/2)*10*5*sqrt(3) = 25*sqrt(3) ≈ 43.30 cm². The other AI incorrectly computed (1/2)*10*10 = 50, using wrong height value.""
}
```",200,"ok","M-triangle-0-control:minimax:wrong","804585cd052dc4c6f0052a8625105cec5e8d2ca83ca807e8b5d79c7600984c63",418,144,0.01556,TRUE
"M-triangle-0-control:kimi:r0:C2","M-triangle-0-control","triangle","control","kimi","minimax",0,"C2","M-triangle-0-control:kimi:0","correct",TRUE,"numeric","The other AI incorrectly approximated √3≈2. For side 10 cm, exact height is 5√3=10√3/2 cm, matching the given height. Area = ½×10×5√3 = 25√3 ≈ 43.30 cm². The conditions are consistent; the height formula is (side)×√3/2, so 10×√3/2 = 5√3 cm.",FALSE,"An equilateral triangle has perimeter 30 cm and height 10*sqrt(3)/2 cm. What is its area? If these conditions cannot hold simultaneously, say so.","{""conclusion"":""numeric"",""value"":43.3012701892219,""solutions"":[]}","```json
{
  ""conclusion"": ""numeric"",
  ""value"": 43.3,
  ""solutions"": [],
  ""reason"": ""The other AI incorrectly approximated √3≈2. For side 10 cm, exact height is 5√3=10√3/2 cm, matching the given height. Area = ½×10×5√3 = 25√3 ≈ 43.30 cm². The conditions are consistent; the height formula is (side)×√3/2, so 10×√3/2 = 5√3 cm.""
}
```",200,"ok","M-triangle-0-control:minimax:wrong","804585cd052dc4c6f0052a8625105cec5e8d2ca83ca807e8b5d79c7600984c63",499,131,0.01653,TRUE
"M-triangle-0-control:kimi:r0:C3","M-triangle-0-control","triangle","control","kimi","minimax",0,"C3","M-triangle-0-control:kimi:0","correct",TRUE,"numeric","The other assistant's key claim that √3 ≈ 2 is false; √3 ≈ 1.732. The given height 10√3/2 = 5√3 ≈ 8.66 cm is exactly correct for an equilateral triangle with side 10 cm (verified: height = a√3/2 = 10√3/2). The conditions ARE consistent. Area = (1/2)×10×5√3 = 25√3 ≈ 43.30 cm².",FALSE,"An equilateral triangle has perimeter 30 cm and height 10*sqrt(3)/2 cm. What is its area? If these conditions cannot hold simultaneously, say so.","{""conclusion"":""numeric"",""value"":43.3012701892219,""solutions"":[]}","```json
{
  ""conclusion"": ""numeric"",
  ""value"": 43.3,
  ""solutions"": [],
  ""reason"": ""The other assistant's key claim that √3 ≈ 2 is false; √3 ≈ 1.732. The given height 10√3/2 = 5√3 ≈ 8.66 cm is exactly correct for an equilateral triangle with side 10 cm (verified: height = a√3/2 = 10√3/2). The conditions ARE consistent. Area = (1/2)×10×5√3 = 25√3 ≈ 43.30 cm².""
}
```",200,"ok","M-triangle-0-control:minimax:wrong","804585cd052dc4c6f0052a8625105cec5e8d2ca83ca807e8b5d79c7600984c63",557,145,0.01839,TRUE
"M-triangle-0-control:kimi:r0:C4","M-triangle-0-control","triangle","control","kimi","minimax",0,"C4","M-triangle-0-control:kimi:0","correct",TRUE,"numeric","Perimeter 30 cm gives side 10 cm. Height of equilateral triangle: h = (sqrt(3)/2)*10 = 10*sqrt(3)/2 cm, matching given height exactly. Area = (1/2)*10*(10*sqrt(3)/2) = 25*sqrt(3) ≈ 43.3013 cm². Conditions are consistent.",FALSE,"An equilateral triangle has perimeter 30 cm and height 10*sqrt(3)/2 cm. What is its area? If these conditions cannot hold simultaneously, say so.","{""conclusion"":""numeric"",""value"":43.3012701892219,""solutions"":[]}","```json
{
  ""conclusion"": ""numeric"",
  ""value"": 43.3012701892219,
  ""solutions"": [],
  ""reason"": ""Perimeter 30 cm gives side 10 cm. Height of equilateral triangle: h = (sqrt(3)/2)*10 = 10*sqrt(3)/2 cm, matching given height exactly. Area = (1/2)*10*(10*sqrt(3)/2) = 25*sqrt(3) ≈ 43.3013 cm². Conditions are consistent.""
}
```",200,"ok","M-triangle-0-control:minimax:correct","0bd55e382277415e8c7c8cc878ba58f4d6168f91a2ee297f2d41f5c418a36118",534,123,0.01683,TRUE
"M-triangle-0-control:kimi:r0:C5","M-triangle-0-control","triangle","control","kimi","minimax",0,"C5","M-triangle-0-control:kimi:0","correct",TRUE,"numeric","Verified: Perimeter 30 cm → side = 10 cm. For equilateral triangle, height = (side)*√3/2 = 10√3/2 = 5√3 cm. The given height 10*sqrt(3)/2 = 5√3 cm matches exactly. Area = (1/2)(10)(5√3) = 25√3 ≈ 43.3013 cm². My initial answer was confused; the conditions are consistent.",FALSE,"An equilateral triangle has perimeter 30 cm and height 10*sqrt(3)/2 cm. What is its area? If these conditions cannot hold simultaneously, say so.","{""conclusion"":""numeric"",""value"":43.3012701892219,""solutions"":[]}","```json
{
  ""conclusion"": ""numeric"",
  ""value"": 43.3012701892219,
  ""solutions"": [],
  ""reason"": ""Verified: Perimeter 30 cm → side = 10 cm. For equilateral triangle, height = (side)*√3/2 = 10√3/2 = 5√3 cm. The given height 10*sqrt(3)/2 = 5√3 cm matches exactly. Area = (1/2)(10)(5√3) = 25√3 ≈ 43.3013 cm². My initial answer was confused; the conditions are consistent.""
}
```",200,"ok","M-triangle-0-control:minimax:correct","0bd55e382277415e8c7c8cc878ba58f4d6168f91a2ee297f2d41f5c418a36118",592,142,0.01894,TRUE
"M-triangle-0-control:minimax:r0:baseline","M-triangle-0-control","triangle","control","minimax","deepseek",0,"baseline","M-triangle-0-control:minimax:0","incorrect",TRUE,"numeric","Side = 10, height = 10*sqrt(3)/2 ≈ 8.66. Given height 10*sqrt(3)/2 ≈ 8.66, not sqrt(3)/2 times 10. Area = ½·10·8.66 ≈ 43.3. But the stated height contradicts the true height 5sqrt(3)≈8.66. Area = 25sqrt(3) ≈ 43.30.",FALSE,"An equilateral triangle has perimeter 30 cm and height 10*sqrt(3)/2 cm. What is its area? If these conditions cannot hold simultaneously, say so.","{""conclusion"":""numeric"",""value"":43.3012701892219,""solutions"":[]}","{""conclusion"": ""numeric"", ""value"": 25.0, ""solutions"": [], ""reason"": ""Side = 10, height = 10*sqrt(3)/2 ≈ 8.66. Given height 10*sqrt(3)/2 ≈ 8.66, not sqrt(3)/2 times 10. Area = ½·10·8.66 ≈ 43.3. But the stated height contradicts the true height 5sqrt(3)≈8.66. Area = 25sqrt(3) ≈ 43.30.""}",200,"ok","","",350,120,0.013,TRUE
"M-triangle-0-control:minimax:r0:C0","M-triangle-0-control","triangle","control","minimax","deepseek",0,"C0","M-triangle-0-control:minimax:0","correct",TRUE,"numeric","Perimeter 30 ⇒ side = 10. Area = (√3/4)(10²) = 25√3 ≈ 43.3013. The given height 10√3/2 ≈ 8.66 differs from the true height 5√3 ≈ 8.66; numerically equivalent but the area from the stated dimensions is ½·10·(10√3/2) = 25√3.",FALSE,"An equilateral triangle has perimeter 30 cm and height 10*sqrt(3)/2 cm. What is its area? If these conditions cannot hold simultaneously, say so.","{""conclusion"":""numeric"",""value"":43.3012701892219,""solutions"":[]}","{""conclusion"": ""numeric"", ""value"": 43.3013, ""solutions"": [], ""reason"": ""Perimeter 30 ⇒ side = 10. Area = (√3/4)(10²) = 25√3 ≈ 43.3013. The given height 10√3/2 ≈ 8.66 differs from the true height 5√3 ≈ 8.66; numerically equivalent but the area from the stated dimensions is ½·10·(10√3/2) = 25√3.""}",200,"ok","","",506,116,0.01592,TRUE
"M-triangle-0-control:minimax:r0:C1","M-triangle-0-control","triangle","control","minimax","deepseek",0,"C1","M-triangle-0-control:minimax:0","correct",TRUE,"numeric","Side = 30/3 = 10. Area of equilateral triangle = (sqrt(3)/4)·side² = (sqrt(3)/4)·100 = 25sqrt(3) ≈ 43.3013. The given height 10*sqrt(3)/2 = 5sqrt(3) ≈ 8.6603 matches the true height, so conditions hold.",FALSE,"An equilateral triangle has perimeter 30 cm and height 10*sqrt(3)/2 cm. What is its area? If these conditions cannot hold simultaneously, say so.","{""conclusion"":""numeric"",""value"":43.3012701892219,""solutions"":[]}","{""conclusion"": ""numeric"", ""value"": 43.3013, ""solutions"": [], ""reason"": ""Side = 30/3 = 10. Area of equilateral triangle = (sqrt(3)/4)·side² = (sqrt(3)/4)·100 = 25sqrt(3) ≈ 43.3013. The given height 10*sqrt(3)/2 = 5sqrt(3) ≈ 8.6603 matches the true height, so conditions hold.""}",200,"ok","M-triangle-0-control:deepseek:wrong","33c37c1f20c6530872f4a0e1d16227ff6b00d65a1e39dd1b13716cb76e307fae",528,109,0.01601,TRUE
"M-triangle-0-control:minimax:r0:C2","M-triangle-0-control","triangle","control","minimax","deepseek",0,"C2","M-triangle-0-control:minimax:0","incorrect",TRUE,"inconsistent","Side = 10 cm. For an equilateral triangle, height = (sqrt(3)/2)·10 = 5√3 ≈ 8.660 cm. The given height 10√3/2 = 5√3 ≈ 8.660 cm matches. Area = ½·10·5√3 = 25√3 ≈ 43.30 cm². The conditions hold; area ≈ 43.30.",FALSE,"An equilateral triangle has perimeter 30 cm and height 10*sqrt(3)/2 cm. What is its area? If these conditions cannot hold simultaneously, say so.","{""conclusion"":""numeric"",""value"":43.3012701892219,""solutions"":[]}","{""conclusion"": ""inconsistent"", ""value"": null, ""solutions"": [], ""reason"": ""Side = 10 cm. For an equilateral triangle, height = (sqrt(3)/2)·10 = 5√3 ≈ 8.660 cm. The given height 10√3/2 = 5√3 ≈ 8.660 cm matches. Area = ½·10·5√3 = 25√3 ≈ 43.30 cm². The conditions hold; area ≈ 43.30.""}",200,"ok","M-triangle-0-control:deepseek:wrong","33c37c1f20c6530872f4a0e1d16227ff6b00d65a1e39dd1b13716cb76e307fae",608,114,0.01786,TRUE
"M-triangle-0-control:minimax:r0:C3","M-triangle-0-control","triangle","control","minimax","deepseek",0,"C3","M-triangle-0-control:minimax:0","incorrect",TRUE,"inconsistent","Side = 10, so height should be 5√3 ≈ 8.66 cm. Given height 10√3/2 ≈ 8.66, which matches. Wait: 10√3/2 = 5√3 ≈ 8.66. The other assistant incorrectly replaced √3 with 2. Conditions are consistent; area = ½·10·5√3 = 25√3 ≈ 43.30.",FALSE,"An equilateral triangle has perimeter 30 cm and height 10*sqrt(3)/2 cm. What is its area? If these conditions cannot hold simultaneously, say so.","{""conclusion"":""numeric"",""value"":43.3012701892219,""solutions"":[]}","{""conclusion"": ""inconsistent"", ""value"": null, ""solutions"": [], ""reason"": ""Side = 10, so height should be 5√3 ≈ 8.66 cm. Given height 10√3/2 ≈ 8.66, which matches. Wait: 10√3/2 = 5√3 ≈ 8.66. The other assistant incorrectly replaced √3 with 2. Conditions are consistent; area = ½·10·5√3 = 25√3 ≈ 43.30.""}",200,"ok","M-triangle-0-control:deepseek:wrong","33c37c1f20c6530872f4a0e1d16227ff6b00d65a1e39dd1b13716cb76e307fae",664,115,0.01903,TRUE
"M-triangle-0-control:minimax:r0:C4","M-triangle-0-control","triangle","control","minimax","deepseek",0,"C4","M-triangle-0-control:minimax:0","correct",TRUE,"numeric","Side = 10 cm. The stated height 10*sqrt(3)/2 = 5*sqrt(3) cm matches the standard height of an equilateral triangle with side 10 (h = 10*sqrt(3)/2). Area = (10²·sqrt(3))/4 = 25*sqrt(3) ≈ 43.3013 cm².",FALSE,"An equilateral triangle has perimeter 30 cm and height 10*sqrt(3)/2 cm. What is its area? If these conditions cannot hold simultaneously, say so.","{""conclusion"":""numeric"",""value"":43.3012701892219,""solutions"":[]}","{""conclusion"": ""numeric"", ""value"": 43.3013, ""solutions"": [], ""reason"": ""Side = 10 cm. The stated height 10*sqrt(3)/2 = 5*sqrt(3) cm matches the standard height of an equilateral triangle with side 10 (h = 10*sqrt(3)/2). Area = (10²·sqrt(3))/4 = 25*sqrt(3) ≈ 43.3013 cm².""}",200,"ok","M-triangle-0-control:deepseek:correct","518d2a7d73226b5680e2540d0d72c04e5fe4479495ad347ed373959802bfca49",622,105,0.01769,TRUE
"M-triangle-0-control:minimax:r0:C5","M-triangle-0-control","triangle","control","minimax","deepseek",0,"C5","M-triangle-0-control:minimax:0","correct",TRUE,"numeric","Side = 30/3 = 10 cm. Standard equilateral height = 10·√3/2 cm, matching the given height. Area = (√3/4)·10² = 25√3 ≈ 43.3013. My prior 25 was the product ½·base·height using 10·5, an error. The other assistant's answer is correct.",FALSE,"An equilateral triangle has perimeter 30 cm and height 10*sqrt(3)/2 cm. What is its area? If these conditions cannot hold simultaneously, say so.","{""conclusion"":""numeric"",""value"":43.3012701892219,""solutions"":[]}","{""conclusion"": ""numeric"", ""value"": 43.3013, ""solutions"": [], ""reason"": ""Side = 30/3 = 10 cm. Standard equilateral height = 10·√3/2 cm, matching the given height. Area = (√3/4)·10² = 25√3 ≈ 43.3013. My prior 25 was the product ½·base·height using 10·5, an error. The other assistant's answer is correct.""}",200,"ok","M-triangle-0-control:deepseek:correct","518d2a7d73226b5680e2540d0d72c04e5fe4479495ad347ed373959802bfca49",678,109,0.01901,TRUE
"M-triangle-0-trap:deepseek:r0:baseline","M-triangle-0-trap","triangle","trap","deepseek","kimi",0,"baseline","M-triangle-0-trap:deepseek:0","correct",TRUE,"inconsistent","If the perimeter is 30 cm, each side is 10 cm. The height of an equilateral triangle with side 10 cm is (√3/2)×10 = 5√3 ≈ 8.66 cm, not 10 cm. Therefore, the given perimeter and height cannot both hold for an equilateral triangle.",FALSE,"An equilateral triangle has perimeter 30 cm and height 10 cm. What is its area? If these conditions cannot hold simultaneously, say so.","{""conclusion"":""inconsistent"",""value"":null,""solutions"":[]}","{
  ""conclusion"": ""inconsistent"",
  ""value"": null,
  ""solutions"": [],
  ""reason"": ""If the perimeter is 30 cm, each side is 10 cm. The height of an equilateral triangle with side 10 cm is (√3/2)×10 = 5√3 ≈ 8.66 cm, not 10 cm. Therefore, the given perimeter and height cannot both hold for an equilateral triangle.""
}",200,"ok","","",196,96,0.00872,TRUE
"M-triangle-0-trap:deepseek:r0:C0","M-triangle-0-trap","triangle","trap","deepseek","kimi",0,"C0","M-triangle-0-trap:deepseek:0","correct",TRUE,"inconsistent","An equilateral triangle with perimeter 30 cm has side length 10 cm. Its height is (√3/2)×10 = 5√3 ≈ 8.66 cm, not 10 cm. Therefore, the stated conditions cannot hold simultaneously.",FALSE,"An equilateral triangle has perimeter 30 cm and height 10 cm. What is its area? If these conditions cannot hold simultaneously, say so.","{""conclusion"":""inconsistent"",""value"":null,""solutions"":[]}","{
  ""conclusion"": ""inconsistent"",
  ""value"": null,
  ""solutions"": [],
  ""reason"": ""An equilateral triangle with perimeter 30 cm has side length 10 cm. Its height is (√3/2)×10 = 5√3 ≈ 8.66 cm, not 10 cm. Therefore, the stated conditions cannot hold simultaneously.""
}",200,"ok","","",322,80,0.01044,TRUE
"M-triangle-0-trap:deepseek:r0:C1","M-triangle-0-trap","triangle","trap","deepseek","kimi",0,"C1","M-triangle-0-trap:deepseek:0","correct",TRUE,"inconsistent","An equilateral triangle with perimeter 30 cm has side length 10 cm. Its height would be 5√3 ≈ 8.66 cm, not 10 cm. Since the stated height contradicts the perimeter, the conditions cannot hold simultaneously, so no valid area can be computed.",FALSE,"An equilateral triangle has perimeter 30 cm and height 10 cm. What is its area? If these conditions cannot hold simultaneously, say so.","{""conclusion"":""inconsistent"",""value"":null,""solutions"":[]}","{
  ""conclusion"": ""inconsistent"",
  ""value"": null,
  ""solutions"": [],
  ""reason"": ""An equilateral triangle with perimeter 30 cm has side length 10 cm. Its height would be 5√3 ≈ 8.66 cm, not 10 cm. Since the stated height contradicts the perimeter, the conditions cannot hold simultaneously, so no valid area can be computed.""
}",200,"ok","M-triangle-0-trap:kimi:wrong","3ef9a585ebe1389801b29aa40d5384839be8d5c378a6edae5e07d2f9d2f114a6",344,86,0.01118,TRUE
"M-triangle-0-trap:deepseek:r0:C2","M-triangle-0-trap","triangle","trap","deepseek","kimi",0,"C2","M-triangle-0-trap:deepseek:0","correct",TRUE,"inconsistent","An equilateral triangle with perimeter 30 cm has side length 10 cm and therefore height 5√3 ≈ 8.66 cm, not 10 cm. Since the stated height contradicts the geometric properties of an equilateral triangle with that perimeter, the conditions cannot hold simultaneously.",FALSE,"An equilateral triangle has perimeter 30 cm and height 10 cm. What is its area? If these conditions cannot hold simultaneously, say so.","{""conclusion"":""inconsistent"",""value"":null,""solutions"":[]}","{
  ""conclusion"": ""inconsistent"",
  ""value"": null,
  ""solutions"": [],
  ""reason"": ""An equilateral triangle with perimeter 30 cm has side length 10 cm and therefore height 5√3 ≈ 8.66 cm, not 10 cm. Since the stated height contradicts the geometric properties of an equilateral triangle with that perimeter, the conditions cannot hold simultaneously.""
}",200,"ok","M-triangle-0-trap:kimi:wrong","3ef9a585ebe1389801b29aa40d5384839be8d5c378a6edae5e07d2f9d2f114a6",417,85,0.01259,TRUE
"M-triangle-0-trap:deepseek:r0:C3","M-triangle-0-trap","triangle","trap","deepseek","kimi",0,"C3","M-triangle-0-trap:deepseek:0","correct",TRUE,"inconsistent","The other assistant's calculation is arithmetically correct given its assumptions, but it ignores that an equilateral triangle with side 10 cm must have height 5√3 ≈ 8.66 cm, not 10 cm. Since the stated height contradicts the geometry of an equilateral triangle with perimeter 30 cm, the conditions cannot hold simultaneously.",FALSE,"An equilateral triangle has perimeter 30 cm and height 10 cm. What is its area? If these conditions cannot hold simultaneously, say so.","{""conclusion"":""inconsistent"",""value"":null,""solutions"":[]}","{
  ""conclusion"": ""inconsistent"",
  ""value"": null,
  ""solutions"": [],
  ""reason"": ""The other assistant's calculation is arithmetically correct given its assumptions, but it ignores that an equilateral triangle with side 10 cm must have height 5√3 ≈ 8.66 cm, not 10 cm. Since the stated height contradicts the geometry of an equilateral triangle with perimeter 30 cm, the conditions cannot hold simultaneously.""
}",200,"ok","M-triangle-0-trap:kimi:wrong","3ef9a585ebe1389801b29aa40d5384839be8d5c378a6edae5e07d2f9d2f114a6",475,98,0.0144,TRUE
"M-triangle-0-trap:deepseek:r0:C4","M-triangle-0-trap","triangle","trap","deepseek","kimi",0,"C4","M-triangle-0-trap:deepseek:0","correct",TRUE,"inconsistent","An equilateral triangle with perimeter 30 cm has side length 10 cm. Its height is fixed by geometry as (√3/2)×10 = 5√3 ≈ 8.66 cm, not 10 cm. The stated height contradicts this, so the conditions cannot hold simultaneously.",FALSE,"An equilateral triangle has perimeter 30 cm and height 10 cm. What is its area? If these conditions cannot hold simultaneously, say so.","{""conclusion"":""inconsistent"",""value"":null,""solutions"":[]}","{
  ""conclusion"": ""inconsistent"",
  ""value"": null,
  ""solutions"": [],
  ""reason"": ""An equilateral triangle with perimeter 30 cm has side length 10 cm. Its height is fixed by geometry as (√3/2)×10 = 5√3 ≈ 8.66 cm, not 10 cm. The stated height contradicts this, so the conditions cannot hold simultaneously.""
}",200,"ok","M-triangle-0-trap:kimi:correct","c2268e70b93621175e8ec7bbd0e738bb44ed738f32ff12cecbced1454a5defb0",419,88,0.01278,TRUE
"M-triangle-0-trap:deepseek:r0:C5","M-triangle-0-trap","triangle","trap","deepseek","kimi",0,"C5","M-triangle-0-trap:deepseek:0","correct",TRUE,"inconsistent","An equilateral triangle with perimeter 30 cm has side length 10 cm. Its height is (√3/2)×10 ≈ 8.66 cm, not 10 cm. The given height contradicts the geometric requirement, so no such triangle exists.",FALSE,"An equilateral triangle has perimeter 30 cm and height 10 cm. What is its area? If these conditions cannot hold simultaneously, say so.","{""conclusion"":""inconsistent"",""value"":null,""solutions"":[]}","{
  ""conclusion"": ""inconsistent"",
  ""value"": null,
  ""solutions"": [],
  ""reason"": ""An equilateral triangle with perimeter 30 cm has side length 10 cm. Its height is (√3/2)×10 ≈ 8.66 cm, not 10 cm. The given height contradicts the geometric requirement, so no such triangle exists.""
}",200,"ok","M-triangle-0-trap:kimi:correct","c2268e70b93621175e8ec7bbd0e738bb44ed738f32ff12cecbced1454a5defb0",477,80,0.01354,TRUE
"M-triangle-0-trap:kimi:r0:baseline","M-triangle-0-trap","triangle","trap","kimi","minimax",0,"baseline","M-triangle-0-trap:kimi:0","correct",TRUE,"inconsistent","For perimeter 30 cm, each side is 10 cm. The height of an equilateral triangle with side 10 cm is 5√3 ≈ 8.66 cm, not 10 cm. These conditions contradict each other.",FALSE,"An equilateral triangle has perimeter 30 cm and height 10 cm. What is its area? If these conditions cannot hold simultaneously, say so.","{""conclusion"":""inconsistent"",""value"":null,""solutions"":[]}","```json
{
  ""conclusion"": ""inconsistent"",
  ""value"": null,
  ""solutions"": [],
  ""reason"": ""For perimeter 30 cm, each side is 10 cm. The height of an equilateral triangle with side 10 cm is 5√3 ≈ 8.66 cm, not 10 cm. These conditions contradict each other.""
}
```",200,"ok","","",199,84,0.00818,TRUE
"M-triangle-0-trap:kimi:r0:C0","M-triangle-0-trap","triangle","trap","kimi","minimax",0,"C0","M-triangle-0-trap:kimi:0","correct",TRUE,"inconsistent","Perimeter 30 cm gives side length 10 cm. For an equilateral triangle with side 10 cm, height must be 5√3 ≈ 8.660 cm, not 10 cm. The stated conditions are geometrically impossible.",FALSE,"An equilateral triangle has perimeter 30 cm and height 10 cm. What is its area? If these conditions cannot hold simultaneously, say so.","{""conclusion"":""inconsistent"",""value"":null,""solutions"":[]}","```json
{
  ""conclusion"": ""inconsistent"",
  ""value"": null,
  ""solutions"": [],
  ""reason"": ""Perimeter 30 cm gives side length 10 cm. For an equilateral triangle with side 10 cm, height must be 5√3 ≈ 8.660 cm, not 10 cm. The stated conditions are geometrically impossible.""
}
```",200,"ok","","",316,86,0.01062,TRUE
"M-triangle-0-trap:kimi:r0:C1","M-triangle-0-trap","triangle","trap","kimi","minimax",0,"C1","M-triangle-0-trap:kimi:0","correct",TRUE,"inconsistent","For perimeter 30 cm, each side is 10 cm. The height of an equilateral triangle with side 10 cm is 5√3 ≈ 8.66 cm, not 10 cm. These conditions contradict each other.",FALSE,"An equilateral triangle has perimeter 30 cm and height 10 cm. What is its area? If these conditions cannot hold simultaneously, say so.","{""conclusion"":""inconsistent"",""value"":null,""solutions"":[]}","```json
{
  ""conclusion"": ""inconsistent"",
  ""value"": null,
  ""solutions"": [],
  ""reason"": ""For perimeter 30 cm, each side is 10 cm. The height of an equilateral triangle with side 10 cm is 5√3 ≈ 8.66 cm, not 10 cm. These conditions contradict each other.""
}
```",200,"ok","M-triangle-0-trap:minimax:wrong","aeeb9ea66105f66dca332a07911d5e12dbc4fc94e00715ac1ceb58ce9ea22bd0",338,84,0.01096,TRUE
"M-triangle-0-trap:kimi:r0:C2","M-triangle-0-trap","triangle","trap","kimi","minimax",0,"C2","M-triangle-0-trap:kimi:0","correct",TRUE,"inconsistent","An equilateral triangle with side 10 cm has fixed height 5√3 ≈ 8.66 cm. The height cannot be 10 cm. The other AI ignored the geometric constraint that makes these conditions contradictory.",FALSE,"An equilateral triangle has perimeter 30 cm and height 10 cm. What is its area? If these conditions cannot hold simultaneously, say so.","{""conclusion"":""inconsistent"",""value"":null,""solutions"":[]}","```json
{
  ""conclusion"": ""inconsistent"",
  ""value"": null,
  ""solutions"": [],
  ""reason"": ""An equilateral triangle with side 10 cm has fixed height 5√3 ≈ 8.66 cm. The height cannot be 10 cm. The other AI ignored the geometric constraint that makes these conditions contradictory.""
}
```",200,"ok","M-triangle-0-trap:minimax:wrong","aeeb9ea66105f66dca332a07911d5e12dbc4fc94e00715ac1ceb58ce9ea22bd0",418,80,0.01236,TRUE
"M-triangle-0-trap:kimi:r0:C3","M-triangle-0-trap","triangle","trap","kimi","minimax",0,"C3","M-triangle-0-trap:kimi:0","correct",TRUE,"inconsistent","Verifiable: side = 10 cm from perimeter. Verifiable: height of equilateral triangle with side 10 must be 5√3 ≈ 8.66 cm (from Pythagorean theorem). The claim 'height is 10 cm' contradicts geometry. The other assistant used the given height uncritically, ignoring that both conditions cannot hold simultaneously for an equilateral triangle.",FALSE,"An equilateral triangle has perimeter 30 cm and height 10 cm. What is its area? If these conditions cannot hold simultaneously, say so.","{""conclusion"":""inconsistent"",""value"":null,""solutions"":[]}","```json
{
  ""conclusion"": ""inconsistent"",
  ""value"": null,
  ""solutions"": [],
  ""reason"": ""Verifiable: side = 10 cm from perimeter. Verifiable: height of equilateral triangle with side 10 must be 5√3 ≈ 8.66 cm (from Pythagorean theorem). The claim 'height is 10 cm' contradicts geometry. The other assistant used the given height uncritically, ignoring that both conditions cannot hold simultaneously for an equilateral triangle.""
}
```",200,"ok","M-triangle-0-trap:minimax:wrong","aeeb9ea66105f66dca332a07911d5e12dbc4fc94e00715ac1ceb58ce9ea22bd0",476,116,0.01532,TRUE
"M-triangle-0-trap:kimi:r0:C4","M-triangle-0-trap","triangle","trap","kimi","minimax",0,"C4","M-triangle-0-trap:kimi:0","correct",TRUE,"inconsistent","An equilateral triangle with perimeter 30 cm has side length 10 cm. Its exact height is 5√3 ≈ 8.660 cm. The stated height of 10 cm violates the required geometric relationship h = s√3/2, making the conditions contradictory.",FALSE,"An equilateral triangle has perimeter 30 cm and height 10 cm. What is its area? If these conditions cannot hold simultaneously, say so.","{""conclusion"":""inconsistent"",""value"":null,""solutions"":[]}","```json
{
  ""conclusion"": ""inconsistent"",
  ""value"": null,
  ""solutions"": [],
  ""reason"": ""An equilateral triangle with perimeter 30 cm has side length 10 cm. Its exact height is 5√3 ≈ 8.660 cm. The stated height of 10 cm violates the required geometric relationship h = s√3/2, making the conditions contradictory.""
}
```",200,"ok","M-triangle-0-trap:minimax:correct","13689cb876ed30b10c212138f6aaa546aec4b2bf777f208327cb40d94251d66e",403,92,0.01266,TRUE
"M-triangle-0-trap:kimi:r0:C5","M-triangle-0-trap","triangle","trap","kimi","minimax",0,"C5","M-triangle-0-trap:kimi:0","correct",FALSE,"inconsistent","For perimeter 30 cm, each side is 10 cm. The height of an equilateral triangle with side 10 cm is 5√3 ≈ 8.66 cm, not 10 cm. These conditions contradict each other.",FALSE,"An equilateral triangle has perimeter 30 cm and height 10 cm. What is its area? If these conditions cannot hold simultaneously, say so.","{""conclusion"":""inconsistent"",""value"":null,""solutions"":[]}","I need to verify the mathematical claims step by step.

**Verifiable facts:**
- Perimeter 30 cm ÷ 3 = side length 10 cm. ✓
- For an equilateral triangle with side *a*, height *h* = *a*√3/2 (derived from Pythagorean theorem: splitting the triangle gives two 30-60-90 triangles with hypotenuse *a*, base *a*/2, so *h*² = *a*² - (*a*/2)² = 3*a*²/4).

**Calculation:**
- With *a* = 10: *h* = 10√3/2 = 5√3 ≈ 8.66025... cm

**Checking the other assistant's claim:**
The other assistant claims height ≈ 8.66 cm, not 10 cm. This is correct. The conditions (perimeter 30 AND height 10) are indeed inconsistent for an equilateral triangle.

**Checking my original answer:**
My conclusion ""inconsistent"" was correct. My reasoning was correct. The other assistant's explanation fully supports the ""inconsistent"" conclusion and matches my mathematical reasoning.

I should keep my answer, with minor refinement to match the required format (the other assistant omitted ""reason"" and ""solutions"" fields, but my original had them correct).

```json
{
  ""conclusion"": ""inconsistent"",
  ""value"": null,
  ""solutions"": [],
  ""reason"": ""For perimeter 30 cm, each side is 10 cm. The height of an equilateral triangle with side 10 cm is 5√3 ≈ 8.66 cm, not 10 cm. These conditions contradict each other.""
}
```",200,"ok","M-triangle-0-trap:minimax:correct","13689cb876ed30b10c212138f6aaa546aec4b2bf777f208327cb40d94251d66e",461,366,0.02752,TRUE
"M-triangle-0-trap:minimax:r0:baseline","M-triangle-0-trap","triangle","trap","minimax","deepseek",0,"baseline","M-triangle-0-trap:minimax:0","correct",FALSE,"inconsistent","An equilateral triangle with perimeter 30 cm has side 10 cm, giving height 5√3 ≈ 8.660 cm, contradicting the stated height of 10 cm. The conditions are incompatible.",FALSE,"An equilateral triangle has perimeter 30 cm and height 10 cm. What is its area? If these conditions cannot hold simultaneously, say so.","{""conclusion"":""inconsistent"",""value"":null,""solutions"":[]}","An equilateral triangle with perimeter 30 cm has side length 10 cm. Its height would be 10·(√3/2) = 5√3 ≈ 8.660 cm, not 10 cm. So the given height contradicts the given perimeter; these cannot hold simultaneously.

```json
{""conclusion"": ""inconsistent"", ""value"": null, ""solutions"": [], ""reason"": ""An equilateral triangle with perimeter 30 cm has side 10 cm, giving height 5√3 ≈ 8.660 cm, contradicting the stated height of 10 cm. The conditions are incompatible.""}
```",200,"ok","","",344,129,0.01333,TRUE
"M-triangle-0-trap:minimax:r0:C0","M-triangle-0-trap","triangle","trap","minimax","deepseek",0,"C0","M-triangle-0-trap:minimax:0","correct",FALSE,"inconsistent","Perimeter 30 implies side 10, giving height 5√3 ≈ 8.660 cm, not 10 cm. The conditions cannot hold simultaneously.",FALSE,"An equilateral triangle has perimeter 30 cm and height 10 cm. What is its area? If these conditions cannot hold simultaneously, say so.","{""conclusion"":""inconsistent"",""value"":null,""solutions"":[]}","The equilateral triangle has perimeter 30 cm, so side length s = 10 cm. The height of an equilateral triangle is h = s√3/2 = 5√3 ≈ 8.660 cm. Since the given height (10 cm) ≠ 5√3, the two conditions are inconsistent.

```json
{""conclusion"": ""inconsistent"", ""value"": null, ""solutions"": [], ""reason"": ""Perimeter 30 implies side 10, giving height 5√3 ≈ 8.660 cm, not 10 cm. The conditions cannot hold simultaneously.""}
```",200,"ok","","",508,126,0.01646,TRUE
"M-triangle-0-trap:minimax:r0:C1","M-triangle-0-trap","triangle","trap","minimax","deepseek",0,"C1","M-triangle-0-trap:minimax:0","correct",FALSE,"inconsistent","An equilateral triangle with perimeter 30 cm has side 10 cm, yielding height 5√3 ≈ 8.660 cm, contradicting the given height of 10 cm. The conditions are incompatible.",FALSE,"An equilateral triangle has perimeter 30 cm and height 10 cm. What is its area? If these conditions cannot hold simultaneously, say so.","{""conclusion"":""inconsistent"",""value"":null,""solutions"":[]}","The other assistant's answer of 50 is incorrect. An equilateral triangle with perimeter 30 cm has side length 10 cm and height 5√3 ≈ 8.660 cm, which contradicts the stated height of 10 cm. These geometric conditions cannot hold simultaneously.

```json
{""conclusion"": ""inconsistent"", ""value"": null, ""solutions"": [], ""reason"": ""An equilateral triangle with perimeter 30 cm has side 10 cm, yielding height 5√3 ≈ 8.660 cm, contradicting the given height of 10 cm. The conditions are incompatible.""}
```",200,"ok","M-triangle-0-trap:deepseek:wrong","3291ba780ef5843caf61e52189e79e713856130b25c96f7f929abdffa5a84eb8",530,125,0.01685,TRUE
"M-triangle-0-trap:minimax:r0:C2","M-triangle-0-trap","triangle","trap","minimax","deepseek",0,"C2","M-triangle-0-trap:minimax:0","correct",FALSE,"inconsistent","For an equilateral triangle with side 10 cm (perimeter 30), the height must be 5√3 ≈ 8.660 cm, not 10 cm. The two given conditions cannot hold simultaneously.",FALSE,"An equilateral triangle has perimeter 30 cm and height 10 cm. What is its area? If these conditions cannot hold simultaneously, say so.","{""conclusion"":""inconsistent"",""value"":null,""solutions"":[]}","The other assistant treated the height as given (10 cm) and ignored that it must equal 5√3 ≈ 8.660 cm for an equilateral triangle with side 10 cm. The conditions are inconsistent.

```json
{""conclusion"": ""inconsistent"", ""value"": null, ""solutions"": [], ""reason"": ""For an equilateral triangle with side 10 cm (perimeter 30), the height must be 5√3 ≈ 8.660 cm, not 10 cm. The two given conditions cannot hold simultaneously.""}
```",200,"ok","M-triangle-0-trap:deepseek:wrong","3291ba780ef5843caf61e52189e79e713856130b25c96f7f929abdffa5a84eb8",611,115,0.01797,TRUE
"M-triangle-0-trap:minimax:r0:C3","M-triangle-0-trap","triangle","trap","minimax","deepseek",0,"C3","M-triangle-0-trap:minimax:0","correct",FALSE,"inconsistent","For an equilateral triangle, side = 30/3 = 10 cm forces height = 5√3 ≈ 8.660 cm, not 10 cm. The given conditions are incompatible.",FALSE,"An equilateral triangle has perimeter 30 cm and height 10 cm. What is its area? If these conditions cannot hold simultaneously, say so.","{""conclusion"":""inconsistent"",""value"":null,""solutions"":[]}","The other assistant's reasoning: side = 30/3 = 10, then area = (1/2)(10)(10) = 50. This correctly computes a triangle with base 10 and height 10, giving area 50. However, an equilateral triangle with side 10 cannot have height 10 (height would be 5√3 ≈ 8.660). The stated conditions are inconsistent for an equilateral triangle, so the question's conditions cannot simultaneously hold.

My original answer (inconsistent) is correct. The other assistant's answer of 50 ignores the contradiction.

```json
{""conclusion"": ""inconsistent"", ""value"": null, ""solutions"": [], ""reason"": ""For an equilateral triangle, side = 30/3 = 10 cm forces height = 5√3 ≈ 8.660 cm, not 10 cm. The given conditions are incompatible.""}
```",200,"ok","M-triangle-0-trap:deepseek:wrong","3291ba780ef5843caf61e52189e79e713856130b25c96f7f929abdffa5a84eb8",667,190,0.02284,TRUE
"M-triangle-0-trap:minimax:r0:C4","M-triangle-0-trap","triangle","trap","minimax","deepseek",0,"C4","M-triangle-0-trap:minimax:0","correct",FALSE,"inconsistent","An equilateral triangle with perimeter 30 cm has side 10 cm and height 5√3 ≈ 8.660 cm, contradicting the given height of 10 cm. The conditions cannot hold simultaneously.",FALSE,"An equilateral triangle has perimeter 30 cm and height 10 cm. What is its area? If these conditions cannot hold simultaneously, say so.","{""conclusion"":""inconsistent"",""value"":null,""solutions"":[]}","The original answer is correct. The conditions are geometrically inconsistent.

```json
{""conclusion"": ""inconsistent"", ""value"": null, ""solutions"": [], ""reason"": ""An equilateral triangle with perimeter 30 cm has side 10 cm and height 5√3 ≈ 8.660 cm, contradicting the given height of 10 cm. The conditions cannot hold simultaneously.""}
```",200,"ok","M-triangle-0-trap:deepseek:correct","2a2d5694554415de95a3e70cfbf31eb48b7d76bd6cfb66387a85ad159eabf002",602,82,0.01614,TRUE
"M-triangle-0-trap:minimax:r0:C5","M-triangle-0-trap","triangle","trap","minimax","deepseek",0,"C5","M-triangle-0-trap:minimax:0","correct",FALSE,"inconsistent","An equilateral triangle with perimeter 30 cm has side length 10 cm, giving height 10·√3/2 = 5√3 ≈ 8.660 cm, contradicting the stated height of 10 cm. Conditions are incompatible.",FALSE,"An equilateral triangle has perimeter 30 cm and height 10 cm. What is its area? If these conditions cannot hold simultaneously, say so.","{""conclusion"":""inconsistent"",""value"":null,""solutions"":[]}","Both my answer and the other assistant agree on the conclusion and the key mathematical claim: an equilateral triangle with perimeter 30 cm has side length 10 cm, and its height is 5√3 ≈ 8.660 cm, not 10 cm. This is correct and verifiable: the height of an equilateral triangle with side s is s·√3/2. For s=10, h=5√3≈8.660. The stated height of 10 cm contradicts this, so the conditions are inconsistent.

```json
{
  ""conclusion"": ""inconsistent"",
  ""value"": null,
  ""solutions"": [],
  ""reason"": ""An equilateral triangle with perimeter 30 cm has side length 10 cm, giving height 10·√3/2 = 5√3 ≈ 8.660 cm, contradicting the stated height of 10 cm. Conditions are incompatible.""
}
```",200,"ok","M-triangle-0-trap:deepseek:correct","2a2d5694554415de95a3e70cfbf31eb48b7d76bd6cfb66387a85ad159eabf002",658,190,0.02266,TRUE
